"ID de registro","Nombre","Apellidos","Actualizado por el ID de usuario","Actualmente en secuencia","Análisis detallado 1 de la fuente de tráfico más reciente","Análisis detallado 1 de la fuente de tráfico original","Análisis detallado 2 de la fuente de tráfico más reciente","Análisis detallado 2 de la fuente de tráfico original","ANTICIPO","Antigüedad","Antigüedad laboral","Base jurídica para procesar datos del contacto","Buyer persona","Calificación de HubSpot","Campaña de la última reserva en la herramienta de reuniones","Campaña que generó una conversión en la primera interacción","Campaña que generó una conversión en la última interacción","Campo de estudio","Cantidad de sesiones","Cargo","Centro educativo","Ciudad","Ciudad de la IP","Código de estado o región de la IP","Código de estado/región","Código de país de la IP","Código de país o región","Código postal","Códigos de idioma inferido","COLOR","Contacto de marketing hasta la siguiente actualización","Contacto sin gestionar","Conversión más reciente","Correo","Correo confirmado","Correo de miembro","Correo del trabajo","Correos de marketing abiertos","Correos de marketing con clic","Correos de marketing entregados","Correos de marketing rebotados","Correos de marketing respondidos","Correos electrónicos en cuarentena","Creado por el ID de usuario","Date entered ""Flujo de contactos - Agencia HoyMismo (Pipeline de etapa del ciclo de vida)""","Date exited ""Flujo de contactos - Agencia HoyMismo (Pipeline de etapa del ciclo de vida)""","Descripción de la primera interacción","Detalle de la fuente del registro 1","Detalle de la fuente del registro 2","Detalle de la fuente del registro 3","Días para el cierre","Dirección","Dirección de correo en cuarentena","Dirección de correo no válida","DOCUMENTOS DEL CLIENTE","Dominio al que se envió el correo de registro","Dominio de correo","El miembro ha accedido a contenido privado","Envíos desde la última interacción","Equipo de HubSpot","Estado","Estado civil","Estado de confirmación de correo de marketing","Estado del contacto de marketing","Estado del lead","Estado o región","Estado o región de la IP","ESTATUS ACTUAL","Etapa del ciclo de vida","Exclusión del enriquecimiento","Fecha de asignación al propietario","Fecha de cierre","Fecha de cierre del negocio más reciente","Fecha de cierre del primer pedido","Fecha de creación","Fecha de creación del primer negocio","Fecha de finalización de la última secuencia","Fecha de graduación","Fecha de inicio","FECHA DE INICIO DE TRÁMITE","Fecha de inscripción en la última secuencia","Fecha de la apertura más reciente de un correo de ventas","Fecha de la conversión más reciente","Fecha de la fuente de tráfico más reciente","Fecha de la primera apertura de un correo de marketing","Fecha de la primera conversión","Fecha de la primera interacción","Fecha de la primera respuesta a un correo de marketing","Fecha de la respuesta más reciente a un correo de ventas","Fecha de la siguiente actividad","Fecha de la última apertura de un correo de marketing","Fecha de la última interacción","Fecha de la última respuesta a un correo de marketing","Fecha de la última reunión reservada en la herramienta de reuniones","Fecha de lead abierto más reciente","Fecha de lead calificado más reciente","Fecha de lead descalificado más reciente","Fecha de nacimiento","Fecha de pedido cerrado reciente","Fecha de primer clic en un correo de marketing","Fecha de primera visualización","Fecha del clic más reciente en un correo de ventas","Fecha del primer envío de un correo de marketing","Fecha del último acceso al contenido privado de la gestión de miembros","Fecha del último clic en un correo de marketing","Fecha del último envío de un correo de marketing","Fecha en la que se envió el correo de registro","FOLIO","FOTOS","Fuente de la última reserva en la herramienta de reuniones","Fuente de tráfico más reciente","Fuente del registro","Fuente original de tráfico","Función laboral","Función laboral","Función laboral secundaria","Género","GESTOR","GESTOR HoyMismo","Hora de la primera sesión","ID de clic de Facebook","ID de clic en anuncio de Google","ID de contactos combinados","ID de la primera interacción","ID de primer pedido cerrado","Idioma preferido","Ingresos anuales","Ingresos de evento","Ingresos totales","Last Aircall call outcome","Last Aircall call timestamp","Last Aircall SMS direction","Last Aircall SMS timestamp","Last used Aircall phone number","Last used Aircall tags","LIQUIDACIÓN","MARCA","Marca horaria de la exclusión del enriquecimiento","Medio de la última reserva en herramienta de reuniones","Mensaje","Método de registro","Miembro registrado","MODELO","Motivo de la cuarentena automatizada de la dirección de correo","Motivo de la cuarentena de la dirección de correo","Motivo del rebote duro del correo","Nombre de la empresa","Nombre de la fuente del estado del contacto de marketing","Nombre de usuario de Twitter","Nombre del último correo de marketing","Notas sobre la pertenencia","Número de actividades de ventas","Número de envíos de formularios","Número de fax","Número de finalizaciones de eventos","Número de formularios únicos enviados","NUMERO DE GUÍA","Número de móvil","Número de negocios asociados","Número de secuencias inscritas","Número de teléfono","Número de teléfono de WhatsApp","Número de veces contactado","Número de visualizaciones de página","Número total de inscripciones del agente de prospección","OFICINA","Opted out of email: Marketing Information","Opted out of email: One to One","País de la IP","País/región","Primer sitio referente","Primera conversión","Primera página vista","Promedio de visualizaciones de página","Propietario del contacto","Rebote de correo electrónico enriquecido detectado (obsoleto)","Registrado a las","Rol de compra","Saludo","Se ha enriquecido","Sector","Señales de intención activas","Situación militar","Situación sentimental","Suscripción cancelada a todos los correos","Tamaño de la empresa","Tamaño de la plantilla","Tiempo de respuesta del lead (HH:mm:ss)","Tiempo inscrito en correos de seguimiento de registro","Tipo de la fuente del estado del contacto de marketing","Tipo de la primera interacción","TIPO DE PEDIMENTO","Título","Última actividad","Última inscripción del agente de prospección","Última modificación","Última página vista","Última secuencia inscrita","Última sesión","Última visualización","Último contacto","Último sitio de referencia","URL de LinkedIn","URL del sitio web","Valor del negocio más reciente","VIN","Zona horaria","Zona horaria de la IP","Direcciones de correo electrónico adicionales","Billing Contact IDs","Associated Survey response IDs","Associated Quote IDs","Lead with Primary Contact IDs","Associated Cart IDs","Associated Conversation IDs","Associated Revenue attribution IDs","Associated Sequence enrollment IDs","Associated Order IDs","Associated Conversation session IDs","Associated Communication IDs","Associated Call IDs","Associated Invoice IDs","Associated Ticket IDs","USHO-2600 IDs","Associated Task IDs","Associated Data Privacy Consent IDs","Associated Appointment IDs","Associated SMS message IDs","Associated Partner Client IDs","Associated Listing IDs","Associated Sales Activity IDs","Associated Payment Link IDs","Billing Contact IDs","Associated Form submission IDs","Associated Deal create attribution IDs","Associated Social profile IDs","Associated Contact IDs","Associated Customer success alert IDs","Associated Company IDs","Associated Meeting IDs","Associated Data Privacy Request IDs","Associated Email IDs","Associated Course IDs","Associated Lead IDs","Associated Postal Mail IDs","Links to Sales Task that is based on the Contact (hidden) IDs","Associated Campaign IDs","Associated Abandoned Cart IDs","Associated Service IDs","Associated Company IDs (Primary)","Associated Deal IDs","Associated Subscription IDs","Associated Contact create attribution IDs","Contact Signer IDs","Associated Note IDs","Associated Topic mention IDs","Associated Payment IDs","Associated File IDs"
"197577598319","Esteban","Lopez Hernandez","","","49095072.hs-sites.com/es-us/estatus-usho-2626","49095072.hs-sites.com/es-us/estatus-usho-2626","","","1500.0","","","Consentimiento libremente otorgado por contacto","","","","","","","1.0","","","OAXACA","tijuana","bcn","","mx","","","","BLANCO"," --","true","Trámite en tiempo real: Agencia Aduanal HoyMismo (REGISTRO)","shusterlopez@gmail.com","","","","","","2.0","","","","","2026-01-29 13:58","","","Agencia Aduanal HoyMismo (REGISTRO)","","","","OAXACA","","","","","gmail.com","0.0","2.0","","","","","Contacto de marketing","","","baja california","En Revisión","Flujo de contactos - Agencia HoyMismo","","","","","","2026-01-29 13:58","","","","","2026-01-29","","","2026-01-29 13:58","2026-01-29 13:58","","2026-01-29 13:58","","","","","","","","","","","","","","","2026-01-29 13:58","","2026-01-29 13:58","","","2026-01-29 13:58","","1241","https://api-na1.hubspot.com/form-integrations/v1/uploaded-files/signed-url-redirect/206323539633?portalId=49095072&sign=4IIeWfWeIH5woNhN2MRsqqG4hjY%3D&conversionId=6d371d08-1a33-411d-9227-1244a9f5b721&filename=6d371d08-1a33-411d-9227-1244a9f5b721-fotos-1241-c25260.pdf;https://api-na1.hubspot.com/form-integrations/v1/uploaded-files/signed-url-redirect/206322555042?portalId=49095072&sign=C4nmzvaPdi6WCnNwZvwXPz37Oeg%3D&conversionId=6d371d08-1a33-411d-9227-1244a9f5b721&filename=6d371d08-1a33-411d-9227-1244a9f5b721-fotos-Esteban+2017+RAM1500+-A1NP+-+TJ+-1241-62d40b.pdf;https://api-na1.hubspot.com/form-integrations/v1/uploaded-files/signed-url-redirect/206320375937?portalId=49095072&sign=VUMLr67u0EQu3TliyoEbfihneYE%3D&conversionId=6d371d08-1a33-411d-9227-1244a9f5b721&filename=6d371d08-1a33-411d-9227-1244a9f5b721-fotos-INE+ESTEBAN-57bda1.pdf;https://api-na1.hubspot.com/form-integrations/v1/uploaded-files/signed-url-redirect/206323783264?portalId=49095072&sign=Eg_i3ZmEnPajYDwOKa0CJ8q4Zj0%3D&conversionId=6d371d08-1a33-411d-9227-1244a9f5b721&filename=6d371d08-1a33-411d-9227-1244a9f5b721-fotos-RAM-550d7b.pdf;https://api-na1.hubspot.com/form-integrations/v1/uploaded-files/signed-url-redirect/206320235448?portalId=49095072&sign=HgSj_Zc-gkwF0WqZPGCIFP4B01c%3D&conversionId=6d371d08-1a33-411d-9227-1244a9f5b721&filename=6d371d08-1a33-411d-9227-1244a9f5b721-fotos-WhatsApp+Image+2026-01-26+at+1.02.47+PM-79ca60.jpeg;https://api-na1.hubspot.com/form-integrations/v1/uploaded-files/signed-url-redirect/206323441935?portalId=49095072&sign=H1Tgh8f0UX4GD_TWiFrvhVNkn4Q%3D&conversionId=6d371d08-1a33-411d-9227-1244a9f5b721&filename=6d371d08-1a33-411d-9227-1244a9f5b721-fotos-WhatsApp+Image+2026-01-26+at+12.38.26+PM+(1)-ff7883.jpeg;https://api-na1.hubspot.com/form-integrations/v1/uploaded-files/signed-url-redirect/206320197757?portalId=49095072&sign=cLfVd0reN0PHrOUGK6wr8qX-5Ms%3D&conversionId=6d371d08-1a33-411d-9227-1244a9f5b721&filename=6d371d08-1a33-411d-9227-1244a9f5b721-fotos-WhatsApp+Image+2026-01-26+at+12.38.26+PM+(2)-de3e48.jpeg;https://api-na1.hubspot.com/form-integrations/v1/uploaded-files/signed-url-redirect/206323748684?portalId=49095072&sign=LyEZHVNMTqoX2rXWTesIsLPMmsc%3D&conversionId=6d371d08-1a33-411d-9227-1244a9f5b721&filename=6d371d08-1a33-411d-9227-1244a9f5b721-fotos-WhatsApp+Image+2026-01-26+at+12.38.26+PM-e2b33c.jpeg;https://api-na1.hubspot.com/form-integrations/v1/uploaded-files/signed-url-redirect/206323441936?portalId=49095072&sign=p0o6UTChsdgawYcZ0JfMEuIhMYo%3D&conversionId=6d371d08-1a33-411d-9227-1244a9f5b721&filename=6d371d08-1a33-411d-9227-1244a9f5b721-fotos-WhatsApp+Image+2026-01-26+at+12.38.27+PM-30ac0e.jpeg;https://api-na1.hubspot.com/form-integrations/v1/uploaded-files/signed-url-redirect/206320436258?portalId=49095072&sign=80WCcTEImxqU1Ft0p5NINGP3rg0%3D&conversionId=6d371d08-1a33-411d-9227-1244a9f5b721&filename=6d371d08-1a33-411d-9227-1244a9f5b721-fotos-WhatsApp+Image+2026-01-29+at+11.34.38+AM+(1)-becffb.jpeg;https://api-na1.hubspot.com/form-integrations/v1/uploaded-files/signed-url-redirect/206320436257?portalId=49095072&sign=MnTEBKaAXdkhxioX04UbJErGdbg%3D&conversionId=6d371d08-1a33-411d-9227-1244a9f5b721&filename=6d371d08-1a33-411d-9227-1244a9f5b721-fotos-WhatsApp+Image+2026-01-29+at+11.34.38+AM-fb68e6.jpeg;https://api-na1.hubspot.com/form-integrations/v1/uploaded-files/signed-url-redirect/206322555040?portalId=49095072&sign=4_NcY4u8BdrOCp9YmffhHwKgqTI%3D&conversionId=6d371d08-1a33-411d-9227-1244a9f5b721&filename=6d371d08-1a33-411d-9227-1244a9f5b721-fotos-recibo_cfe+(5)-cc8568.pdf","","Tráfico directo","Formularios","Tráfico directo","","","","","CINTHIA-TIJ","","2026-01-29 13:58","","","","","","","","0.0","","","","","","","","700.0","DODGE","","","","","0.0","RAM 1500","","","","","88579ec3-c1a4-4de4-b82d-e460d38cc3cb","","Registro - HoyMismo","","0.0","1.0","","0.0","1.0","","","",""," +527716230128"," +527716230128","","0.0","0.0","","","","mexico","","","Trámite en tiempo real: Agencia Aduanal HoyMismo (REGISTRO)","https://49095072.hs-sites.com/es-us/estatus-usho-2626","0.0","","","","","","","","","","","","","","","","Envío de formulario","","A1 - Importación definitiva","","","","2026-01-29 21:51","https://49095072.hs-sites.com/es-us/estatus-usho-2626","","2026-01-29 13:58","2026-01-29 13:58","","","","","","1C6RR7LT1HS690473","UTC -07:00 América Tijuana","america_slash_tijuana","","","","","","","525472058153","","","","","","","","40565049426","","","","","","","","","","","47241182554","","","","","","","","","","","","","","","","","","","","","","","",""
"135717437758","Ramon","Martinez","","","49095072.hs-sites.com/es-us/estatus-usho-2626","49095072.hs-sites.com/es-us/estatus-usho-2626","","","350.0","","","Consentimiento libremente otorgado por contacto","","","","","","","14.0","","","Hermosillo Sonora","san nicolas de los garza","nle","","mx","","83377","","ROJO"," --","true","Trámite en tiempo real: Agencia Aduanal HoyMismo (REGISTRO)","ramon.mz97@gmail.com","","","","","","","2.0","","","","2026-01-29 13:17","","","Agencia Aduanal HoyMismo (REGISTRO)","","","","Pesqueira","","","https://api-na1.hubspot.com/form-integrations/v1/uploaded-files/signed-url-redirect/206318337622?portalId=49095072&sign=zT_5zYiWk7CX55og8--fo66M4Dc%3D&conversionId=838bb95b-e981-447b-8711-64290634ebdb&filename=838bb95b-e981-447b-8711-64290634ebdb-documentos_del_cliente-WhatsApp+Image+2026-01-29+at+1.12.22+PM+(1)-2edc94.jpeg;https://api-na1.hubspot.com/form-integrations/v1/uploaded-files/signed-url-redirect/206319706714?portalId=49095072&sign=7zOQ2R5N-ftnDUSKez2n38pH8lQ%3D&conversionId=838bb95b-e981-447b-8711-64290634ebdb&filename=838bb95b-e981-447b-8711-64290634ebdb-documentos_del_cliente-WhatsApp+Image+2026-01-29+at+1.12.22+PM+(2)-241493.jpeg;https://api-na1.hubspot.com/form-integrations/v1/uploaded-files/signed-url-redirect/206318337623?portalId=49095072&sign=-WIqzXsImNmRNDyEODp-WmxRqjg%3D&conversionId=838bb95b-e981-447b-8711-64290634ebdb&filename=838bb95b-e981-447b-8711-64290634ebdb-documentos_del_cliente-WhatsApp+Image+2026-01-29+at+1.12.22+PM-57e4a5.jpeg;https://api-na1.hubspot.com/form-integrations/v1/uploaded-files/signed-url-redirect/206318190157?portalId=49095072&sign=E5jDdxJ1cHdsztXoscH2x7qJy9E%3D&conversionId=838bb95b-e981-447b-8711-64290634ebdb&filename=838bb95b-e981-447b-8711-64290634ebdb-documentos_del_cliente-WhatsApp+Image+2026-01-29+at+1.12.23+PM+(1)-cbbbd7.jpeg;https://api-na1.hubspot.com/form-integrations/v1/uploaded-files/signed-url-redirect/206318486103?portalId=49095072&sign=azzUT7Tai21ZUNbPSookF61o-38%3D&conversionId=838bb95b-e981-447b-8711-64290634ebdb&filename=838bb95b-e981-447b-8711-64290634ebdb-documentos_del_cliente-WhatsApp+Image+2026-01-29+at+1.12.23+PM-6d92f9.jpeg","","gmail.com","0.0","2.0","","","","","Contacto de marketing","","","nuevo leon","En Revisión","Flujo de contactos - Agencia HoyMismo","","","","","","2026-01-29 13:17","","","","","2026-01-28","","","2026-01-29 13:17","2026-01-31 11:06","","2026-01-29 13:17","","","","","","","","","","","","","","","2025-07-07 18:34","","","","","","","3232","https://api-na1.hubspot.com/form-integrations/v1/uploaded-files/signed-url-redirect/206322766663?portalId=49095072&sign=w3XLzZKx2nZdvR4L1LUerbklCnw%3D&conversionId=838bb95b-e981-447b-8711-64290634ebdb&filename=838bb95b-e981-447b-8711-64290634ebdb-fotos-WhatsApp+Image+2026-01-29+at+1.10.18+PM+(1)-7c2187.jpeg;https://api-na1.hubspot.com/form-integrations/v1/uploaded-files/signed-url-redirect/206322546987?portalId=49095072&sign=U4OsMO3Cf8A62lpKG5YoVcxzt5U%3D&conversionId=838bb95b-e981-447b-8711-64290634ebdb&filename=838bb95b-e981-447b-8711-64290634ebdb-fotos-WhatsApp+Image+2026-01-29+at+1.10.18+PM+(2)-b5da30.jpeg;https://api-na1.hubspot.com/form-integrations/v1/uploaded-files/signed-url-redirect/206322740381?portalId=49095072&sign=XlH9VLU9uWdAv0FVjTHJsNVwWbc%3D&conversionId=838bb95b-e981-447b-8711-64290634ebdb&filename=838bb95b-e981-447b-8711-64290634ebdb-fotos-WhatsApp+Image+2026-01-29+at+1.10.18+PM-a84fb3.jpeg;https://api-na1.hubspot.com/form-integrations/v1/uploaded-files/signed-url-redirect/206319530116?portalId=49095072&sign=uou8Iwoh61jamBovP3OEMMtqDQA%3D&conversionId=838bb95b-e981-447b-8711-64290634ebdb&filename=838bb95b-e981-447b-8711-64290634ebdb-fotos-WhatsApp+Image+2026-01-29+at+1.10.19+PM+(1)-cfe1a7.jpeg;https://api-na1.hubspot.com/form-integrations/v1/uploaded-files/signed-url-redirect/206319530115?portalId=49095072&sign=ZimBN_37TE7kp2E_sHT1wK1PXkA%3D&conversionId=838bb95b-e981-447b-8711-64290634ebdb&filename=838bb95b-e981-447b-8711-64290634ebdb-fotos-WhatsApp+Image+2026-01-29+at+1.10.19+PM+(2)-7ea9ca.jpeg;https://api-na1.hubspot.com/form-integrations/v1/uploaded-files/signed-url-redirect/206319706713?portalId=49095072&sign=58MUfl09ymx6Q3pvnjMk4xA44tg%3D&conversionId=838bb95b-e981-447b-8711-64290634ebdb&filename=838bb95b-e981-447b-8711-64290634ebdb-fotos-WhatsApp+Image+2026-01-29+at+1.10.19+PM+(3)-15ef9f.jpeg;https://api-na1.hubspot.com/form-integrations/v1/uploaded-files/signed-url-redirect/206322546986?portalId=49095072&sign=yxnF4j4Znxt03zspMLqnKQyJt2s%3D&conversionId=838bb95b-e981-447b-8711-64290634ebdb&filename=838bb95b-e981-447b-8711-64290634ebdb-fotos-WhatsApp+Image+2026-01-29+at+1.10.19+PM-d8aa1d.jpeg","","Tráfico directo","Formularios","Tráfico directo","","","","","VICTORIA-NOG","","2025-07-07 18:34","","","","","","","","0.0","","","","","","","","350.0","DODGE","","","","","0.0","CHARGER","","","Usuario desconocido","","88579ec3-c1a4-4de4-b82d-e460d38cc3cb","","Registro - HoyMismo","","0.0","1.0","","0.0","1.0","","","",""," +19193944924"," +19193944924","","19.0","0.0","","","","mexico","","","Trámite en tiempo real: Agencia Aduanal HoyMismo (REGISTRO)","https://49095072.hs-sites.com/es-us/estatus-usho-2626","1.0","","","","","","","","","","","","","","","","Envío de formulario","","A1 - Importación definitiva","","","","2026-01-31 11:22","https://49095072.hs-sites.com/es-us/estatus-usho-2626","","2026-01-31 11:06","2026-01-31 11:06","","","","","","2C3CDXCT4FH896926","UTC -05:00 América Monterrey","america_slash_monterrey","","","","","","","525488478213","","","","","","","","40563964086","","","","","","","","","","","47245781308","","","","","","","","","","","","","","","","","","","","","","","",""
"197254401540","","","","","Unknown keywords (SSL)","Unknown keywords (SSL)","YAHOO","YAHOO","","","","","","","","","","","1.0","","","","los angeles","ca","","us","","","",""," --","true","Contacto - Agencia Aduanal Especializada en Importación | AGENCIA ADUANAL IMPORTACION DE MERCANCIA Y MAQUINARIA"": .form__control","felipegarcia61111@gmail.com","","","","","","","","","","","2026-01-28 12:50","","",".form__control","","","","","","","","","gmail.com","0.0","","","","","","Contacto de marketing","","","california","","Flujo de contactos - Agencia HoyMismo","","","","","","2026-01-28 12:50","","","","","","","","2026-01-28 12:50","2026-01-28 12:48","","2026-01-28 12:50","","","","","","","","","","","","","","","2026-01-28 12:48","","","","","","","","","","Búsqueda orgánica","Formularios","Búsqueda orgánica","","","","","","","2026-01-28 12:48","","","","","","","","0.0","","","","","","","","","","","","","","0.0","","","","","","6e1f6b45-05a8-42d4-8eb2-06d671a95b84","","","","0.0","1.0","","0.0","1.0","","","","","","","","1.0","0.0","","","","united states","","https://search.yahoo.com/","Contacto - Agencia Aduanal Especializada en Importación | AGENCIA ADUANAL IMPORTACION DE MERCANCIA Y MAQUINARIA"": .form__control","https://agenciaaduanalhoymismo.com/contacto","1.0","","","","","","","","","","","","","","","","Envío de formulario","","","","","","2026-01-28 20:03","https://agenciaaduanalhoymismo.com/contacto","","2026-01-28 12:48","2026-01-28 12:48","","https://search.yahoo.com/","","","","","UTC -07:00 América Los Ángeles","america_slash_los_angeles","","","","","","","","","","","","","","","","","","","","","","","","","","46997546130","","","","","","","","","","","","","","","","","","","","","","","",""
"195817959067","Felipe","Serna","","","49095072.hs-sites.com/es-us/estatus-usho-2626","49095072.hs-sites.com/es-us/estatus-usho-2626","","","1500.0","","","Consentimiento libremente otorgado por contacto","","","","","","","1.0","","","calvillo","tijuana","bcn","","mx","","20850","","AZUL METALICO"," --","true","Trámite en tiempo real: Agencia Aduanal HoyMismo (REGISTRO)","sernarigo1974@gmail.com","","","","2.0","","2.0","","","","","2026-01-24 12:50","","","Agencia Aduanal HoyMismo (REGISTRO)","","","","Allende 102","","","","","gmail.com","0.0","0.0","","","","","Contacto de marketing","","","baja california","En Revisión","Flujo de contactos - Agencia HoyMismo","","","","","","2026-01-24 12:50","","","","","2026-01-23","","","2026-01-24 12:50","2026-01-24 12:50","2026-01-24 17:56","2026-01-24 12:50","","","","","2026-01-25 17:42","","","","","","","","","","2026-01-24 12:50","","2026-01-24 12:50","","","2026-01-24 12:50","","1240","https://api-na1.hubspot.com/form-integrations/v1/uploaded-files/signed-url-redirect/205829319544?portalId=49095072&sign=6QRHGUx9Ty4Ql_LI6qwSOu3_g7A%3D&conversionId=608c630b-7ed0-4b16-b043-5b40d55f8090&filename=608c630b-7ed0-4b16-b043-5b40d55f8090-fotos-WhatsApp+Image+2026-01-16+at+6.28.58+PM-41aeb8.jpeg;https://api-na1.hubspot.com/form-integrations/v1/uploaded-files/signed-url-redirect/205829269311?portalId=49095072&sign=RIha2dnZWYvUmDcISNAzQRfxsOg%3D&conversionId=608c630b-7ed0-4b16-b043-5b40d55f8090&filename=608c630b-7ed0-4b16-b043-5b40d55f8090-fotos-WhatsApp+Image+2026-01-19+at+12.26.44+PM-66f313.jpeg;https://api-na1.hubspot.com/form-integrations/v1/uploaded-files/signed-url-redirect/205823578794?portalId=49095072&sign=5kNZ1jRemkgNLd92p5bfqnEejJA%3D&conversionId=608c630b-7ed0-4b16-b043-5b40d55f8090&filename=608c630b-7ed0-4b16-b043-5b40d55f8090-fotos-WhatsApp+Image+2026-01-19+at+12.26.45+PM-040f22.jpeg;https://api-na1.hubspot.com/form-integrations/v1/uploaded-files/signed-url-redirect/205823578796?portalId=49095072&sign=sIr-6Qji4wGGSI592K2nuS3ELlI%3D&conversionId=608c630b-7ed0-4b16-b043-5b40d55f8090&filename=608c630b-7ed0-4b16-b043-5b40d55f8090-fotos-WhatsApp+Image+2026-01-19+at+4.01.34+PM-64a466.jpeg;https://api-na1.hubspot.com/form-integrations/v1/uploaded-files/signed-url-redirect/205829311621?portalId=49095072&sign=QDHV_6u4GE1mpw45Kqhf4wcsNK4%3D&conversionId=608c630b-7ed0-4b16-b043-5b40d55f8090&filename=608c630b-7ed0-4b16-b043-5b40d55f8090-fotos-WhatsApp+Image+2026-01-21+at+10.41.30+AM-4dfdc4.jpeg;https://api-na1.hubspot.com/form-integrations/v1/uploaded-files/signed-url-redirect/205829269310?portalId=49095072&sign=StbEsv1VdkkocMdi01L8g8Lp5Es%3D&conversionId=608c630b-7ed0-4b16-b043-5b40d55f8090&filename=608c630b-7ed0-4b16-b043-5b40d55f8090-fotos-WhatsApp+Image+2026-01-21+at+10.41.31+AM-6c7e14.jpeg;https://api-na1.hubspot.com/form-integrations/v1/uploaded-files/signed-url-redirect/205823578795?portalId=49095072&sign=b2qkxSE2r6hdEolLvZV5XoIvDlQ%3D&conversionId=608c630b-7ed0-4b16-b043-5b40d55f8090&filename=608c630b-7ed0-4b16-b043-5b40d55f8090-fotos-WhatsApp+Image+2026-01-22+at+9.49.39+AM-5e820d.jpeg;https://api-na1.hubspot.com/form-integrations/v1/uploaded-files/signed-url-redirect/205823419317?portalId=49095072&sign=DrM0U2a34aVkX1rV2AKzNrTAM1E%3D&conversionId=608c630b-7ed0-4b16-b043-5b40d55f8090&filename=608c630b-7ed0-4b16-b043-5b40d55f8090-fotos-WhatsApp+Image+2026-01-23+at+7.43.28+AM-ddb1aa.jpeg","","Tráfico directo","Formularios","Tráfico directo","","","","","CINTHIA-TIJ","","2026-01-24 12:50","","","","","","","","0.0","","","","","","","","950.0","TOYOTA","","","","","0.0","RAV4","","","","","88579ec3-c1a4-4de4-b82d-e460d38cc3cb","","Registro - HoyMismo","","0.0","1.0","","0.0","1.0","","","",""," +524951047156"," +524951047156","","0.0","0.0","","","","mexico","","","Trámite en tiempo real: Agencia Aduanal HoyMismo (REGISTRO)","https://49095072.hs-sites.com/es-us/estatus-usho-2626","0.0","","","","","","","","","","","","","","","","Envío de formulario","","A1 - Importación definitiva","","","","2026-01-25 17:43","https://49095072.hs-sites.com/es-us/estatus-usho-2626","","2026-01-24 12:50","2026-01-24 12:50","","","","","","2T3ZFREV0FW164450","UTC -07:00 América Tijuana","america_slash_tijuana","","","","","","","523608713769","","","","","","","","39936183046","","","","","","","","","","","46715147952","","","","","","","","","","","","","","","","","","","","","","","",""
"193976079472","Rodrigo","Bracamontes Jimenez","","","49095072.hs-sites.com/es-us/estatus-usho-2626","49095072.hs-sites.com/es-us/estatus-usho-2626","","","24000.0","","","Consentimiento libremente otorgado por contacto","","","","","","","1.0","","","PUEBLA","apodaca","nle","","mx","","72480","","VINO"," --","true","Trámite en tiempo real: Agencia Aduanal HoyMismo (REGISTRO)","royrod67@hotmail.com","","","","","","2.0","","","","","2026-01-17 10:20","","","Agencia Aduanal HoyMismo (REGISTRO)","","","","PV BAMBU 9532, PTE FRACC RINCON D LOS, RONCONADA DE LOS ARCOS","","","","","hotmail.com","0.0","2.0","","","","","Contacto de marketing","","","nuevo leon","En Revisión","Flujo de contactos - Agencia HoyMismo","","","","","","2026-01-17 10:20","","","","","2026-01-17","","","2026-01-17 10:20","2026-01-17 10:20","","2026-01-17 10:20","","","","","","","","","","","","","","","2026-01-17 10:20","","2026-01-17 10:20","","","2026-01-17 10:20","","6100","https://api-na1.hubspot.com/form-integrations/v1/uploaded-files/signed-url-redirect/205284707920?portalId=49095072&sign=Fuuvqv0FWhxDHglr_DQ-ZHwb7js%3D&conversionId=cb957551-f7ee-4ba1-9481-bd2b5e535074&filename=cb957551-f7ee-4ba1-9481-bd2b5e535074-fotos-7be764c4-99db-471c-bc7a-fdab06c2964a-0cdf00.jpg","","Tráfico directo","Formularios","Tráfico directo","","","","","CECY-MTY","","2026-01-17 10:20","","","","","","","","0.0","","","","","","","","2650.0","FORD MUSTANG","","","","","0.0","2018","","","","","88579ec3-c1a4-4de4-b82d-e460d38cc3cb","","Registro - HoyMismo","","0.0","1.0","","0.0","1.0","","","",""," +522229051222"," +522229051222","","0.0","0.0","","","","mexico","","","Trámite en tiempo real: Agencia Aduanal HoyMismo (REGISTRO)","https://49095072.hs-sites.com/es-us/estatus-usho-2626","0.0","","","","","","","","","","","","","","","","Envío de formulario","","A1 - Importación definitiva","","","","2026-01-17 17:35","https://49095072.hs-sites.com/es-us/estatus-usho-2626","","2026-01-17 10:20","2026-01-17 10:20","","","","","","1FA6P8TH5J5184027","UTC -05:00 América Monterrey","america_slash_monterrey","","","","","","","521481095851","","","","","","","","39568026743","","","","","","","","","","","46349210151","","","","","","","","","","","","","","","","","","","","","","","",""
"193148201539","","","","","Facebook","Facebook","","","","","","","","","","","","","1.0","","","","culiacan","sin","","mx","","","",""," --","true","Contacto - Agencia Aduanal Especializada en Importación | AGENCIA ADUANAL IMPORTACION DE MERCANCIA Y MAQUINARIA"": .form__control","johanamaldonado577@gmail.com","","","","","","","","","","","2026-01-14 12:50","","",".form__control","","","","","","","","","gmail.com","0.0","","","","","","Contacto de marketing","","","sinaloa","","Flujo de contactos - Agencia HoyMismo","","","","","","2026-01-14 12:50","","","","","","","","2026-01-14 12:50","2026-01-14 12:49","","2026-01-14 12:50","","","","","","","","","","","","","","","2026-01-14 12:49","","","","","","","","","","Tráfico orgánico de redes sociales","Formularios","Tráfico orgánico de redes sociales","","","","","","","2026-01-14 12:49","","","","","","","","0.0","","","","","","","","","","","","","","0.0","","","","","","6e1f6b45-05a8-42d4-8eb2-06d671a95b84","","","","0.0","1.0","","0.0","1.0","","","","","","","","2.0","0.0","","","","mexico","","http://m.facebook.com/","Contacto - Agencia Aduanal Especializada en Importación | AGENCIA ADUANAL IMPORTACION DE MERCANCIA Y MAQUINARIA"": .form__control","https://agenciaaduanalhoymismo.com/","2.0","","","","","","","","","","","","","","","","Envío de formulario","","","","","","2026-01-14 21:33","https://agenciaaduanalhoymismo.com/contacto","","2026-01-14 12:49","2026-01-14 12:49","","https://agenciaaduanalhoymismo.com/","","","","","UTC -06:00 América Mazatlán","america_slash_mazatlan","","","","","","","","","","","","","","","","","","","","","","","","","","46178583440","","","","","","","","","","","","","","","","","","","","","","","",""
"192393015357","","","","","Unknown keywords (SSL)","Unknown keywords (SSL)","GOOGLE","GOOGLE","","","","","","","","","","","3.0","","","","mayfield heights","oh","","us","","","",""," --","true","Contacto - Agencia Aduanal Especializada en Importación | AGENCIA ADUANAL IMPORTACION DE MERCANCIA Y MAQUINARIA"": .form__control","bernardoc7@yahoo.com","","","","","","","","","","","2026-01-12 13:17","","",".form__control","","","","","","","","","yahoo.com","0.0","","","","","","Contacto de marketing","","","ohio","","Flujo de contactos - Agencia HoyMismo","","","","","","2026-01-12 13:17","","","","","","","","2026-01-19 19:53","2026-01-19 19:51","","2026-01-12 13:17","","","","","","","","","","","","","","","2026-01-12 13:17","","","","","","","","","","Búsqueda orgánica","Formularios","Búsqueda orgánica","","","","","","","2026-01-12 13:17","","","","","","","","0.0","","","","","","","","","","","","","","0.0","","","","","","6e1f6b45-05a8-42d4-8eb2-06d671a95b84","","","","0.0","3.0","","0.0","1.0","","","","","","","","4.0","0.0","","","","united states","","https://www.google.com/","Contacto - Agencia Aduanal Especializada en Importación | AGENCIA ADUANAL IMPORTACION DE MERCANCIA Y MAQUINARIA"": .form__control","https://agenciaaduanalhoymismo.com/contacto","1.0","","","","","","","","","","","","","","","","Envío de formulario","","","","","","2026-01-19 20:08","https://agenciaaduanalhoymismo.com/contacto","","2026-01-19 19:51","2026-01-19 19:51","","https://www.google.com/","","","","","UTC -04:00 América Nueva York","america_slash_new_york","","","","","","","","","","","","","","","","","","","","","","","","","","45934799396;46079432354;46480824687","","","","","","","","","","","","","","","","","","","","","","","",""
"192369772206","Ramon","Martinez","","","agenciaaduanalhoymismo.com/tracking","agenciaaduanalhoymismo.com/","","","350.0","","","Consentimiento libremente otorgado por contacto","","","","","","","8.0","","","Hermosillo Sonora","san nicolas de los garza","nle","","mx","","83377","","ROJO"," --","true","Trámite en tiempo real: Agencia Aduanal HoyMismo (REGISTRO)","ramon.mz97.com@gmail.com","","","","","","2.0","","","","","2026-01-12 13:07","","",".form__control","","","","Pesqueira","","","","","gmail.com","0.0","2.0","","","","","Contacto de marketing","","","nuevo leon","En Revisión","Flujo de contactos - Agencia HoyMismo","","","","","","2026-01-12 13:07","","","","","2026-01-28","","","2026-01-29 13:23","2026-01-31 09:56","","2026-01-12 13:07","","","","","","","","","","","","","","","2026-01-12 13:03","","2026-01-29 13:23","","","2026-01-29 13:23","","3233","https://api-na1.hubspot.com/form-integrations/v1/uploaded-files/signed-url-redirect/206322869135?portalId=49095072&sign=09clmRhOZnl914fDkAzLxC231aU%3D&conversionId=b2611ace-2b57-46da-a49a-eee270df3a3c&filename=b2611ace-2b57-46da-a49a-eee270df3a3c-fotos-WhatsApp+Image+2026-01-29+at+1.10.18+PM+(1)-8b088c.jpeg;https://api-na1.hubspot.com/form-integrations/v1/uploaded-files/signed-url-redirect/206322869136?portalId=49095072&sign=jVL9DBlxzSMNH9cCP3glk7ONgCk%3D&conversionId=b2611ace-2b57-46da-a49a-eee270df3a3c&filename=b2611ace-2b57-46da-a49a-eee270df3a3c-fotos-WhatsApp+Image+2026-01-29+at+1.10.18+PM+(2)-98c70d.jpeg;https://api-na1.hubspot.com/form-integrations/v1/uploaded-files/signed-url-redirect/206319682698?portalId=49095072&sign=fzfINXeRK2iZeGkqFPDzZvl2eyw%3D&conversionId=b2611ace-2b57-46da-a49a-eee270df3a3c&filename=b2611ace-2b57-46da-a49a-eee270df3a3c-fotos-WhatsApp+Image+2026-01-29+at+1.10.18+PM-083309.jpeg;https://api-na1.hubspot.com/form-integrations/v1/uploaded-files/signed-url-redirect/206322869134?portalId=49095072&sign=61rEbNvjH3pcEBKHb9QYeV5StVw%3D&conversionId=b2611ace-2b57-46da-a49a-eee270df3a3c&filename=b2611ace-2b57-46da-a49a-eee270df3a3c-fotos-WhatsApp+Image+2026-01-29+at+1.10.19+PM+(1)-b00b6b.jpeg;https://api-na1.hubspot.com/form-integrations/v1/uploaded-files/signed-url-redirect/206319746156?portalId=49095072&sign=q1Cx8bInpqlLQs9dMtYOg2mDx2o%3D&conversionId=b2611ace-2b57-46da-a49a-eee270df3a3c&filename=b2611ace-2b57-46da-a49a-eee270df3a3c-fotos-WhatsApp+Image+2026-01-29+at+1.10.19+PM-4c0d30.jpeg","","Tráfico directo","Formularios","Tráfico directo","","","","","VICTORIA-NOG","","2026-01-12 13:03","","","","","","","","0.0","","","","","","","","350.0","DODGE","","","","","0.0","CHARGER","","","","","88579ec3-c1a4-4de4-b82d-e460d38cc3cb","","Registro - HoyMismo","","0.0","2.0","","0.0","2.0","","","",""," +19193944924"," +19193944924","","39.0","0.0","","","","mexico","","","Contacto - Agencia Aduanal Especializada en Importación | AGENCIA ADUANAL IMPORTACION DE MERCANCIA Y MAQUINARIA"": .form__control","https://agenciaaduanalhoymismo.com/","4.0","","","","","","","","","","","","","","","","Envío de formulario","","A1 - Importación definitiva","","","","2026-01-31 10:11","https://agenciaaduanalhoymismo.com/tracking","","2026-01-31 09:56","2026-01-31 09:56","","https://agenciaaduanalhoymismo.com/","","","","2C3CDXCT4FH896926","UTC -05:00 América Monterrey","america_slash_monterrey","","","","","","","525463540828","","","","","","","","40558736502","","","","","","","","","","","45984149396;47248104309","","","","","","","","","","","","","","","","","","","","","","","",""
"189882850311","","","","","Unknown keywords (SSL)","Unknown keywords (SSL)","GOOGLE","GOOGLE","","","","","","","","","","","4.0","","","","brooklyn","ny","","us","","","",""," --","true","Contacto - Agencia Aduanal Especializada en Importación | AGENCIA ADUANAL IMPORTACION DE MERCANCIA Y MAQUINARIA"": .form__control","jaapolinar@yahoo.com","","","","","","","","","","","2026-01-02 10:47","","",".form__control","","","","","","","","","yahoo.com","0.0","","","","","","Contacto de marketing","","","new york","","Flujo de contactos - Agencia HoyMismo","","","","","","2026-01-02 10:47","","","","","","","","2026-01-03 15:14","2026-01-03 17:41","","2026-01-02 10:47","","","","","","","","","","","","","","","2026-01-02 10:44","","","","","","","","","","Búsqueda orgánica","Formularios","Búsqueda orgánica","","","","","","","2026-01-02 10:44","","","","","","","","0.0","","","","","","","","","","","","","","0.0","","","","","","6e1f6b45-05a8-42d4-8eb2-06d671a95b84","","","","0.0","2.0","","0.0","1.0","","","","","","","","4.0","0.0","","","","united states","","https://www.google.com/","Contacto - Agencia Aduanal Especializada en Importación | AGENCIA ADUANAL IMPORTACION DE MERCANCIA Y MAQUINARIA"": .form__control","https://agenciaaduanalhoymismo.com/contacto","1.0","","","","","","","","","","","","","","","","Envío de formulario","","","","","","2026-01-03 17:56","https://agenciaaduanalhoymismo.com/contacto","","2026-01-03 17:41","2026-01-03 17:41","","https://www.google.com/","","","","","UTC -04:00 América Nueva York","america_slash_new_york","","","","","","","","","","","","","","","","","","","","","","","","","","45264694828;45314407758","","","","","","","","","","","","","","","","","","","","","","","",""
"185698770810","","","","","Unknown keywords (SSL)","Unknown keywords (SSL)","GOOGLE","GOOGLE","","","","","","","","","","","1.0","","","","baytown","tx","","us","","","",""," --","true","Contacto - Agencia Aduanal Especializada en Importación | AGENCIA ADUANAL IMPORTACION DE MERCANCIA Y MAQUINARIA"": .form__control","info@texasstrongmechanical.com","","","","","","","","","","","2025-12-17 09:57","","",".form__control","","","","","","","","","texasstrongmechanical.com","0.0","","","","","","Contacto de marketing","","","texas","","Flujo de contactos - Agencia HoyMismo","","","","","","2025-12-17 09:57","","","","","","","","2025-12-17 10:01","2025-12-17 09:57","","2025-12-17 09:57","","","","","","","","","","","","","","","2025-12-17 09:57","","","","","","","","","","Búsqueda orgánica","Formularios","Búsqueda orgánica","","","","","","","2025-12-17 09:57","","","","","","","","0.0","","","","","","","","","","","","","","0.0","","","","","","6e1f6b45-05a8-42d4-8eb2-06d671a95b84","","","","0.0","2.0","","0.0","1.0","","","","","","","0.0","4.0","0.0","","","","united states","","https://www.google.com/","Contacto - Agencia Aduanal Especializada en Importación | AGENCIA ADUANAL IMPORTACION DE MERCANCIA Y MAQUINARIA"": .form__control","https://agenciaaduanalhoymismo.com/contacto","4.0","","","","","","","","","","","","","","","","Envío de formulario","","","","","","2025-12-17 18:08","https://agenciaaduanalhoymismo.com/contacto","","2025-12-17 09:57","2025-12-17 10:22","","https://www.google.com/","","","","","UTC -05:00 América Chicago","america_slash_chicago","","","","","","","","","","","","","","","","","","","","","","","","","","44486037636;44525456203","","","","","47340610210","","","","","","","","","","","47340610210","","","","","","","",""
"184902334577","","","","","agenciaaduanalhoymismo.com/","agenciaaduanalhoymismo.com/","","","","","","","","","","","","","1.0","","","","pachuca","hid","","mx","","","",""," --","true","Contacto - Agencia Aduanal Especializada en Importación | AGENCIA ADUANAL IMPORTACION DE MERCANCIA Y MAQUINARIA"": .form__control","ramper999@gmail.com","","","","","","","","","","","2025-12-14 08:28","","",".form__control","","","","","","","","","gmail.com","0.0","","","","","","Contacto de marketing","","","hidalgo","","Flujo de contactos - Agencia HoyMismo","","","","","","2025-12-14 08:28","","","","","","","","2025-12-14 08:28","2025-12-14 08:25","","2025-12-14 08:28","","","","","","","","","","","","","","","2025-12-14 08:25","","","","","","","","","","Tráfico directo","Formularios","Tráfico directo","","","","","","","2025-12-14 08:25","","","","","","","","0.0","","","","","","","","","","","","","","0.0","","","","","","6e1f6b45-05a8-42d4-8eb2-06d671a95b84","","","","0.0","1.0","","0.0","1.0","","","","","","","0.0","3.0","0.0","","","","mexico","","https://www.agenciaaduanalhoymismo.com/","Contacto - Agencia Aduanal Especializada en Importación | AGENCIA ADUANAL IMPORTACION DE MERCANCIA Y MAQUINARIA"": .form__control","https://agenciaaduanalhoymismo.com/","3.0","","","","","","","","","","","","","","","","Envío de formulario","","","","","","2025-12-14 15:49","https://agenciaaduanalhoymismo.com/","","2025-12-14 08:25","2025-12-14 08:28","","https://www.agenciaaduanalhoymismo.com/","","","","","UTC -05:00 América Ciudad de México","america_slash_mexico_city","","","","","","","","","","","","","","","","","","","","","","","","","","44236336958","","","","","","","","","","","","","","","","","","","","","","","",""
"184848659824","","","","","Facebook","Facebook","","","","","","","","","","","","","1.0","","","","","tx","","us","","","",""," --","true","Contacto - Agencia Aduanal Especializada en Importación | AGENCIA ADUANAL IMPORTACION DE MERCANCIA Y MAQUINARIA"": .form__control","beach_girl11@yahoo.com","","","","","","","","","","","2025-12-14 00:41","","",".form__control","","","","","","","","","yahoo.com","0.0","","","","","","Contacto de marketing","","","texas","","Flujo de contactos - Agencia HoyMismo","","","","","","2025-12-14 00:41","","","","","","","","2025-12-14 00:41","2025-12-14 00:36","","2025-12-14 00:41","","","","","","","","","","","","","","","2025-12-14 00:36","","","","","","","","","","Tráfico orgánico de redes sociales","Formularios","Tráfico orgánico de redes sociales","","","","","","","2025-12-14 00:36","","","","","","","","0.0","","","","","","","","","","","","","","0.0","","","","","","6e1f6b45-05a8-42d4-8eb2-06d671a95b84","","","","0.0","1.0","","0.0","1.0","","","","","","","0.0","4.0","0.0","","","","united states","","http://m.facebook.com/","Contacto - Agencia Aduanal Especializada en Importación | AGENCIA ADUANAL IMPORTACION DE MERCANCIA Y MAQUINARIA"": .form__control","https://agenciaaduanalhoymismo.com/","4.0","","","","","","","","","","","","","","","","Envío de formulario","","","","","","2025-12-14 08:04","https://agenciaaduanalhoymismo.com/","","2025-12-14 00:36","2025-12-14 00:43","","http://m.facebook.com/","","","","","UTC -05:00 América Chicago","america_slash_chicago","","","","","","","","","","","","","","","","","","","","","","","","","","44247297861","","","","","","","","","","","","","","","","","","","","","","","",""
"184164633748","Beatriz","Zamora Rivera","","","49095072.hs-sites.com/es-us/estatus-usho-2626","49095072.hs-sites.com/es-us/estatus-usho-2626","","","200.0","","","Consentimiento libremente otorgado por contacto","","","","","","","1.0","","","CALDWEEL, IDAHO","","nle","","mx","","83607","","ROJO"," --","true","Trámite en tiempo real: Agencia Aduanal HoyMismo (REGISTRO)","bettyzamorarivera@gmail.com","","","","","","2.0","","","","","2025-12-11 13:00","","","Agencia Aduanal HoyMismo (REGISTRO)","","","","22730 Farmway Rd","","","https://api-na1.hubspot.com/form-integrations/v1/uploaded-files/signed-url-redirect/202353697439?portalId=49095072&sign=j34R2UYYj3Pjv9PYxy8HghYvYmc%3D&conversionId=35cba5eb-80ea-495b-ba89-dd0a5e01064c&filename=35cba5eb-80ea-495b-ba89-dd0a5e01064c-documentos_del_cliente-WhatsApp+Image+2025-12-08+at+6.17.49+PM-74af1f.jpeg","","gmail.com","0.0","2.0","","","","","Contacto de marketing","","","nuevo leon","En Revisión","Flujo de contactos - Agencia HoyMismo","","","","","","2025-12-11 13:01","","","","","2025-12-11","","","2025-12-11 13:00","2025-12-11 13:00","","2025-12-11 13:00","","","","","","","","","","","","","","","2025-12-11 13:00","","2025-12-11 13:01","","","2025-12-11 13:02","","4849","https://api-na1.hubspot.com/form-integrations/v1/uploaded-files/signed-url-redirect/202352341676?portalId=49095072&sign=MLuhIbaO0oD4ZTSxfV9keCecCWw%3D&conversionId=35cba5eb-80ea-495b-ba89-dd0a5e01064c&filename=35cba5eb-80ea-495b-ba89-dd0a5e01064c-fotos-WhatsApp+Image+2025-12-09+at+7.25.20+PM-766a2c.jpeg","","Tráfico directo","Formularios","Tráfico directo","","","","","VICTORIA-NOG","","2025-12-11 13:00","","","","","","","","0.0","","","","","","","","1650.0","DODGE RAM 2006","","","","","0.0","LARAMIE","","","","","88579ec3-c1a4-4de4-b82d-e460d38cc3cb","","Registro - HoyMismo","","0.0","1.0","","0.0","1.0","","","",""," +12085047300"," +12085047300","","0.0","0.0","","","","mexico","","","Trámite en tiempo real: Agencia Aduanal HoyMismo (REGISTRO)","https://49095072.hs-sites.com/es-us/estatus-usho-2626","0.0","","","","","","","","","","","","","","","","Envío de formulario","","A3 - Regularización","","","","2025-12-11 20:15","https://49095072.hs-sites.com/es-us/estatus-usho-2626","","2025-12-11 13:00","2025-12-11 13:00","","","","","","1D7HA18N46S673317","UTC -05:00 América Monterrey","america_slash_monterrey","","","","","","","510512337953","","","","","","","","37349455509","","","","","","","","","","","44226195572","","","","","","","","","","","","","","","","","","","","","","","",""
"183773765751","Jose Luis","Cano","","","hs_automation","49095072.hs-sites.com/es-us/estatus-usho-2626","367642293","","350.0","","","Consentimiento libremente otorgado por contacto","","","","","","","3.0","","","MICHOACAN","san diego","ca","","us","","61017","","BLANCO"," --","true","Trámite en tiempo real: Agencia Aduanal HoyMismo (REGISTRO)","cano101780e@gmail.com","","","","2.0","1.0","2.0","","","","","2025-12-10 10:54","","","Agencia Aduanal HoyMismo (REGISTRO)","","","","RIO DEL TIGRE 5 POR IGLESIA SAGRADO CORAZON Y ASTILLERO BOTIJA AM EL ASTILLERO MICH C.P. 61017 EL ASTILLERO, MICH","","","","","gmail.com","0.0","0.0","","","","","Contacto de marketing","","","california","En proceso","Flujo de contactos - Agencia HoyMismo","","","","","","2025-12-10 10:54","","","","","2025-12-09","","","2025-12-10 10:54","2025-12-12 09:06","2025-12-10 13:02","2025-12-10 10:54","","","","","2025-12-26 13:48","","","","","","","","","2025-12-12 09:06","2025-12-10 10:54","","2025-12-10 10:57","","2025-12-12 09:06","2025-12-10 10:58","","","https://api-na1.hubspot.com/form-integrations/v1/uploaded-files/signed-url-redirect/202218076944?portalId=49095072&sign=Q9Xsvsv_13P9EE54R8Ku_SvS4fA%3D&conversionId=2422af36-2d45-4069-9637-d13630cbc97b&filename=2422af36-2d45-4069-9637-d13630cbc97b-fotos-DELANTERA-139db4.jpg;https://api-na1.hubspot.com/form-integrations/v1/uploaded-files/signed-url-redirect/202223214337?portalId=49095072&sign=VwmSZCu4iKY-ZaSwUJGegSAtA0I%3D&conversionId=2422af36-2d45-4069-9637-d13630cbc97b&filename=2422af36-2d45-4069-9637-d13630cbc97b-fotos-DERECHA-4fff1c.jpg;https://api-na1.hubspot.com/form-integrations/v1/uploaded-files/signed-url-redirect/202223500713?portalId=49095072&sign=Xcb7qiUWUEFucNHpkb2cMBXO_Kk%3D&conversionId=2422af36-2d45-4069-9637-d13630cbc97b&filename=2422af36-2d45-4069-9637-d13630cbc97b-fotos-ODOMETRO-999119.jpg;https://api-na1.hubspot.com/form-integrations/v1/uploaded-files/signed-url-redirect/202223183707?portalId=49095072&sign=S0_9r4SsM5AEz6sGhR4wQykPvZA%3D&conversionId=2422af36-2d45-4069-9637-d13630cbc97b&filename=2422af36-2d45-4069-9637-d13630cbc97b-fotos-SERIE+PUERTA-779969.jpg","","Marketing por email","Formularios","Tráfico directo","","","","","VICTORIA-NOG","","2025-12-10 10:54","","","","","","","","0.0","","","","","","","","3050.0","FORD","","","","","0.0","2012","","","","","88579ec3-c1a4-4de4-b82d-e460d38cc3cb","","Registro - HoyMismo","","0.0","1.0","","0.0","1.0","","","",""," +15418799427"," +15418799427","","2.0","0.0","","","","united states","","","Trámite en tiempo real: Agencia Aduanal HoyMismo (REGISTRO)","https://49095072.hs-sites.com/es-us/estatus-usho-2626","0.0","","","","","","","","","","","","","","","","Envío de formulario","","A3 - Regularización","","","","2026-01-01 22:27","https://agenciaaduanalhoymismo.com/?utm_medium=email&_hsenc=p2ANqtz-9UcDC8azemtRGqqReFgHz48cglMo-8V4pFsh3nUSpIkWwd21sT_LHxOcm2UW1qYe2IS-NUWF20HpwAyk4gfm2fOG3qQg&_hsmi=367642293&utm_content=367642293&utm_source=hs_automation","","2025-12-12 09:06","2025-12-12 09:06","","","","","","1GC5C0CG1CZ310082","UTC -07:00 América Los Ángeles","america_slash_los_angeles","","","","","","","510019062826","","","","","","","","37328846956","","","","","","","","","","","44125287716","","","","","","","","","","","","","","","","","","","","","","","",""
"183374317947","","","","","agenciaaduanalhoymismo.com/contacto","agenciaaduanalhoymismo.com/contacto","","","","","","","","","","","","","1.0","","","","san antonio","tx","","us","","","",""," --","true","Contacto - Agencia Aduanal Especializada en Importación | AGENCIA ADUANAL IMPORTACION DE MERCANCIA Y MAQUINARIA"": .form__control","gilberto@wwcbl.com","","","","","","","","","","","2025-12-09 10:01","","",".form__control","","","","","","","","","wwcbl.com","0.0","","","","","","Contacto de marketing","","","texas","","Flujo de contactos - Agencia HoyMismo","","","","","","2025-12-09 10:01","","","","","","","","2025-12-09 10:01","2025-12-09 10:01","","2025-12-09 10:01","","","","","","","","","","","","","","","2025-12-09 10:01","","","","","","","","","","Tráfico directo","Formularios","Tráfico directo","","","","","","","2025-12-09 10:01","","","","","","","","0.0","","","","","","","","","","","","","","0.0","","","","","","6e1f6b45-05a8-42d4-8eb2-06d671a95b84","","","","0.0","1.0","","0.0","1.0","","","","","","","","0.0","0.0","","","","united states","","","Contacto - Agencia Aduanal Especializada en Importación | AGENCIA ADUANAL IMPORTACION DE MERCANCIA Y MAQUINARIA"": .form__control","https://agenciaaduanalhoymismo.com/contacto","0.0","","","","","","","","","","","","","","","","Envío de formulario","","","","","","2025-12-09 18:40","https://agenciaaduanalhoymismo.com/contacto","","2025-12-09 10:01","2025-12-09 10:01","","","","","","","UTC -05:00 América Chicago","america_slash_chicago","","","","","","","","","","","","","","","","","","","","","","","","","","44105465633","","","","","46759185587","","","","","","","","","","","46759185587","","","","","","","",""
"183075297821","Ruben","Cervantes Gonzalez","","","49095072.hs-sites.com/es-us/estatus-usho-2626","49095072.hs-sites.com/es-us/estatus-usho-2626","","","350.0","","","Consentimiento libremente otorgado por contacto","","","","","","","1.0","","","SAN PEDRO TEUTILA, OAX","san nicolas de los garza","nle","","mx","","68620","","GRIS"," --","true","Trámite en tiempo real: Agencia Aduanal HoyMismo (REGISTRO)","danyjg2017@outlook.com","","","","","","2.0","","","","","2025-12-08 11:16","","","Agencia Aduanal HoyMismo (REGISTRO)","","","","C MORELOS #221, COL CENTRO","","","https://api-na1.hubspot.com/form-integrations/v1/uploaded-files/signed-url-redirect/202011006220?portalId=49095072&sign=HSymMxFd_Hz5lVGER8VADIhziko%3D&conversionId=8bf13542-f021-47df-a836-b05b85a363f5&filename=8bf13542-f021-47df-a836-b05b85a363f5-documentos_del_cliente-WhatsApp+Image+2025-12-07+at+7.34.26+AM-a9163b.jpeg","","outlook.com","0.0","2.0","","","","","Contacto de marketing","","","nuevo leon","En Revisión","Flujo de contactos - Agencia HoyMismo","","","","","","2025-12-08 11:16","","","","","2025-12-08","","","2025-12-08 11:16","2025-12-08 11:04","","2025-12-08 11:16","","","","","","","","","","","","","","","2025-12-08 11:04","","2025-12-08 11:17","","","2025-12-08 11:17","","4847","https://api-na1.hubspot.com/form-integrations/v1/uploaded-files/signed-url-redirect/202008506291?portalId=49095072&sign=NmJFT1SgpREWJpRlBirZHYNpbVc%3D&conversionId=8bf13542-f021-47df-a836-b05b85a363f5&filename=8bf13542-f021-47df-a836-b05b85a363f5-fotos-WhatsApp+Image+2025-12-04+at+7.33.37+PM-9e6536.jpeg","","Tráfico directo","Formularios","Tráfico directo","","","","","VICTORIA-NOG","","2025-12-08 11:04","","","","","","","","0.0","","","","","","","","3550.0","FORD F150 XLT","","","","","0.0","2009","","","","","88579ec3-c1a4-4de4-b82d-e460d38cc3cb","","Registro - HoyMismo","","0.0","1.0","","0.0","1.0","","","",""," +12257719155"," +12257719155","","2.0","0.0","","","","mexico","","","Trámite en tiempo real: Agencia Aduanal HoyMismo (REGISTRO)","https://49095072.hs-sites.com/es-us/estatus-usho-2626","2.0","","","","","","","","","","","","","","","","Envío de formulario","","A1 - Importación definitiva","","","","2025-12-08 18:39","https://49095072.hs-sites.com/es-us/estatus-usho-2626","","2025-12-08 11:04","2025-12-08 11:09","","","","","","1FTRW12899FA18991","UTC -05:00 América Monterrey","america_slash_monterrey","","","","","","","509193071404","","","","","","","","37173185391","","","","","","","","","","","43960034056","","","","","","","","","","","","","","","","","","","","","","","",""
"182522411050","Jony","Solorzano","","","hs_automation","49095072.hs-sites.com/es-us/estatus-usho-2626","367635873","","350.0","","","Consentimiento libremente otorgado por contacto","","","","","","","7.0","","","ZAMORA MICHOACAN","","cmx","","mx","","59665","","BLANCO"," --","true","Trámite en tiempo real: Agencia Aduanal HoyMismo (REGISTRO)","solorzanohugo566@gmail.com","","","","1.0","1.0","2.0","","","","","2025-12-05 14:35","","","Agencia Aduanal HoyMismo (REGISTRO)","","","","CAMINO REAL S/N LIBERTAD LAMARQUE GUANAJUATILLO *C.P.59665 ZAMORA MICH","","","","","gmail.com","0.0","0.0","","","","","Contacto de marketing","","","ciudad de mexico","En proceso","Flujo de contactos - Agencia HoyMismo","","","","","","2025-12-05 14:35","","","","","2025-12-04","","","2025-12-05 14:35","2025-12-10 13:15","2025-12-09 12:56","2025-12-05 14:35","","","","","2025-12-09 12:56","","","","","","","","","2025-12-09 12:56","2025-12-05 14:35","","2025-12-05 14:35","","2025-12-09 12:56","2025-12-05 14:35","","","https://api-na1.hubspot.com/form-integrations/v1/uploaded-files/signed-url-redirect/201865661449?portalId=49095072&sign=xeuc-Ol7rRzQ-ihCbGf3gSKjBws%3D&conversionId=62addd91-4dfe-49b8-98ba-0247bc898f8c&filename=62addd91-4dfe-49b8-98ba-0247bc898f8c-fotos-IZQUIERDA-19b764.jpg","","Marketing por email","Formularios","Tráfico directo","","","","","VICTORIA-NOG","","2025-12-05 14:35","","","","","","","","0.0","","","","","","","","3600.0","TOYOTA TACOMA","","","","","0.0","2017","","","","","88579ec3-c1a4-4de4-b82d-e460d38cc3cb","","Registro - HoyMismo","","0.0","1.0","","0.0","1.0","","","",""," +523511257799"," +523511257799","","7.0","0.0","","","","mexico","","","Trámite en tiempo real: Agencia Aduanal HoyMismo (REGISTRO)","https://49095072.hs-sites.com/es-us/estatus-usho-2626","1.0","","","","","","","","","","","","","","","","Envío de formulario","","VU - Vehículo Interior República","","","","2025-12-15 20:38","https://agenciaaduanalhoymismo.com/?utm_medium=email&_hsenc=p2ANqtz-_DJ-X0_Yt64sC5DYm28IcNeU1yvj9nPWVQYRgfK3PMU1RYPNWp-UXYDyKySylAKTuDpMwzIxI2rx60WTTzg2epB4ETPs-agcRQvUybo7WMjLbQfSw&_hsmi=367635873&utm_content=367635873&utm_source=hs_automation","","2025-12-10 13:15","2025-12-10 13:15","","","","","","3TMCZ5ANXHM052206","UTC -05:00 América Ciudad de México","america_slash_mexico_city","","","","","","","508684552517","","","","","","","","36984081583","","","","","","","","","","","43943140749","","","","","","","","","","","","","","","","","","","","","","","",""
"182506796978","Juan Luis","Gomez Quintero","","","49095072.hs-sites.com/es-us/estatus-usho-2626","49095072.hs-sites.com/es-us/estatus-usho-2626","","","350.0","","","Consentimiento libremente otorgado por contacto","","","","","","","3.0","","","JALISCO","nogales","son","","mx","","46772","","PLATEADO"," --","true","Trámite en tiempo real: Agencia Aduanal HoyMismo (REGISTRO)","juanquintero77@icloud.com","","","","","","2.0","","","","","2025-12-05 13:08","","","Agencia Aduanal HoyMismo (REGISTRO)","","","","16 DE SEPTIEMBRE 5 JUAREZ Y 16 DE SEPTIEMBRE LAZARO CARDENAS C.P. 46772 LAZARO CARDENAS JAL.","","","","","icloud.com","0.0","2.0","","","","","Contacto de marketing","","","sonora","En proceso","Flujo de contactos - Agencia HoyMismo","","","","","","2025-12-05 13:08","","","","","2025-12-04","","","2025-12-05 13:08","2025-12-10 10:49","","2025-12-05 13:08","","","","","","","","","","","","","","","2025-12-05 13:00","","2025-12-05 13:08","","","2025-12-05 13:08","","","https://api-na1.hubspot.com/form-integrations/v1/uploaded-files/signed-url-redirect/201856953441?portalId=49095072&sign=uc7uHiaepxZE08cMAraDjnnffis%3D&conversionId=0c042019-cb8c-45b5-b492-abcfd1121b3f&filename=0c042019-cb8c-45b5-b492-abcfd1121b3f-fotos-trasera-0f96bd.jpg","","Tráfico directo","Formularios","Tráfico directo","","","","","VICTORIA-NOG","","2025-12-05 13:00","","","","","","","","0.0","","","","","","","","2100.0","CHEVROLET SILVERADO","","","","","0.0","2012","","","","","88579ec3-c1a4-4de4-b82d-e460d38cc3cb","","Registro - HoyMismo","","0.0","1.0","","0.0","1.0","","","",""," +16614048890"," +16614048890","","4.0","0.0","","","","mexico","","","Trámite en tiempo real: Agencia Aduanal HoyMismo (REGISTRO)","https://49095072.hs-sites.com/es-us/estatus-usho-2626","1.0","","","","","","","","","","","","","","","","Envío de formulario","","A3 - Regularización","","","","2025-12-10 11:05","https://49095072.hs-sites.com/es-us/estatus-usho-2626","","2025-12-10 10:49","2025-12-10 10:49","","","","","","1GC5C0CG1CZ310082","UTC -07:00 América Hermosillo","america_slash_hermosillo","","","","","","","508674486675","","","","","","","","37010397619","","","","","","","","","","","43914550292","","","","","","","","","","","","","","","","","","","","","","","",""
"182204677670","Jose Maria","Reynoso Carrera","","","49095072.hs-sites.com/es-us/estatus-usho-2626","49095072.hs-sites.com/es-us/estatus-usho-2626","","","40000.0","","","Consentimiento libremente otorgado por contacto","","","","","","","1.0","","","TLALPAN, CDMX","general escobedo","nle","","mx","","14376","","NEGRO"," --","true","Trámite en tiempo real: Agencia Aduanal HoyMismo (REGISTRO)","pepereynosoestilos@gmail.com","","","","","","2.0","","","","","2025-12-04 14:48","","","Agencia Aduanal HoyMismo (REGISTRO)","","","","C ZARAGOZA 2, COL ARBOLEDAS DEL SUR","","","https://api-na1.hubspot.com/form-integrations/v1/uploaded-files/signed-url-redirect/201766829464?portalId=49095072&sign=r3PZq_T16qgcgij278AuI4KnW58%3D&conversionId=f51e0c2d-0466-4832-be90-a975860cdfd7&filename=f51e0c2d-0466-4832-be90-a975860cdfd7-documentos_del_cliente-WhatsApp+Image+2025-12-04+at+11.56.48+AM-37e450.jpeg","","gmail.com","0.0","2.0","","","","","Contacto de marketing","","","nuevo leon","En Revisión","Flujo de contactos - Agencia HoyMismo","","","","","","2025-12-04 14:48","","","","","2025-12-04","","","2025-12-04 14:48","2025-12-04 14:48","","2025-12-04 14:48","","","","","","","","","","","","","","","2025-12-04 14:48","","2025-12-04 14:49","","","2025-12-04 14:49","","4844","https://api-na1.hubspot.com/form-integrations/v1/uploaded-files/signed-url-redirect/201771080203?portalId=49095072&sign=itzUwdHurjXM4z74QXMeA1yAYoY%3D&conversionId=f51e0c2d-0466-4832-be90-a975860cdfd7&filename=f51e0c2d-0466-4832-be90-a975860cdfd7-fotos-WhatsApp+Image+2025-12-04+at+11.56.51+AM-3a57f6.jpeg","","Tráfico directo","Formularios","Tráfico directo","","","","","VICTORIA-NOG","","2025-12-04 14:48","","","","","","","","0.0","","","","","","","","40000.0","CHEVROLET EQUINOX LT","","","","","0.0","2018","","","","","88579ec3-c1a4-4de4-b82d-e460d38cc3cb","","Registro - HoyMismo","","0.0","1.0","","0.0","1.0","","","",""," +525511514307"," +525511514307","","0.0","0.0","","","","mexico","","","Trámite en tiempo real: Agencia Aduanal HoyMismo (REGISTRO)","https://49095072.hs-sites.com/es-us/estatus-usho-2626","0.0","","","","","","","","","","","","","","","","Envío de formulario","","A3 - Regularización","","","","2025-12-04 23:28","https://49095072.hs-sites.com/es-us/estatus-usho-2626","","2025-12-04 14:48","2025-12-04 14:48","","","","","","2GNAXJEV8J6210484","UTC -05:00 América Monterrey","america_slash_monterrey","","","","","","","508329350767","","","","","","","","37013017441","","","","","","","","","","","43888015417","","","","","","","","","","","","","","","","","","","","","","","",""
"181054132548","Luis","Gonzalez Vega","","","49095072.hs-sites.com/es-us/estatus-usho-2626","49095072.hs-sites.com/es-us/estatus-usho-2626","","","350.0","","","Consentimiento libremente otorgado por contacto","","","","","","","1.0","","","TANGAMANDAPIO, MICH.","general escobedo","nle","","mx","","59920","","GRIS"," --","true","Trámite en tiempo real: Agencia Aduanal HoyMismo (REGISTRO)","gonsalezluis462@gmail.com","","","","","","2.0","","","","","2025-12-01 16:50","","","Agencia Aduanal HoyMismo (REGISTRO)","","","","C OCAMPO #11, COL ADOLFO LOPEZ MATEOS","","","https://api-na1.hubspot.com/form-integrations/v1/uploaded-files/signed-url-redirect/201447258286?portalId=49095072&sign=qYEddu4UjuM2Xr8vqjroJ2YVuY0%3D&conversionId=4aa85928-f7f8-48ff-85da-590a23e366be&filename=4aa85928-f7f8-48ff-85da-590a23e366be-documentos_del_cliente-WhatsApp+Image+2025-12-01+at+4.02.52+PM+(1).jpeg","","gmail.com","0.0","2.0","","","","","Contacto de marketing","","","nuevo leon","En Revisión","Flujo de contactos - Agencia HoyMismo","","","","","","2025-12-01 16:50","","","","","2025-12-01","","","2025-12-01 16:50","2025-12-01 16:50","","2025-12-01 16:50","","","","","","","","","","","","","","","2025-12-01 16:50","","2025-12-01 16:50","","","2025-12-01 16:50","","4242","https://api-na1.hubspot.com/form-integrations/v1/uploaded-files/signed-url-redirect/201456481322?portalId=49095072&sign=Xei7R9ak0AHxzTgi70EuKXTZbBE%3D&conversionId=4aa85928-f7f8-48ff-85da-590a23e366be&filename=4aa85928-f7f8-48ff-85da-590a23e366be-fotos-WhatsApp+Image+2025-12-01+at+4.02.06+PM+(1).jpeg","","Tráfico directo","Formularios","Tráfico directo","","","","","VICTORIA-NOG","","2025-12-01 16:50","","","","","","","","0.0","","","","","","","","1600.0","NISSAN FRONTIER","","","","","0.0","2011","","","","","88579ec3-c1a4-4de4-b82d-e460d38cc3cb","","Registro - HoyMismo","","0.0","1.0","","0.0","1.0","","","",""," +19255957647"," +19255957647","","0.0","0.0","","","","mexico","","","Trámite en tiempo real: Agencia Aduanal HoyMismo (REGISTRO)","https://49095072.hs-sites.com/es-us/estatus-usho-2626","0.0","","","","","","","","","","","","","","","","Envío de formulario","","A3 - Regularización","","","","2025-12-02 00:18","https://49095072.hs-sites.com/es-us/estatus-usho-2626","","2025-12-01 16:50","2025-12-01 16:50","","","","","","1N6BD0CT0BC447901","UTC -05:00 América Monterrey","america_slash_monterrey","","","","","","","506979960389","","","","","","","","36732607316","","","","","","","","","","","43536537776","","","","","","","","","","","","","","","","","","","","","","","",""
"179529679192","Manuel","Herrera Leyva","Admin Agencia Aduanal HoyMismo","","49095072.hs-sites.com/es-us/estatus-usho-2626","49095072.hs-sites.com/es-us/estatus-usho-2626","","","350.0","","","Consentimiento libremente otorgado por contacto","","","","","","","1.0","","","GUASAVE, SIN.","san nicolas de los garza","nle","","mx","","81119","","BLANCO"," --","true","Trámite en tiempo real: Agencia Aduanal HoyMismo (REGISTRO)","carrazcone@gmail.com","","","","2.0","","2.0","","","","","2025-11-26 13:20","","","Agencia Aduanal HoyMismo (REGISTRO)","","","","C 5 DE FEBRERO S/N, LOC BACHOCO","","","https://api-na1.hubspot.com/form-integrations/v1/uploaded-files/signed-url-redirect/201051256890?portalId=49095072&sign=DyvvysHlviM6Cswity1Veccecnc%3D&conversionId=1e179c4f-244e-4add-b038-58f278f86faf&filename=1e179c4f-244e-4add-b038-58f278f86faf-documentos_del_cliente-WhatsApp+Image+2025-11-26+at+12.28.38+PM+(1).jpeg","","gmail.com","0.0","0.0","","","","","Contacto de marketing","","","nuevo leon","En proceso","Flujo de contactos - Agencia HoyMismo","","","","","","2025-11-26 13:20","","","","","2025-11-26","","","2025-11-26 13:20","2025-11-26 13:20","2025-11-27 18:31","2025-11-26 13:20","","","","","2025-11-27 18:31","","","","","","","","","","2025-11-26 13:20","","2025-11-26 13:20","","","2025-11-26 13:20","","4838","https://api-na1.hubspot.com/form-integrations/v1/uploaded-files/signed-url-redirect/201049755158?portalId=49095072&sign=NNvMJS1I-xmX1-kFI6lgjJ2bTrI%3D&conversionId=1e179c4f-244e-4add-b038-58f278f86faf&filename=1e179c4f-244e-4add-b038-58f278f86faf-fotos-WhatsApp+Image+2025-11-26+at+12.24.32+PM.jpeg","","Tráfico directo","Formularios","Tráfico directo","","","","","VICTORIA-NOG","","2025-11-26 13:20","","","","","","","","0.0","","","","","","","","1600.0","CHEVROLET SILVERADO 1500 LT","","","","","0.0","2011","","","","","88579ec3-c1a4-4de4-b82d-e460d38cc3cb","","Registro - HoyMismo","","0.0","1.0","","0.0","1.0","","","",""," +13502175334"," +13502175334","","0.0","0.0","","","","mexico","","","Trámite en tiempo real: Agencia Aduanal HoyMismo (REGISTRO)","https://49095072.hs-sites.com/es-us/estatus-usho-2626","0.0","","","","","","","","","","","","","","","","Envío de formulario","","A3 - Regularización","","","","2025-12-01 22:18","https://49095072.hs-sites.com/es-us/estatus-usho-2626","","2025-11-26 13:20","2025-11-26 13:20","","","","","","3GCPCSE00BG180492","UTC -05:00 América Monterrey","america_slash_monterrey","","","","","","","505610140479","","","","","","","","36287500294","","","","","","","","","","","43172202605","","","","","","","","","","","","","","","","","","","","","","","",""
"179474434905","Juan Carlos","Zamora Alcantara","Admin Agencia Aduanal HoyMismo","","49095072.hs-sites.com/es-us/estatus-usho-2626","49095072.hs-sites.com/es-us/estatus-usho-2626","","","1850.0","","","Consentimiento libremente otorgado por contacto","","","","","","","1.0","","","AMOZOC, PUEBLA","san nicolas de los garza","nle","","mx","","72980","","AZUL"," --","true","Trámite en tiempo real: Agencia Aduanal HoyMismo (REGISTRO)","carlosjzamora1469@gmail.com","","","","","","","2.0","","","","2025-11-26 08:57","","","Agencia Aduanal HoyMismo (REGISTRO)","","","","C SAN MIGUEL LT 4, COL SAN NICOLAS","","","https://api-na1.hubspot.com/form-integrations/v1/uploaded-files/signed-url-redirect/201035652137?portalId=49095072&sign=ublna5BMqnxHgsp-HZ9V5wkpi_g%3D&conversionId=09ac5fa4-7487-4f74-88fd-b614a5918078&filename=09ac5fa4-7487-4f74-88fd-b614a5918078-documentos_del_cliente-WhatsApp+Image+2025-11-26+at+12.45.40+AM.jpeg","","gmail.com","0.0","2.0","","","","","Contacto de marketing","","","nuevo leon","En proceso","Flujo de contactos - Agencia HoyMismo","","","","","","2025-11-26 08:57","","","","","2025-11-26","","","2025-11-26 08:57","2025-11-26 08:57","","2025-11-26 08:57","","","","","","","","","","","","","","","2025-11-26 08:57","","","","","","","4835","https://api-na1.hubspot.com/form-integrations/v1/uploaded-files/signed-url-redirect/201035281975?portalId=49095072&sign=qHekfU2M7ZhPrVDU1wdW6B8YqXI%3D&conversionId=09ac5fa4-7487-4f74-88fd-b614a5918078&filename=09ac5fa4-7487-4f74-88fd-b614a5918078-fotos-WhatsApp+Image+2025-11-14+at+10.22.23+AM.jpeg","","Tráfico directo","Formularios","Tráfico directo","","","","","VICTORIA-NOG","","2025-11-26 08:57","","","","","","","","0.0","","","","","","","","0.0","F150 WORK TRUCK","","","","","0.0","2000","","","","","88579ec3-c1a4-4de4-b82d-e460d38cc3cb","","Registro - HoyMismo","","0.0","1.0","","0.0","1.0","","","",""," +522224019009"," +522224019009","","0.0","0.0","","","","mexico","","","Trámite en tiempo real: Agencia Aduanal HoyMismo (REGISTRO)","https://49095072.hs-sites.com/es-us/estatus-usho-2626","0.0","","","","","","","","","","","","","","","","Envío de formulario","","A3 - Regularización","","","","2025-11-27 23:48","https://49095072.hs-sites.com/es-us/estatus-usho-2626","","2025-11-26 08:57","2025-11-26 08:57","","","","","","1FTZX1728YNB17324","UTC -05:00 América Monterrey","america_slash_monterrey","","","","","","","505546102591","","","","","","","","36322849164","","","","","","","","","","","43161226315","","","","","","","","","","","","","","","","","","","","","","","",""
"179322809184","Pablo","Rodriguez Gomez","","","49095072.hs-sites.com/es-us/estatus-usho-2626","49095072.hs-sites.com/es-us/estatus-usho-2626","","","200.0","","","Consentimiento libremente otorgado por contacto","","","","","","","1.0","","","PHOENIX, ARIZONA","san nicolas de los garza","nle","","mx","","85017","","NEGRO"," --","true","Trámite en tiempo real: Agencia Aduanal HoyMismo (REGISTRO)","rodripablog11@gmail.com","","","","2.0","","2.0","","","","","2025-11-25 17:25","","","Agencia Aduanal HoyMismo (REGISTRO)","","","","4326N. 35AVE, PT.1005","","","https://api-na1.hubspot.com/form-integrations/v1/uploaded-files/signed-url-redirect/200975351336?portalId=49095072&sign=_F3Yc7gHkNDRSi15cLCjrHibVXA%3D&conversionId=ecb94025-7881-4a61-bef2-11b7b5f11950&filename=ecb94025-7881-4a61-bef2-11b7b5f11950-documentos_del_cliente-WhatsApp+Image+2025-11-25+at+4.50.14+PM+(1).jpeg","","gmail.com","0.0","0.0","","","","","Contacto de marketing","","","nuevo leon","En Revisión","Flujo de contactos - Agencia HoyMismo","","","","","","2025-11-25 17:25","","","","","2025-11-25","","","2025-11-25 17:25","2025-11-25 17:25","2025-11-25 17:45","2025-11-25 17:25","","","","","2025-11-29 09:27","","","","","","","","","","2025-11-25 17:25","","2025-11-25 17:25","","","2025-11-25 17:25","","4839","https://api-na1.hubspot.com/form-integrations/v1/uploaded-files/signed-url-redirect/200980224336?portalId=49095072&sign=ELrVg2GBt5lWzZmlQRsoMAFkYrY%3D&conversionId=ecb94025-7881-4a61-bef2-11b7b5f11950&filename=ecb94025-7881-4a61-bef2-11b7b5f11950-fotos-WhatsApp+Image+2025-11-25+at+4.50.14+PM.jpeg","","Tráfico directo","Formularios","Tráfico directo","","","","","VICTORIA-NOG","","2025-11-25 17:25","","","","","","","","0.0","","","","","","","","3000.0","FORD EXPLORER XLT","","","","","0.0","2014","","","","","88579ec3-c1a4-4de4-b82d-e460d38cc3cb","","Registro - HoyMismo","","0.0","1.0","","0.0","1.0","","","",""," +16025637039"," +16025637039","","0.0","0.0","","","","mexico","","","Trámite en tiempo real: Agencia Aduanal HoyMismo (REGISTRO)","https://49095072.hs-sites.com/es-us/estatus-usho-2626","0.0","","","","","","","","","","","","","","","","Envío de formulario","","MC - Menaje de Casa","","","","2025-12-01 21:09","https://49095072.hs-sites.com/es-us/estatus-usho-2626","","2025-11-25 17:25","2025-11-25 17:25","","","","","","1FM5K8D85EGC35793","UTC -05:00 América Monterrey","america_slash_monterrey","","","","","","","505386444466","","","","","","","","36323145082","","","","","","","","","","","43193006939","","","","","","","","","","","","","","","","","","","","","","","",""
"178865448358","Jose Antonio","Alvarez","","","49095072.hs-sites.com/es-us/estatus-usho-2626","49095072.hs-sites.com/es-us/estatus-usho-2626","","","350.0","","","Consentimiento libremente otorgado por contacto","","","","","","","1.0","","","","tijuana","bcn","","mx","","","","Blanco"," --","true","Trámite en tiempo real: Agencia Aduanal HoyMismo (REGISTRO)","tonyalvarez743@gmail.com","","","","1.0","","2.0","","","","","2025-11-24 11:04","","","Agencia Aduanal HoyMismo (REGISTRO)","","","","","","","","","gmail.com","0.0","0.0","","","","","Contacto de marketing","","","baja california","En Revisión","Flujo de contactos - Agencia HoyMismo","","","","","","2025-11-24 11:04","","","","","2025-11-24","","","2025-11-24 11:04","2025-11-24 11:04","2025-11-24 11:04","2025-11-24 11:04","","","","","2025-11-24 11:04","","","","","","","","","","2025-11-24 11:04","","2025-11-24 11:04","","","2025-11-24 11:04","","1189","https://api-na1.hubspot.com/form-integrations/v1/uploaded-files/signed-url-redirect/200873976353?portalId=49095072&sign=_9X8JxcNTt0GsYQeW8HcU3Zc4So%3D&conversionId=ad7e7b69-ecbc-432a-acdd-58b08c6ea2b8&filename=ad7e7b69-ecbc-432a-acdd-58b08c6ea2b8-fotos-WhatsApp+Image+2025-11-13+at+4.27.18+PM.jpeg;https://api-na1.hubspot.com/form-integrations/v1/uploaded-files/signed-url-redirect/200873700216?portalId=49095072&sign=iyuWoevBiy304La_0-bCjJ40-IE%3D&conversionId=ad7e7b69-ecbc-432a-acdd-58b08c6ea2b8&filename=ad7e7b69-ecbc-432a-acdd-58b08c6ea2b8-fotos-WhatsApp+Image+2025-11-13+at+4.27.19+PM+(1).jpeg;https://api-na1.hubspot.com/form-integrations/v1/uploaded-files/signed-url-redirect/200873823787?portalId=49095072&sign=lBkHrCaVbSEtw3YU_b-ZsIG_lJk%3D&conversionId=ad7e7b69-ecbc-432a-acdd-58b08c6ea2b8&filename=ad7e7b69-ecbc-432a-acdd-58b08c6ea2b8-fotos-WhatsApp+Image+2025-11-13+at+4.27.19+PM+(2).jpeg;https://api-na1.hubspot.com/form-integrations/v1/uploaded-files/signed-url-redirect/200874095899?portalId=49095072&sign=-7do1f0RQ1H3UicUPw4SD2YIMUo%3D&conversionId=ad7e7b69-ecbc-432a-acdd-58b08c6ea2b8&filename=ad7e7b69-ecbc-432a-acdd-58b08c6ea2b8-fotos-WhatsApp+Image+2025-11-13+at+4.27.19+PM+(3).jpeg;https://api-na1.hubspot.com/form-integrations/v1/uploaded-files/signed-url-redirect/200873878821?portalId=49095072&sign=KTiKOcgDTVoeWtRVd3a7DVZ3l6A%3D&conversionId=ad7e7b69-ecbc-432a-acdd-58b08c6ea2b8&filename=ad7e7b69-ecbc-432a-acdd-58b08c6ea2b8-fotos-WhatsApp+Image+2025-11-13+at+4.27.19+PM+(4).jpeg;https://api-na1.hubspot.com/form-integrations/v1/uploaded-files/signed-url-redirect/200873700220?portalId=49095072&sign=ZRBlWRnWz2Wnm12VlaWIYMMIscA%3D&conversionId=ad7e7b69-ecbc-432a-acdd-58b08c6ea2b8&filename=ad7e7b69-ecbc-432a-acdd-58b08c6ea2b8-fotos-WhatsApp+Image+2025-11-13+at+4.27.19+PM+(5).jpeg;https://api-na1.hubspot.com/form-integrations/v1/uploaded-files/signed-url-redirect/200873700215?portalId=49095072&sign=86CnppaxGeICEOydBf1rI6C7g_Q%3D&conversionId=ad7e7b69-ecbc-432a-acdd-58b08c6ea2b8&filename=ad7e7b69-ecbc-432a-acdd-58b08c6ea2b8-fotos-WhatsApp+Image+2025-11-13+at+4.27.19+PM.jpeg;https://api-na1.hubspot.com/form-integrations/v1/uploaded-files/signed-url-redirect/200874049908?portalId=49095072&sign=XdSdp5hPsMZ1CnWLYn_BWL_T-cs%3D&conversionId=ad7e7b69-ecbc-432a-acdd-58b08c6ea2b8&filename=ad7e7b69-ecbc-432a-acdd-58b08c6ea2b8-fotos-WhatsApp+Image+2025-11-13+at+4.27.20+PM+(1).jpeg;https://api-na1.hubspot.com/form-integrations/v1/uploaded-files/signed-url-redirect/200873736626?portalId=49095072&sign=0-xi_NQtO0xKfxyrc9Pn-9U3AEw%3D&conversionId=ad7e7b69-ecbc-432a-acdd-58b08c6ea2b8&filename=ad7e7b69-ecbc-432a-acdd-58b08c6ea2b8-fotos-WhatsApp+Image+2025-11-13+at+4.27.20+PM.jpeg;https://api-na1.hubspot.com/form-integrations/v1/uploaded-files/signed-url-redirect/200873823788?portalId=49095072&sign=6Hg-KXkVjETnwU_OTGAkeJ4L1C0%3D&conversionId=ad7e7b69-ecbc-432a-acdd-58b08c6ea2b8&filename=ad7e7b69-ecbc-432a-acdd-58b08c6ea2b8-fotos-WhatsApp+Image+2025-11-24+at+8.45.47+AM.jpeg;https://api-na1.hubspot.com/form-integrations/v1/uploaded-files/signed-url-redirect/200873700217?portalId=49095072&sign=-J6iy0Tytn46Yv7KkbujasAeXPA%3D&conversionId=ad7e7b69-ecbc-432a-acdd-58b08c6ea2b8&filename=ad7e7b69-ecbc-432a-acdd-58b08c6ea2b8-fotos-WhatsApp+Image+2025-11-24+at+8.46.08+AM.jpeg","","Tráfico directo","Formularios","Tráfico directo","","","","","CINTHIA-TIJ","","2025-11-24 11:04","","","","","","","","0.0","","","","","","","","2050.0","JEEP","","","","","0.0","PATRIOT","","","","","88579ec3-c1a4-4de4-b82d-e460d38cc3cb","","Registro - HoyMismo","","0.0","1.0","","0.0","1.0","","","",""," +19253395721"," +19253395721","","0.0","0.0","","","","mexico","","","Trámite en tiempo real: Agencia Aduanal HoyMismo (REGISTRO)","https://49095072.hs-sites.com/es-us/estatus-usho-2626","0.0","","","","","","","","","","","","","","","","Envío de formulario","","A3 - Regularización","","","","2025-11-24 18:24","https://49095072.hs-sites.com/es-us/estatus-usho-2626","","2025-11-24 11:04","2025-11-24 11:04","","","","","","1C4NJRB81GD544855","UTC -07:00 América Tijuana","america_slash_tijuana","","","","","","","504886471820","","","","","","","","36074303307","","","","","","","","","","","43014761019","","","","","","","","","","","","","","","","","","","","","","","",""
"178581339780","","","","","agenciaaduanalhoymismo.com/tracking","agenciaaduanalhoymismo.com/contacto","","","","","","","","","","","","","2.0","","","","morelia","mic","","mx","","","",""," --","true","Contacto - Agencia Aduanal Especializada en Importación | AGENCIA ADUANAL IMPORTACION DE MERCANCIA Y MAQUINARIA"": .form__control","peter_hurtado@live.com.mx","","","","","","","","","","","2025-11-23 12:23","","",".form__control","","","","","","","","","live.com.mx","0.0","","","","","","Contacto de marketing","","","michoacan","","Flujo de contactos - Agencia HoyMismo","","","","","","2025-11-23 12:23","","","","","","","","2025-11-23 12:23","2025-11-24 05:53","","2025-11-23 12:23","","","","","","","","","","","","","","","2025-11-23 12:21","","","","","","","","","","Tráfico directo","Formularios","Tráfico directo","","","","","","","2025-11-23 12:21","","","","","","","","0.0","","","","","","","","","","","","","","0.0","","","","","","6e1f6b45-05a8-42d4-8eb2-06d671a95b84","","","","0.0","1.0","","0.0","1.0","","","","","","","","5.0","0.0","","","","mexico","","","Contacto - Agencia Aduanal Especializada en Importación | AGENCIA ADUANAL IMPORTACION DE MERCANCIA Y MAQUINARIA"": .form__control","https://agenciaaduanalhoymismo.com/contacto","2.0","","","","","","","","","","","","","","","","Envío de formulario","","","","","","2025-11-24 06:08","https://agenciaaduanalhoymismo.com/tracking","","2025-11-24 05:53","2025-11-24 05:53","","https://agenciaaduanalhoymismo.com/","","","","","UTC -05:00 América Ciudad de México","america_slash_mexico_city","","","","","","","","","","","","","","","","","","","","","","","","","","42932382749","","","","","","","","","","","","","","","","","","","","","","","",""
"176827534930","","","","","Facebook","Facebook","","","","","","","","","","","","","1.0","","","","hermosillo","son","","mx","","","",""," --","true","Contacto - Agencia Aduanal Especializada en Importación | AGENCIA ADUANAL IMPORTACION DE MERCANCIA Y MAQUINARIA"": .form__control","enriquesobarzo@hotmail.com","","","","","","","","","","","2025-11-19 20:51","","",".form__control","","","","","","","","","hotmail.com","0.0","","","","","","Contacto de marketing","","","sonora","","Flujo de contactos - Agencia HoyMismo","","","","","","2025-11-19 20:51","","","","","","","","2025-11-19 20:51","2025-11-19 20:44","","2025-11-19 20:51","","","","","","","","","","","","","","","2025-11-19 20:44","","","","","","","","","","Tráfico orgánico de redes sociales","Formularios","Tráfico orgánico de redes sociales","","","","","","","2025-11-19 20:44","IwY2xjawOLX-JleHRuA2FlbQIxMABicmlkETFybHFIY1dlc2JhZFV1dllCc3J0YwZhcHBfaWQQMjIyMDM5MTc4ODIwMDg5MgABHrR81N5sdRZiebeBx3nGeJ0xfi8T-msaQ5MyYHx5hnPO0TF3FTV7xgYdvagp_aem_12hqwxpavd0zCSnHFSnMXg","","","","","","","0.0","","","","","","","","","","","","","","0.0","","","","","","6e1f6b45-05a8-42d4-8eb2-06d671a95b84","","","","0.0","1.0","","0.0","1.0","","","","","","","","3.0","0.0","","","","mexico","","https://l.facebook.com/","Contacto - Agencia Aduanal Especializada en Importación | AGENCIA ADUANAL IMPORTACION DE MERCANCIA Y MAQUINARIA"": .form__control","https://agenciaaduanalhoymismo.com/","3.0","","","","","","","","","","","","","","","","Envío de formulario","","","","","","2025-11-20 04:24","https://agenciaaduanalhoymismo.com/contacto","","2025-11-19 20:44","2025-11-19 20:47","","https://agenciaaduanalhoymismo.com/?fbclid=IwY2xjawOLX-JleHRuA2FlbQIxMABicmlkETFybHFIY1dlc2JhZFV1dllCc3J0YwZhcHBfaWQQMjIyMDM5MTc4ODIwMDg5MgABHrR81N5sdRZiebeBx3nGeJ0xfi8T-msaQ5MyYHx5hnPO0TF3FTV7xgYdvagp_aem_12hqwxpavd0zCSnHFSnMXg","","","","","UTC -07:00 América Hermosillo","america_slash_hermosillo","","","","","","","","","","","","","","","","","","","","","","","","","","42239441989","","","","","","","","","","","","","","","","","","","","","","","",""
"176810009710","Pablo","Becerra","","","49095072.hs-sites.com/es-us/estatus-usho-2626","49095072.hs-sites.com/es-us/estatus-usho-2626","","","350.0","","","Consentimiento libremente otorgado por contacto","","","","","","","1.0","","","Bahia de banderas","tijuana","bcn","","mx","","63735","","AZUL"," --","true","Trámite en tiempo real: Agencia Aduanal HoyMismo (REGISTRO)","pablohonda11@hotmail.com","","","","","","2.0","","","","","2025-11-19 17:00","","","Agencia Aduanal HoyMismo (REGISTRO)","","","","Paseo Vulcano 231 141 fraccionamiento las ceibas","","","","","hotmail.com","0.0","2.0","","","","","Contacto de marketing","","","baja california","En Revisión","Flujo de contactos - Agencia HoyMismo","","","","","","2025-11-19 17:00","","","","","2025-11-19","","","2025-11-19 17:00","2025-11-19 17:00","","2025-11-19 17:00","","","","","","","","","","","","","","","2025-11-19 17:00","","2025-11-19 17:00","","","2025-11-19 17:00","","1196","https://api-na1.hubspot.com/form-integrations/v1/uploaded-files/signed-url-redirect/200230404735?portalId=49095072&sign=N1RUNwrnnGu9wim3q5OfQwiTRMU%3D&conversionId=989943c0-fe75-4da6-b0a9-6c09644b9f2e&filename=989943c0-fe75-4da6-b0a9-6c09644b9f2e-fotos-WhatsApp+Image+2025-11-15+at+10.13.10+AM+(1).jpeg;https://api-na1.hubspot.com/form-integrations/v1/uploaded-files/signed-url-redirect/200230360125?portalId=49095072&sign=jMk0rBfS2hl1e7ubI_3sK8CqVBI%3D&conversionId=989943c0-fe75-4da6-b0a9-6c09644b9f2e&filename=989943c0-fe75-4da6-b0a9-6c09644b9f2e-fotos-WhatsApp+Image+2025-11-15+at+10.13.10+AM+(2).jpeg;https://api-na1.hubspot.com/form-integrations/v1/uploaded-files/signed-url-redirect/200230404736?portalId=49095072&sign=jzl9omqHR7Z-_XLIiStLRKwOQCs%3D&conversionId=989943c0-fe75-4da6-b0a9-6c09644b9f2e&filename=989943c0-fe75-4da6-b0a9-6c09644b9f2e-fotos-WhatsApp+Image+2025-11-15+at+10.13.10+AM.jpeg;https://api-na1.hubspot.com/form-integrations/v1/uploaded-files/signed-url-redirect/200229458344?portalId=49095072&sign=NgVJu1YIl0TNyZmU9gXyiIMhbwc%3D&conversionId=989943c0-fe75-4da6-b0a9-6c09644b9f2e&filename=989943c0-fe75-4da6-b0a9-6c09644b9f2e-fotos-WhatsApp+Image+2025-11-15+at+10.13.11+AM+(1).jpeg;https://api-na1.hubspot.com/form-integrations/v1/uploaded-files/signed-url-redirect/200230223431?portalId=49095072&sign=Qyc59BWsZ4872EHLLOz5jj9u6IM%3D&conversionId=989943c0-fe75-4da6-b0a9-6c09644b9f2e&filename=989943c0-fe75-4da6-b0a9-6c09644b9f2e-fotos-WhatsApp+Image+2025-11-15+at+10.13.11+AM+(2).jpeg;https://api-na1.hubspot.com/form-integrations/v1/uploaded-files/signed-url-redirect/200229458343?portalId=49095072&sign=72VkblitdnZQl45c0w9Y6EtMR48%3D&conversionId=989943c0-fe75-4da6-b0a9-6c09644b9f2e&filename=989943c0-fe75-4da6-b0a9-6c09644b9f2e-fotos-WhatsApp+Image+2025-11-15+at+10.13.11+AM+(3).jpeg;https://api-na1.hubspot.com/form-integrations/v1/uploaded-files/signed-url-redirect/200215338258?portalId=49095072&sign=SYyI_mhYWop7Anf0lj0rKGL8JB8%3D&conversionId=989943c0-fe75-4da6-b0a9-6c09644b9f2e&filename=989943c0-fe75-4da6-b0a9-6c09644b9f2e-fotos-WhatsApp+Image+2025-11-15+at+10.13.11+AM.jpeg;https://api-na1.hubspot.com/form-integrations/v1/uploaded-files/signed-url-redirect/200230223432?portalId=49095072&sign=8qVFJpsgqLFGBm-404f1FI1DuZw%3D&conversionId=989943c0-fe75-4da6-b0a9-6c09644b9f2e&filename=989943c0-fe75-4da6-b0a9-6c09644b9f2e-fotos-WhatsApp+Image+2025-11-15+at+10.13.12+AM+(1).jpeg;https://api-na1.hubspot.com/form-integrations/v1/uploaded-files/signed-url-redirect/200215492744?portalId=49095072&sign=fkUoKdT0sqBAorQ2DnSdYEUu1z4%3D&conversionId=989943c0-fe75-4da6-b0a9-6c09644b9f2e&filename=989943c0-fe75-4da6-b0a9-6c09644b9f2e-fotos-WhatsApp+Image+2025-11-15+at+10.13.12+AM.jpeg;https://api-na1.hubspot.com/form-integrations/v1/uploaded-files/signed-url-redirect/200230360127?portalId=49095072&sign=vaqWNa-AgP05GrFPy3bpl9hrKNI%3D&conversionId=989943c0-fe75-4da6-b0a9-6c09644b9f2e&filename=989943c0-fe75-4da6-b0a9-6c09644b9f2e-fotos-WhatsApp+Image+2025-11-15+at+10.29.32+AM+(1).jpeg;https://api-na1.hubspot.com/form-integrations/v1/uploaded-files/signed-url-redirect/200230360126?portalId=49095072&sign=efPoaMCT2e6f-MvOx2HcdnGwHFQ%3D&conversionId=989943c0-fe75-4da6-b0a9-6c09644b9f2e&filename=989943c0-fe75-4da6-b0a9-6c09644b9f2e-fotos-WhatsApp+Image+2025-11-15+at+10.29.32+AM.jpeg;https://api-na1.hubspot.com/form-integrations/v1/uploaded-files/signed-url-redirect/200230111405?portalId=49095072&sign=PPWVTUKFEoNcWrFULhfIE3o8AZo%3D&conversionId=989943c0-fe75-4da6-b0a9-6c09644b9f2e&filename=989943c0-fe75-4da6-b0a9-6c09644b9f2e-fotos-WhatsApp+Image+2025-11-15+at+10.29.33+AM+(1).jpeg;https://api-na1.hubspot.com/form-integrations/v1/uploaded-files/signed-url-redirect/200215338259?portalId=49095072&sign=iXRebJGLfTYk4NNLBSMwY7S72yM%3D&conversionId=989943c0-fe75-4da6-b0a9-6c09644b9f2e&filename=989943c0-fe75-4da6-b0a9-6c09644b9f2e-fotos-WhatsApp+Image+2025-11-15+at+10.29.33+AM.jpeg","","Tráfico directo","Formularios","Tráfico directo","","","","","CINTHIA-TIJ","","2025-11-19 17:00","","","","","","","","0.0","","","","","","","","1900.0","JEEP","","","","","0.0","WRANGLER","","","","","88579ec3-c1a4-4de4-b82d-e460d38cc3cb","","Registro - HoyMismo","","0.0","1.0","","0.0","1.0","","","",""," +17606059274"," +17606059274","","0.0","0.0","","","","mexico","","","Trámite en tiempo real: Agencia Aduanal HoyMismo (REGISTRO)","https://49095072.hs-sites.com/es-us/estatus-usho-2626","0.0","","","","","","","","","","","","","","","","Envío de formulario","","A3 - Regularización","","","","2025-11-20 00:22","https://49095072.hs-sites.com/es-us/estatus-usho-2626","","2025-11-19 17:00","2025-11-19 17:00","","","","","","1C4BJWDG0FL611556","UTC -07:00 América Tijuana","america_slash_tijuana","","","","","","","502851755676","","","","","","","","35394964615","","","","","","","","","","","42368475454","","","","","","","","","","","","","","","","","","","","","","","",""
"176738342709","Jose Trinidad","Estrada Arriaga","","","hs_automation","49095072.hs-sites.com/es-us/estatus-usho-2626","367635873","","350.0","","","Consentimiento libremente otorgado por contacto","","","","","","","3.0","","","VENUSTIANO CARRANZA","tijuana","bcn","","mx","","59162","","NEGRO"," --","true","Trámite en tiempo real: Agencia Aduanal HoyMismo (REGISTRO)","trestrada1089@gmail.com","","","","1.0","1.0","2.0","","","","","2025-11-19 13:47","","","Agencia Aduanal HoyMismo (REGISTRO)","","","","SIN NOMBRE S/N OJO DE AGUA","","","","","gmail.com","0.0","0.0","","","","","Contacto de marketing","","","baja california","En Revisión","Flujo de contactos - Agencia HoyMismo","","","","","","2025-11-19 13:47","","","","","2025-11-19","","","2025-11-19 13:47","2025-11-20 07:00","2025-11-20 07:00","2025-11-19 13:47","","","","","2025-11-20 07:00","","","","","","","","","2025-11-20 07:00","2025-11-19 13:47","","2025-11-19 13:47","","2025-11-20 07:00","2025-11-19 13:47","","1202","https://api-na1.hubspot.com/form-integrations/v1/uploaded-files/signed-url-redirect/200204165679?portalId=49095072&sign=EpKZuF-DJyaj0DbrCqQrJM3uMMc%3D&conversionId=b8450ea0-3fc9-4100-bbfb-8fb4f107e1c1&filename=b8450ea0-3fc9-4100-bbfb-8fb4f107e1c1-fotos-WhatsApp+Image+2025-11-19+at+10.56.29+AM+(1).jpeg;https://api-na1.hubspot.com/form-integrations/v1/uploaded-files/signed-url-redirect/200205240372?portalId=49095072&sign=NTPhpfraDqDY_Tzf3517oJm3G1Q%3D&conversionId=b8450ea0-3fc9-4100-bbfb-8fb4f107e1c1&filename=b8450ea0-3fc9-4100-bbfb-8fb4f107e1c1-fotos-WhatsApp+Image+2025-11-19+at+10.56.29+AM+(2).jpeg;https://api-na1.hubspot.com/form-integrations/v1/uploaded-files/signed-url-redirect/200204575800?portalId=49095072&sign=xeqML0nODS8Pj7019hi3XFu5qeU%3D&conversionId=b8450ea0-3fc9-4100-bbfb-8fb4f107e1c1&filename=b8450ea0-3fc9-4100-bbfb-8fb4f107e1c1-fotos-WhatsApp+Image+2025-11-19+at+10.56.29+AM.jpeg;https://api-na1.hubspot.com/form-integrations/v1/uploaded-files/signed-url-redirect/200204272412?portalId=49095072&sign=dKIqhz22N2vXGgaf7Uh2GZjDMxo%3D&conversionId=b8450ea0-3fc9-4100-bbfb-8fb4f107e1c1&filename=b8450ea0-3fc9-4100-bbfb-8fb4f107e1c1-fotos-WhatsApp+Image+2025-11-19+at+10.57.16+AM+(1).jpeg;https://api-na1.hubspot.com/form-integrations/v1/uploaded-files/signed-url-redirect/200210516910?portalId=49095072&sign=lAeaVW-9Z4KoEu32x1It3NhUtAo%3D&conversionId=b8450ea0-3fc9-4100-bbfb-8fb4f107e1c1&filename=b8450ea0-3fc9-4100-bbfb-8fb4f107e1c1-fotos-WhatsApp+Image+2025-11-19+at+10.57.16+AM.jpeg;https://api-na1.hubspot.com/form-integrations/v1/uploaded-files/signed-url-redirect/200204488967?portalId=49095072&sign=_aJ8xeA_7lBnoYrQkgcVD2YHWuI%3D&conversionId=b8450ea0-3fc9-4100-bbfb-8fb4f107e1c1&filename=b8450ea0-3fc9-4100-bbfb-8fb4f107e1c1-fotos-WhatsApp+Image+2025-11-19+at+10.57.17+AM+(1).jpeg;https://api-na1.hubspot.com/form-integrations/v1/uploaded-files/signed-url-redirect/200210104437?portalId=49095072&sign=xqM3Ij1tcCN5dZxLDYGJd65pcAQ%3D&conversionId=b8450ea0-3fc9-4100-bbfb-8fb4f107e1c1&filename=b8450ea0-3fc9-4100-bbfb-8fb4f107e1c1-fotos-WhatsApp+Image+2025-11-19+at+10.57.17+AM+(2).jpeg;https://api-na1.hubspot.com/form-integrations/v1/uploaded-files/signed-url-redirect/200204488966?portalId=49095072&sign=LrXeEN9x86H-uX755o3SktYZG2g%3D&conversionId=b8450ea0-3fc9-4100-bbfb-8fb4f107e1c1&filename=b8450ea0-3fc9-4100-bbfb-8fb4f107e1c1-fotos-WhatsApp+Image+2025-11-19+at+10.57.17+AM+(3).jpeg;https://api-na1.hubspot.com/form-integrations/v1/uploaded-files/signed-url-redirect/200204704153?portalId=49095072&sign=QiS6kcoCDVG4fM6G6r9Jh6asDtQ%3D&conversionId=b8450ea0-3fc9-4100-bbfb-8fb4f107e1c1&filename=b8450ea0-3fc9-4100-bbfb-8fb4f107e1c1-fotos-WhatsApp+Image+2025-11-19+at+10.57.17+AM.jpeg;https://api-na1.hubspot.com/form-integrations/v1/uploaded-files/signed-url-redirect/200204165680?portalId=49095072&sign=dEq6zLjcMnB0wxQouTlkaqKaAAY%3D&conversionId=b8450ea0-3fc9-4100-bbfb-8fb4f107e1c1&filename=b8450ea0-3fc9-4100-bbfb-8fb4f107e1c1-fotos-WhatsApp+Image+2025-11-19+at+10.59.51+AM.jpeg;https://api-na1.hubspot.com/form-integrations/v1/uploaded-files/signed-url-redirect/200204575804?portalId=49095072&sign=g2ftQ2ow9nMtNvMAwb06JLXCplQ%3D&conversionId=b8450ea0-3fc9-4100-bbfb-8fb4f107e1c1&filename=b8450ea0-3fc9-4100-bbfb-8fb4f107e1c1-fotos-WhatsApp+Image+2025-11-19+at+11.02.28+AM.jpeg","","Marketing por email","Formularios","Tráfico directo","","","","","CINTHIA-TIJ","","2025-11-19 13:47","","","","","","","","0.0","","","","","","","","1700.0","GMC","","","","","0.0","ACADIA","","","","","88579ec3-c1a4-4de4-b82d-e460d38cc3cb","","Registro - HoyMismo","","0.0","1.0","","0.0","1.0","","","",""," +15095461863"," +15095461863","","2.0","0.0","","","","mexico","","","Trámite en tiempo real: Agencia Aduanal HoyMismo (REGISTRO)","https://49095072.hs-sites.com/es-us/estatus-usho-2626","0.0","","","","","","","","","","","","","","","","Envío de formulario","","A3 - Regularización","","","","2025-12-01 21:59","https://agenciaaduanalhoymismo.com/?utm_medium=email&_hsenc=p2ANqtz--qGUESPrn4ClXyJWWDI_LssclrN5N0A1D-UTrCO7JtQckFlAKFuD-ssCy2GVaLsnxQwQYMoTVPvJ_Sb4zDkHLBm1PEaA&_hsmi=367635873&utm_content=367635873&utm_source=hs_automation","","2025-11-20 07:00","2025-11-20 07:00","","","","","","1GKKVRKDXEJ141890","UTC -07:00 América Tijuana","america_slash_tijuana","","","","","","","502747148856","","","","","","","","35395420565","","","","","","","","","","","42347690085","","","","","","","","","","","","","","","","","","","","","","","",""
"175348363876","Mildred Azeneth","Vega Estrada","Admin Agencia Aduanal HoyMismo","","49095072.hs-sites.com/es-us/estatus-usho-2626","49095072.hs-sites.com/es-us/estatus-usho-2626","","","2500.0","","","Consentimiento libremente otorgado por contacto","","","","","","","10.0","","","SAN NICOLAS DE LOS GARZA, NUEVO LEÓN.","san nicolas de los garza","nle","","mx","","66463","","GRIS"," --","true","Trámite en tiempo real: Agencia Aduanal HoyMismo (REGISTRO)","mily_namaste@yahoo.com","","","","1.0","","2.0","","","","","2025-11-19 13:02","","","Agencia Aduanal HoyMismo (REGISTRO)","","","","CALLE 5 #113, JARDINES DE ANAHUAC 1ER SECTOR","","","https://api-na1.hubspot.com/form-integrations/v1/uploaded-files/signed-url-redirect/200202735404?portalId=49095072&sign=vWbgcUhH4lryDlPeSeBMw1rVo9E%3D&conversionId=031dffde-2899-4f2b-8d08-fcb22916c3a9&filename=031dffde-2899-4f2b-8d08-fcb22916c3a9-documentos_del_cliente-ine+mildred.pdf","","yahoo.com","0.0","0.0","","","","","Contacto de marketing","","","nuevo leon","En proceso","Flujo de contactos - Agencia HoyMismo","","","","","","2025-11-19 13:02","","","","","2025-11-19","","","2025-11-19 13:02","2026-01-29 14:31","2025-11-19 15:57","2025-11-19 13:02","","","","","2025-11-19 15:57","","","","","","","","","","2025-11-15 14:45","","2025-11-19 13:03","","","2025-11-19 13:03","","4836","https://api-na1.hubspot.com/form-integrations/v1/uploaded-files/signed-url-redirect/200203832929?portalId=49095072&sign=wQrVp5RbSq5yzw25lS3bB9oJ-9g%3D&conversionId=031dffde-2899-4f2b-8d08-fcb22916c3a9&filename=031dffde-2899-4f2b-8d08-fcb22916c3a9-fotos-WhatsApp+Image+2025-11-18+at+8.15.11+PM.jpeg","","Tráfico directo","Formularios","Tráfico directo","","","","","VICTORIA-NOG","","2025-11-15 14:45","","","","","","","","0.0","","","","","","","","36000.0","NISSAN PATHFINDER PLATINUM S","","","","","0.0","2015","","","","","88579ec3-c1a4-4de4-b82d-e460d38cc3cb","","Registro - HoyMismo","","0.0","1.0","","0.0","1.0","","","",""," +528125672390"," +528125672390","","9.0","0.0","","","","mexico","","","Trámite en tiempo real: Agencia Aduanal HoyMismo (REGISTRO)","https://49095072.hs-sites.com/es-us/estatus-usho-2626","0.0","","","","","","","","","","","","","","","","Envío de formulario","","A3 - Regularización","","","","2026-01-29 14:47","https://49095072.hs-sites.com/es-us/estatus-usho-2626","","2026-01-29 14:31","2026-01-29 14:31","","","","","","5N1AR2MN8FC695973","UTC -05:00 América Monterrey","america_slash_monterrey","","","","","","","502741410087","","","","","","","","35492909662","","","","","","","","","","","42314187318","","","","","","","","","","","","","","","","","","","","","","","",""
"176712351605","","","","","Unknown keywords (SSL)","Unknown keywords (SSL)","GOOGLE","GOOGLE","","","","","","","","","","","1.0","","","","lawrenceburg","tn","","us","","","",""," --","true","Contacto - Agencia Aduanal Especializada en Importación | AGENCIA ADUANAL IMPORTACION DE MERCANCIA Y MAQUINARIA"": .form__control","francisco_jvc98@hotmail.com","","","","","","","","","","","2025-11-19 10:31","","",".form__control","","","","","","","","","hotmail.com","0.0","","","","","","Contacto de marketing","","","tennessee","","Flujo de contactos - Agencia HoyMismo","","","","","","2025-11-19 10:31","","","","","","","","2025-11-19 10:31","2025-11-19 10:30","","2025-11-19 10:31","","","","","","","","","","","","","","","2025-11-19 10:30","","","","","","","","","","Búsqueda orgánica","Formularios","Búsqueda orgánica","","","","","","","2025-11-19 10:30","","","","","","","","0.0","","","","","","","","","","","","","","0.0","","","","","","6e1f6b45-05a8-42d4-8eb2-06d671a95b84","","","","0.0","1.0","","0.0","1.0","","","","","","","","1.0","0.0","","","","united states","","https://www.google.com/","Contacto - Agencia Aduanal Especializada en Importación | AGENCIA ADUANAL IMPORTACION DE MERCANCIA Y MAQUINARIA"": .form__control","https://agenciaaduanalhoymismo.com/contacto","1.0","","","","","","","","","","","","","","","","Envío de formulario","","","","","","2025-11-19 17:44","https://agenciaaduanalhoymismo.com/contacto","","2025-11-19 10:30","2025-11-19 10:30","","https://www.google.com/","","","","","UTC -05:00 América Chicago","america_slash_chicago","","","","","","","","","","","","","","","","","","","","","","","","","","42253408872","","","","","","","","","","","","","","","","","","","","","","","",""
"174900804235","David","Martinez","","","49095072.hs-sites.com/es-us/estatus-usho-2626","49095072.hs-sites.com/es-us/estatus-usho-2626","","","350.0","","","Consentimiento libremente otorgado por contacto","","","","","","","2.0","","","RUIZ. NAYARIT","tijuana","bcn","","mx","","63628","","ROJO"," --","true","Trámite en tiempo real: Agencia Aduanal HoyMismo (REGISTRO)","davidmartinezromero83@gmail.com","","","","2.0","","2.0","","","","","2025-11-18 18:43","","","Agencia Aduanal HoyMismo (REGISTRO)","","","","C. Iturbide  s/n COL. achota","","","https://api-na1.hubspot.com/form-integrations/v1/uploaded-files/signed-url-redirect/200135772955?portalId=49095072&sign=vSMD1qDqjUUr6SWqwpmsQvrCS1g%3D&conversionId=efea79e2-b614-4a13-a32a-4cabbdc153ec&filename=efea79e2-b614-4a13-a32a-4cabbdc153ec-documentos_del_cliente-WhatsApp+Image+2025-11-18+at+4.18.28+PM+(1).jpeg;https://api-na1.hubspot.com/form-integrations/v1/uploaded-files/signed-url-redirect/200143733056?portalId=49095072&sign=t91Uupd3UKuzBpOorkWiC_Yr_Ik%3D&conversionId=efea79e2-b614-4a13-a32a-4cabbdc153ec&filename=efea79e2-b614-4a13-a32a-4cabbdc153ec-documentos_del_cliente-WhatsApp+Image+2025-11-18+at+4.18.28+PM+(2).jpeg;https://api-na1.hubspot.com/form-integrations/v1/uploaded-files/signed-url-redirect/200135772956?portalId=49095072&sign=scSyqL3LM2keLGwzgJlj8MpjUH8%3D&conversionId=efea79e2-b614-4a13-a32a-4cabbdc153ec&filename=efea79e2-b614-4a13-a32a-4cabbdc153ec-documentos_del_cliente-WhatsApp+Image+2025-11-18+at+4.18.28+PM+(3).jpeg;https://api-na1.hubspot.com/form-integrations/v1/uploaded-files/signed-url-redirect/200143733057?portalId=49095072&sign=oK2V1QgFmc9ljzmETEjakR5Tbr0%3D&conversionId=efea79e2-b614-4a13-a32a-4cabbdc153ec&filename=efea79e2-b614-4a13-a32a-4cabbdc153ec-documentos_del_cliente-WhatsApp+Image+2025-11-18+at+4.18.29+PM+(2).jpeg;https://api-na1.hubspot.com/form-integrations/v1/uploaded-files/signed-url-redirect/200144770984?portalId=49095072&sign=5JTFnN9pL4Iq4c8mx1hnnyeWqzY%3D&conversionId=efea79e2-b614-4a13-a32a-4cabbdc153ec&filename=efea79e2-b614-4a13-a32a-4cabbdc153ec-documentos_del_cliente-WhatsApp+Image+2025-11-18+at+4.18.29+PM+(3).jpeg","","gmail.com","0.0","0.0","","","","","Contacto de marketing","","","baja california","En Revisión","Flujo de contactos - Agencia HoyMismo","","","","","","2025-11-18 18:43","","","","","2025-11-18","","","2025-11-18 18:43","2025-11-18 18:27","2025-11-18 18:52","2025-11-18 18:43","","","","","2025-11-18 18:52","","","","","","","","","","2025-11-13 18:10","","2025-11-18 18:43","","","2025-11-18 18:43","","1201","https://api-na1.hubspot.com/form-integrations/v1/uploaded-files/signed-url-redirect/200135809038?portalId=49095072&sign=Dr6T2YKI-oZu5KTa1b-nkpvCYlc%3D&conversionId=efea79e2-b614-4a13-a32a-4cabbdc153ec&filename=efea79e2-b614-4a13-a32a-4cabbdc153ec-fotos-WhatsApp+Image+2025-11-18+at+4.18.27+PM.jpeg;https://api-na1.hubspot.com/form-integrations/v1/uploaded-files/signed-url-redirect/200144692078?portalId=49095072&sign=FNwMWfGVhvH2o7FRLcWYTYjjJ_8%3D&conversionId=efea79e2-b614-4a13-a32a-4cabbdc153ec&filename=efea79e2-b614-4a13-a32a-4cabbdc153ec-fotos-WhatsApp+Image+2025-11-18+at+4.18.28+PM.jpeg;https://api-na1.hubspot.com/form-integrations/v1/uploaded-files/signed-url-redirect/200135809037?portalId=49095072&sign=l2plIzmhhcmU8ohfJ2Vk9sekMR4%3D&conversionId=efea79e2-b614-4a13-a32a-4cabbdc153ec&filename=efea79e2-b614-4a13-a32a-4cabbdc153ec-fotos-WhatsApp+Image+2025-11-18+at+4.18.29+PM+(1).jpeg;https://api-na1.hubspot.com/form-integrations/v1/uploaded-files/signed-url-redirect/200135738905?portalId=49095072&sign=PkPwmk4l3xCwcISLN4cLO1Wy-ZY%3D&conversionId=efea79e2-b614-4a13-a32a-4cabbdc153ec&filename=efea79e2-b614-4a13-a32a-4cabbdc153ec-fotos-WhatsApp+Image+2025-11-18+at+4.18.29+PM.jpeg","","Tráfico directo","Formularios","Tráfico directo","","","","","CINTHIA-TIJ","","2025-11-13 18:10","","","","","","","","0.0","","","","","","","","1750.0","GMC","","","","","0.0","TERRAIN","","","","","88579ec3-c1a4-4de4-b82d-e460d38cc3cb","","Registro - HoyMismo","","0.0","1.0","","0.0","1.0","","","",""," +13237292220"," +13237292220","","2.0","0.0","","","","mexico","","","Trámite en tiempo real: Agencia Aduanal HoyMismo (REGISTRO)","https://49095072.hs-sites.com/es-us/estatus-usho-2626","1.0","","","","","","","","","","","","","","","","Envío de formulario","","A3 - Regularización","","","","2025-12-02 00:51","https://49095072.hs-sites.com/es-us/estatus-usho-2626","","2025-11-18 18:27","2025-11-18 18:27","","","","","","2CTFLJEY6A6383672","UTC -07:00 América Tijuana","america_slash_tijuana","","","","","","","502474612596","","","","","","","","35506386067","","","","","","","","","","","42178452739","","","","","","","","","","","","","","","","","","","","","","","",""
"176460358169","Heriberto","Capilla","","","49095072.hs-sites.com/es-us/estatus-usho-2626","49095072.hs-sites.com/es-us/estatus-usho-2626","","","350.0","","","Consentimiento libremente otorgado por contacto","","","","","","","13.0","","","San Luis Potosi","tijuana","bcn","","mx","","78421","","Negro"," --","true","Trámite en tiempo real: Agencia Aduanal HoyMismo (REGISTRO)","hcc_9733@hotmail.com","","","","","","2.0","","","","","2025-11-18 17:45","","","Agencia Aduanal HoyMismo (REGISTRO)","","","","Viñedo de nogales 155 fracc sonous","","","","","hotmail.com","0.0","2.0","","","","","Contacto de marketing","","","baja california","En Revisión","Flujo de contactos - Agencia HoyMismo","","","","","","2025-11-18 17:45","","","","","2025-11-18","","","2025-11-18 17:45","2026-01-31 12:20","","2025-11-18 17:45","","","","","","","","","","","","","","","2025-11-18 13:32","","2025-11-18 17:45","","","2025-11-18 17:45","","1199","https://api-na1.hubspot.com/form-integrations/v1/uploaded-files/signed-url-redirect/200135688608?portalId=49095072&sign=sJHpY1mtzu_Ap3woU0dmvUOEUbE%3D&conversionId=7f607e68-57a3-4fa5-a771-0f854019bc7a&filename=7f607e68-57a3-4fa5-a771-0f854019bc7a-fotos-WhatsApp+Image+2025-11-18+at+1.04.42+PM.jpeg;https://api-na1.hubspot.com/form-integrations/v1/uploaded-files/signed-url-redirect/200144376986?portalId=49095072&sign=NGmhWeuR_72hwRsZOFapS9J_2rI%3D&conversionId=7f607e68-57a3-4fa5-a771-0f854019bc7a&filename=7f607e68-57a3-4fa5-a771-0f854019bc7a-fotos-WhatsApp+Image+2025-11-18+at+8.50.39+AM+(1).jpeg;https://api-na1.hubspot.com/form-integrations/v1/uploaded-files/signed-url-redirect/200143777402?portalId=49095072&sign=pmWnE2hd5wnYsm2Qnec6ScdQoTc%3D&conversionId=7f607e68-57a3-4fa5-a771-0f854019bc7a&filename=7f607e68-57a3-4fa5-a771-0f854019bc7a-fotos-WhatsApp+Image+2025-11-18+at+8.50.39+AM+(2).jpeg;https://api-na1.hubspot.com/form-integrations/v1/uploaded-files/signed-url-redirect/200135314461?portalId=49095072&sign=JuZEPa0Ju6sqIM6b_Atl4QntJVM%3D&conversionId=7f607e68-57a3-4fa5-a771-0f854019bc7a&filename=7f607e68-57a3-4fa5-a771-0f854019bc7a-fotos-WhatsApp+Image+2025-11-18+at+8.50.39+AM+(3).jpeg;https://api-na1.hubspot.com/form-integrations/v1/uploaded-files/signed-url-redirect/200135715075?portalId=49095072&sign=d9H9CLqFXeHNBrgqix6_Eq4GTcg%3D&conversionId=7f607e68-57a3-4fa5-a771-0f854019bc7a&filename=7f607e68-57a3-4fa5-a771-0f854019bc7a-fotos-WhatsApp+Image+2025-11-18+at+8.50.39+AM.jpeg;https://api-na1.hubspot.com/form-integrations/v1/uploaded-files/signed-url-redirect/200135784542?portalId=49095072&sign=8KUaGbwAQw4XeKiSu-wtQ7HYxQk%3D&conversionId=7f607e68-57a3-4fa5-a771-0f854019bc7a&filename=7f607e68-57a3-4fa5-a771-0f854019bc7a-fotos-WhatsApp+Image+2025-11-18+at+8.53.00+AM.jpeg","","Tráfico directo","Formularios","Tráfico directo","","","","","CINTHIA-TIJ","","2025-11-18 13:32","","","","","","","","0.0","","","","","","","","2100.0","Audi","","","","","0.0","Q5","","","","","88579ec3-c1a4-4de4-b82d-e460d38cc3cb","","Registro - HoyMismo","","0.0","1.0","","0.0","1.0","","","",""," +522221062534","","","12.0","0.0","","","","mexico","","","Trámite en tiempo real: Agencia Aduanal HoyMismo (REGISTRO)","https://49095072.hs-sites.com/es-us/estatus-usho-2626","0.0","","","","","","","","","","","","","","","","Envío de formulario","","A3 - Regularización","","","","2026-01-31 12:35","https://49095072.hs-sites.com/es-us/estatus-usho-2626","","2026-01-31 12:20","2026-01-31 12:20","","","","","","WA1CFAFP6FA025245","UTC -07:00 América Tijuana","america_slash_tijuana","","","","","","","502444046472","","","","","","","","35344428604","","","","","","","","","","","42325222917","","","","","","","","","","","","","","","","","","","","","","","",""
"175375392654","Edgar","Gonzalez Ortiz","","","49095072.hs-sites.com/es-us/estatus-usho-2626","49095072.hs-sites.com/es-us/estatus-usho-2626","","","350.0","","","Consentimiento libremente otorgado por contacto","","","","","","","2.0","","","LA COMPAÑIA","tijuana","bcn","","mx","","71567","","NEGRO"," --","true","Trámite en tiempo real: Agencia Aduanal HoyMismo (REGISTRO)","edgargonzalez_831@icloud.com","","","","","","2.0","","","","","2025-11-15 19:49","","","Agencia Aduanal HoyMismo (REGISTRO)","","","","CALLE MORELOS 8  AGUA DEL ESPINO","","","","","icloud.com","0.0","4.0","","","","","Contacto de marketing","","","baja california","En Revisión","Flujo de contactos - Agencia HoyMismo","","","","","","2025-11-15 19:49","","","","","2025-11-18","","","2025-11-18 18:52","2025-11-18 18:52","","2025-11-15 19:49","","","","","","","","","","","","","","","2025-11-15 19:49","","2025-11-15 19:49","","","2025-11-18 18:52","","1198","https://api-na1.hubspot.com/form-integrations/v1/uploaded-files/signed-url-redirect/200144408625?portalId=49095072&sign=k43nA1iEPVZFKBP04sHOlSbh__k%3D&conversionId=0a379956-e341-43c3-a2a4-282045b07712&filename=0a379956-e341-43c3-a2a4-282045b07712-fotos-WhatsApp+Image+2025-11-15+at+5.05.35+PM+(1).jpeg;https://api-na1.hubspot.com/form-integrations/v1/uploaded-files/signed-url-redirect/200144549813?portalId=49095072&sign=kIPxtNZqPtR3LDFdRXYL69IblgE%3D&conversionId=0a379956-e341-43c3-a2a4-282045b07712&filename=0a379956-e341-43c3-a2a4-282045b07712-fotos-WhatsApp+Image+2025-11-15+at+5.05.35+PM+(2).jpeg;https://api-na1.hubspot.com/form-integrations/v1/uploaded-files/signed-url-redirect/200144991663?portalId=49095072&sign=8tLuP1LN8t-7VsczA0fmpCatphM%3D&conversionId=0a379956-e341-43c3-a2a4-282045b07712&filename=0a379956-e341-43c3-a2a4-282045b07712-fotos-WhatsApp+Image+2025-11-15+at+5.05.35+PM+(3).jpeg;https://api-na1.hubspot.com/form-integrations/v1/uploaded-files/signed-url-redirect/200144597250?portalId=49095072&sign=D3vPiVrd9voLTPpbVZwcQDtd06E%3D&conversionId=0a379956-e341-43c3-a2a4-282045b07712&filename=0a379956-e341-43c3-a2a4-282045b07712-fotos-WhatsApp+Image+2025-11-15+at+5.05.35+PM.jpeg;https://api-na1.hubspot.com/form-integrations/v1/uploaded-files/signed-url-redirect/200144597251?portalId=49095072&sign=ecsrSLFnw1YxYligjMp2w8X6w60%3D&conversionId=0a379956-e341-43c3-a2a4-282045b07712&filename=0a379956-e341-43c3-a2a4-282045b07712-fotos-WhatsApp+Image+2025-11-15+at+5.05.36+PM+(1).jpeg;https://api-na1.hubspot.com/form-integrations/v1/uploaded-files/signed-url-redirect/200144774433?portalId=49095072&sign=mR-1twhOrAPBJ4RTUR848g0xqhM%3D&conversionId=0a379956-e341-43c3-a2a4-282045b07712&filename=0a379956-e341-43c3-a2a4-282045b07712-fotos-WhatsApp+Image+2025-11-15+at+5.05.36+PM+(2).jpeg;https://api-na1.hubspot.com/form-integrations/v1/uploaded-files/signed-url-redirect/200137304497?portalId=49095072&sign=OuZf2TFW6KoVFSF7iZjud1sDyos%3D&conversionId=0a379956-e341-43c3-a2a4-282045b07712&filename=0a379956-e341-43c3-a2a4-282045b07712-fotos-WhatsApp+Image+2025-11-15+at+5.05.36+PM+(3).jpeg;https://api-na1.hubspot.com/form-integrations/v1/uploaded-files/signed-url-redirect/200144774434?portalId=49095072&sign=QPDKHCqpbqy9QXVgCvGOUXlce8w%3D&conversionId=0a379956-e341-43c3-a2a4-282045b07712&filename=0a379956-e341-43c3-a2a4-282045b07712-fotos-WhatsApp+Image+2025-11-15+at+5.05.36+PM+(4).jpeg;https://api-na1.hubspot.com/form-integrations/v1/uploaded-files/signed-url-redirect/200137304498?portalId=49095072&sign=JP90EkWft64oeV3BWLVAdJV1Y4E%3D&conversionId=0a379956-e341-43c3-a2a4-282045b07712&filename=0a379956-e341-43c3-a2a4-282045b07712-fotos-WhatsApp+Image+2025-11-15+at+5.05.36+PM+(5).jpeg;https://api-na1.hubspot.com/form-integrations/v1/uploaded-files/signed-url-redirect/200144549812?portalId=49095072&sign=ZdVdF7p5vI5CXbKzn6y_HRRu05s%3D&conversionId=0a379956-e341-43c3-a2a4-282045b07712&filename=0a379956-e341-43c3-a2a4-282045b07712-fotos-WhatsApp+Image+2025-11-15+at+5.05.36+PM+(6).jpeg;https://api-na1.hubspot.com/form-integrations/v1/uploaded-files/signed-url-redirect/200135813145?portalId=49095072&sign=mH7_lnvy89hgdcz6fHKfP78q1v0%3D&conversionId=0a379956-e341-43c3-a2a4-282045b07712&filename=0a379956-e341-43c3-a2a4-282045b07712-fotos-WhatsApp+Image+2025-11-15+at+5.05.36+PM+(7).jpeg;https://api-na1.hubspot.com/form-integrations/v1/uploaded-files/signed-url-redirect/200144549814?portalId=49095072&sign=a_d6EUu1CX_8VyItFTZfNTx9H8M%3D&conversionId=0a379956-e341-43c3-a2a4-282045b07712&filename=0a379956-e341-43c3-a2a4-282045b07712-fotos-WhatsApp+Image+2025-11-15+at+5.05.36+PM.jpeg;https://api-na1.hubspot.com/form-integrations/v1/uploaded-files/signed-url-redirect/200135813144?portalId=49095072&sign=TyO5GFDdowWpuKloSWxuTJqOXLg%3D&conversionId=0a379956-e341-43c3-a2a4-282045b07712&filename=0a379956-e341-43c3-a2a4-282045b07712-fotos-WhatsApp+Image+2025-11-15+at+5.07.21+PM.jpeg","","Tráfico directo","Formularios","Tráfico directo","","","","","CINTHIA-TIJ","","2025-11-15 19:49","","","","","","","","0.0","","","","","","","","3150.0","TOYOTA","","","","","0.0","TACOMA","","","","","88579ec3-c1a4-4de4-b82d-e460d38cc3cb","","Registro - HoyMismo","","4.0","2.0","","0.0","1.0","","","",""," +18317569105","","4.0","0.0","0.0","","","","mexico","","","Trámite en tiempo real: Agencia Aduanal HoyMismo (REGISTRO)","https://49095072.hs-sites.com/es-us/estatus-usho-2626","0.0","","","","","","","","","","","","","","","","Envío de formulario","","A1 - Importación definitiva","","2025-11-28 06:57","","2025-11-28 06:57","https://49095072.hs-sites.com/es-us/estatus-usho-2626","","2025-11-18 18:52","2025-11-18 18:52","2025-11-28 06:57","","","","","5TELU42N36Z186580","UTC -07:00 América Tijuana","america_slash_tijuana","","","","","","","501323311776;502478126701","","","","","","96571506321;96847197260;97131447120;97160154704","","35047138623;35507640967","","","","","","","","","","","41792368152;42173495839","","","","","","","","","","","","","","","","","","","","","","","",""
"175209093890","Armando","Gutierrez","","","49095072.hs-sites.com/es-us/estatus-usho-2626","49095072.hs-sites.com/es-us/estatus-usho-2626","","","1125.0","","","Consentimiento libremente otorgado por contacto","","","","","","","1.0","","","Tijuana","tijuana","bcn","","mx","","22010","","Azul"," --","true","Trámite en tiempo real: Agencia Aduanal HoyMismo (REGISTRO)","armagu1@hotmail.com","","","","","","2.0","","","","","2025-11-14 18:49","","","Agencia Aduanal HoyMismo (REGISTRO)","","","","Tijuana","","","","","hotmail.com","0.0","2.0","","","","","Contacto de marketing","","","baja california","En Revisión","Flujo de contactos - Agencia HoyMismo","","","","","","2025-11-14 18:49","","","","","2025-11-14","","","2025-11-14 18:49","2025-11-14 18:49","","2025-11-14 18:49","","","","","","","","","","","","","","","2025-11-14 18:49","","2025-11-14 18:50","","","2025-11-14 18:50","","1187","https://api-na1.hubspot.com/form-integrations/v1/uploaded-files/signed-url-redirect/199797512268?portalId=49095072&sign=bUZDu8zqZpNQ63Tx-k1EJ2pRVQ4%3D&conversionId=4a0ae481-b506-4ada-8962-b6388924c4fd&filename=4a0ae481-b506-4ada-8962-b6388924c4fd-fotos-1.jpeg;https://api-na1.hubspot.com/form-integrations/v1/uploaded-files/signed-url-redirect/199794790527?portalId=49095072&sign=gAqFjiHPJHGQn5ISpG7x5Yes97A%3D&conversionId=4a0ae481-b506-4ada-8962-b6388924c4fd&filename=4a0ae481-b506-4ada-8962-b6388924c4fd-fotos-WhatsApp+Image+2025-11-10+at+12.00.51+PM.jpeg;https://api-na1.hubspot.com/form-integrations/v1/uploaded-files/signed-url-redirect/199797056952?portalId=49095072&sign=PfgowAUJ1x1pSojNjLOBE3OHmvI%3D&conversionId=4a0ae481-b506-4ada-8962-b6388924c4fd&filename=4a0ae481-b506-4ada-8962-b6388924c4fd-fotos-WhatsApp+Image+2025-11-10+at+12.00.52+PM+(2).jpeg;https://api-na1.hubspot.com/form-integrations/v1/uploaded-files/signed-url-redirect/199797114391?portalId=49095072&sign=hwkCcgM9zI9l1UVO4a2UHGVw1hQ%3D&conversionId=4a0ae481-b506-4ada-8962-b6388924c4fd&filename=4a0ae481-b506-4ada-8962-b6388924c4fd-fotos-WhatsApp+Image+2025-11-10+at+12.00.52+PM+(4).jpeg;https://api-na1.hubspot.com/form-integrations/v1/uploaded-files/signed-url-redirect/199797512267?portalId=49095072&sign=oE_Ar4WniDB43_9CqkYvJzKNa90%3D&conversionId=4a0ae481-b506-4ada-8962-b6388924c4fd&filename=4a0ae481-b506-4ada-8962-b6388924c4fd-fotos-WhatsApp+Image+2025-11-10+at+12.00.52+PM+(5).jpeg;https://api-na1.hubspot.com/form-integrations/v1/uploaded-files/signed-url-redirect/199801084438?portalId=49095072&sign=sDfqYNCi6A2OoFUfbhCp99GvBBU%3D&conversionId=4a0ae481-b506-4ada-8962-b6388924c4fd&filename=4a0ae481-b506-4ada-8962-b6388924c4fd-fotos-WhatsApp+Image+2025-11-10+at+12.00.52+PM+(6).jpeg;https://api-na1.hubspot.com/form-integrations/v1/uploaded-files/signed-url-redirect/199797602939?portalId=49095072&sign=pGtB59VB8Mdfn1A6f8w28uirwcQ%3D&conversionId=4a0ae481-b506-4ada-8962-b6388924c4fd&filename=4a0ae481-b506-4ada-8962-b6388924c4fd-fotos-WhatsApp+Image+2025-11-10+at+12.00.52+PM+(7).jpeg;https://api-na1.hubspot.com/form-integrations/v1/uploaded-files/signed-url-redirect/199798653215?portalId=49095072&sign=noAfbM4sO0cpbMLgPM3GGn5ICX8%3D&conversionId=4a0ae481-b506-4ada-8962-b6388924c4fd&filename=4a0ae481-b506-4ada-8962-b6388924c4fd-fotos-WhatsApp+Image+2025-11-10+at+12.00.52+PM.jpeg;https://api-na1.hubspot.com/form-integrations/v1/uploaded-files/signed-url-redirect/199797056951?portalId=49095072&sign=gC8j2wULuKaMpzgwK29cIEuucqg%3D&conversionId=4a0ae481-b506-4ada-8962-b6388924c4fd&filename=4a0ae481-b506-4ada-8962-b6388924c4fd-fotos-WhatsApp+Image+2025-11-14+at+11.57.44+AM.jpeg;https://api-na1.hubspot.com/form-integrations/v1/uploaded-files/signed-url-redirect/199801119881?portalId=49095072&sign=iQWlvD7qsbvTlj9oNC8T6QqMASs%3D&conversionId=4a0ae481-b506-4ada-8962-b6388924c4fd&filename=4a0ae481-b506-4ada-8962-b6388924c4fd-fotos-WhatsApp+Image+2025-11-14+at+11.57.45+AM.jpeg;https://api-na1.hubspot.com/form-integrations/v1/uploaded-files/signed-url-redirect/199797326089?portalId=49095072&sign=j7viEnvrMPybmDl5VMIHMLls4Js%3D&conversionId=4a0ae481-b506-4ada-8962-b6388924c4fd&filename=4a0ae481-b506-4ada-8962-b6388924c4fd-fotos-WhatsApp+Image+2025-11-14+at+11.57.46+AM.jpeg;https://api-na1.hubspot.com/form-integrations/v1/uploaded-files/signed-url-redirect/199801084437?portalId=49095072&sign=56N3jDiN-6O_QJCSuoLW2ENIcx4%3D&conversionId=4a0ae481-b506-4ada-8962-b6388924c4fd&filename=4a0ae481-b506-4ada-8962-b6388924c4fd-fotos-WhatsApp+Image+2025-11-14+at+11.57.49+AM.jpeg;https://api-na1.hubspot.com/form-integrations/v1/uploaded-files/signed-url-redirect/199797512269?portalId=49095072&sign=CFR9ZQlsrw8aXFZeVeY23DPvRjA%3D&conversionId=4a0ae481-b506-4ada-8962-b6388924c4fd&filename=4a0ae481-b506-4ada-8962-b6388924c4fd-fotos-recibo_cfe+(1).pdf","","Tráfico directo","Formularios","Tráfico directo","","","","","CINTHIA-TIJ","","2025-11-14 18:49","","","","","","","","0.0","","","","","","","","1125.0","GMC","","","","","0.0","Terrain","","","","","88579ec3-c1a4-4de4-b82d-e460d38cc3cb","","Registro - HoyMismo","","0.0","1.0","","0.0","1.0","","","",""," +18317407760","","","0.0","0.0","","","","mexico","","","Trámite en tiempo real: Agencia Aduanal HoyMismo (REGISTRO)","https://49095072.hs-sites.com/es-us/estatus-usho-2626","0.0","","","","","","","","","","","","","","","","Envío de formulario","","A3 - Regularización","","","","2025-11-15 02:56","https://49095072.hs-sites.com/es-us/estatus-usho-2626","","2025-11-14 18:49","2025-11-14 18:49","","","","","","2GKA1MEK1E6275148","UTC -07:00 América Tijuana","america_slash_tijuana","","","","","","","501165457282","","","","","","","","35006802732","","","","","","","","","","","41816695388","","","","","","","","","","","","","","","","","","","","","","","",""
"175106686505","Daniel","Martinez Alcantara","","","49095072.hs-sites.com/es-us/estatus-usho-2626","49095072.hs-sites.com/es-us/estatus-usho-2626","","","100.0","","","Consentimiento libremente otorgado por contacto","","","","","","","1.0","","","TEPEAPULCO, HGO","tijuana","bcn","","mx","","43995","","NEGRO"," --","true","Trámite en tiempo real: Agencia Aduanal HoyMismo (REGISTRO)","dan.mtz.93@hotmail.com","","","","","","2.0","","","","","2025-11-14 11:03","","","Agencia Aduanal HoyMismo (REGISTRO)","","","","C RIO TAMESIS #27, COL VALLE DE GUADALUPE, CD SAHAGUN","","","https://api-na1.hubspot.com/form-integrations/v1/uploaded-files/signed-url-redirect/199767389506?portalId=49095072&sign=DMGI5QTYaMvsfBM4cx1IobsiIZ0%3D&conversionId=449acadb-c121-49a3-9d30-dd7518eb6bbc&filename=449acadb-c121-49a3-9d30-dd7518eb6bbc-documentos_del_cliente-WhatsApp+Image+2025-11-14+at+8.40.30+AM.jpeg","","hotmail.com","0.0","2.0","","","","","Contacto de marketing","","","baja california","En Revisión","Flujo de contactos - Agencia HoyMismo","","","","","","2025-11-14 11:03","","","","","2025-11-14","","","2025-11-14 11:03","2025-11-14 11:03","","2025-11-14 11:03","","","","","","","","","","","","","","","2025-11-14 11:03","","2025-11-14 11:03","","","2025-11-14 11:03","","4836","https://api-na1.hubspot.com/form-integrations/v1/uploaded-files/signed-url-redirect/199767174504?portalId=49095072&sign=__n6VqUmgYmx6y2d11JgGS4iH-Q%3D&conversionId=449acadb-c121-49a3-9d30-dd7518eb6bbc&filename=449acadb-c121-49a3-9d30-dd7518eb6bbc-fotos-WhatsApp+Image+2025-11-14+at+8.40.26+AM.jpeg","","Tráfico directo","Formularios","Tráfico directo","","","","","VICTORIA-NOG","","2025-11-14 11:03","","","","","","","","0.0","","","","","","","","2380.0","TOYOTA CAMRY L","","","","","0.0","2019","","","","","88579ec3-c1a4-4de4-b82d-e460d38cc3cb","","Registro - HoyMismo","","0.0","1.0","","0.0","1.0","","","",""," +527717500188"," +527717500188","","0.0","0.0","","","","mexico","","","Trámite en tiempo real: Agencia Aduanal HoyMismo (REGISTRO)","https://49095072.hs-sites.com/es-us/estatus-usho-2626","0.0","","","","","","","","","","","","","","","","Envío de formulario","","A3 - Regularización","","","","2025-11-14 18:21","https://49095072.hs-sites.com/es-us/estatus-usho-2626","","2025-11-14 11:03","2025-11-14 11:03","","","","","","4T1B11HK2KU730355","UTC -07:00 América Tijuana","america_slash_tijuana","","","","","","","501078057256","","","","","","","","34956999254","","","","","","","","","","","41726759606","","","","","","","","","","","","","","","","","","","","","","","",""
"173178393448","Eduardo","Maldonado Peralta","","","49095072.hs-sites.com/es-us/estatus-usho-2626","49095072.hs-sites.com/es-us/estatus-usho-2626","","","350.0","","","Consentimiento libremente otorgado por contacto","","","","","","","1.0","","","AMEALCO DE BONFIL, QRO, MEX","","son","","mx","","76850","","GRIS"," --","true","Trámite en tiempo real: Agencia Aduanal HoyMismo (REGISTRO)","rabbitguz53@gmail.com","","","","1.0","","2.0","","","","","2025-11-08 11:19","","","Agencia Aduanal HoyMismo (REGISTRO)","","","","AMEALCO DE BONFIL, QRO, MEX","","","","","gmail.com","0.0","0.0","","","","","Contacto de marketing","","","sonora","En proceso","Flujo de contactos - Agencia HoyMismo","","","","","","2025-11-08 11:19","","","","","2025-11-07","","","2025-11-08 11:19","2025-11-08 11:19","2025-11-08 11:42","2025-11-08 11:19","","","","","2025-11-08 13:48","","","","","","","","","","2025-11-08 11:19","","2025-11-08 11:19","","","2025-11-08 11:19","","3023","","","Tráfico directo","Formularios","Tráfico directo","","","","","VICTORIA-NOG","","2025-11-08 11:19","","","","","","","","0.0","","","","","","","","1900.0","HONDA","","","","","0.0","2015","","","","","88579ec3-c1a4-4de4-b82d-e460d38cc3cb","","Registro - HoyMismo","","0.0","1.0","","0.0","1.0","","","",""," +15309837020"," +15309837020","","0.0","0.0","","","","mexico","","","Trámite en tiempo real: Agencia Aduanal HoyMismo (REGISTRO)","https://49095072.hs-sites.com/es-us/estatus-usho-2626","0.0","","","","","","","","","","","","","","","","Envío de formulario","","A3 - Regularización","","","","2025-11-16 01:41","https://49095072.hs-sites.com/es-us/estatus-usho-2626","","2025-11-08 11:19","2025-11-08 11:19","","","","","","19XFB2F89FE265772","UTC -07:00 América Hermosillo","america_slash_hermosillo","","","","","","","497959847017","","","","","","","","34395725423","","","","","","","","","","","41173808785","","","","","","","","","","","","","","","","","","","","","","","",""
"172916170131","","","","","agenciaaduanalhoymismo.com/","agenciaaduanalhoymismo.com/","","","","","","","","","","","","","1.0","","","","deerfield","il","","us","","","",""," --","true","Contacto - Agencia Aduanal Especializada en Importación | AGENCIA ADUANAL IMPORTACION DE MERCANCIA Y MAQUINARIA"": .form__control","edc@briarwoodcountryclub.com","","","","","","","","","","","2025-11-07 15:30","","",".form__control","","","","","","","","","briarwoodcountryclub.com","0.0","","","","","","Contacto de marketing","","","illinois","","Flujo de contactos - Agencia HoyMismo","","","","","","2025-11-07 15:30","","","","","","","","2025-11-07 15:30","2025-11-07 15:18","","2025-11-07 15:30","","","","","","","","","","","","","","","2025-11-07 15:18","","","","","","","","","","Tráfico directo","Formularios","Tráfico directo","","","","","","","2025-11-07 15:18","","","","","","","","0.0","","","","","","","","","","","","","","0.0","","","","","","6e1f6b45-05a8-42d4-8eb2-06d671a95b84","","","","0.0","1.0","","0.0","1.0","","","","","","","","3.0","0.0","","","","united states","","https://www.agenciaaduanalhoymismo.com/","Contacto - Agencia Aduanal Especializada en Importación | AGENCIA ADUANAL IMPORTACION DE MERCANCIA Y MAQUINARIA"": .form__control","https://agenciaaduanalhoymismo.com/","3.0","","","","","","","","","","","","","","","","Envío de formulario","","","","","","2025-11-07 23:16","https://agenciaaduanalhoymismo.com/contacto","","2025-11-07 15:18","2025-11-07 15:19","","https://agenciaaduanalhoymismo.com/","","","","","UTC -05:00 América Chicago","america_slash_chicago","","","","","","","","","","","","","","","","","","","","","","","","","","41173632159","","","","","44074390335","","","","","","","","","","","44074390335","","","","","","","",""
"172742512292","","","","","Unknown keywords (SSL)","Unknown keywords (SSL)","GOOGLE","GOOGLE","","","","","","","","","","","1.0","","","","sparks","nv","","us","","","",""," --","true","Contacto - Agencia Aduanal Especializada en Importación | AGENCIA ADUANAL IMPORTACION DE MERCANCIA Y MAQUINARIA"": .form__control","gallegossmt@gmail.com","","","","","","","","","","","2025-11-06 22:44","","",".form__control","","","","","","","","","gmail.com","0.0","","","","","","Contacto de marketing","","","nevada","","Flujo de contactos - Agencia HoyMismo","","","","","","2025-11-06 22:44","","","","","","","","2025-11-06 22:44","2025-11-06 22:42","","2025-11-06 22:44","","","","","","","","","","","","","","","2025-11-06 22:42","","","","","","","","","","Búsqueda orgánica","Formularios","Búsqueda orgánica","","","","","","","2025-11-06 22:42","","","","","","","","0.0","","","","","","","","","","","","","","0.0","","","","","","6e1f6b45-05a8-42d4-8eb2-06d671a95b84","","","","0.0","1.0","","0.0","1.0","","","","","","","","4.0","0.0","","","","united states","","https://www.google.com/","Contacto - Agencia Aduanal Especializada en Importación | AGENCIA ADUANAL IMPORTACION DE MERCANCIA Y MAQUINARIA"": .form__control","https://agenciaaduanalhoymismo.com/contacto","4.0","","","","","","","","","","","","","","","","Envío de formulario","","","","","","2025-11-07 06:09","https://agenciaaduanalhoymismo.com/contacto","","2025-11-06 22:42","2025-11-06 22:46","","https://www.google.com/","","","","","UTC -07:00 América Los Ángeles","america_slash_los_angeles","","","","","","","","","","","","","","","","","","","","","","","","","","41185299636","","","","","","","","","","","","","","","","","","","","","","","",""
"161014656810","","","","","agenciaaduanalhoymismo.com/contacto","agenciaaduanalhoymismo.com/","","","","","","","","","","","","","5.0","","","","fort worth","tx","","us","","","",""," --","true","Contacto - Agencia Aduanal Especializada en Importación | AGENCIA ADUANAL IMPORTACION DE MERCANCIA Y MAQUINARIA"": .form__control","mario_heredia_a@yahoo.com","","","","","","","","","","","2025-11-06 07:25","","",".form__control","","","","","","","","","yahoo.com","0.0","","","","","","Contacto de marketing","","","texas","","Flujo de contactos - Agencia HoyMismo","","","","","","2025-11-06 07:25","","","","","","","","2025-11-06 07:25","2025-11-12 07:18","","2025-11-06 07:25","","","","","","","","","","","","","","","2025-10-04 20:36","","","","","","","","","","Tráfico directo","Formularios","Tráfico directo","","","","","","","2025-10-04 20:36","","","","","","","","0.0","","","","","","","","","","","","","","0.0","","","","","","6e1f6b45-05a8-42d4-8eb2-06d671a95b84","","","","0.0","1.0","","0.0","1.0","","","","","","","","9.0","0.0","","","","united states","","","Contacto - Agencia Aduanal Especializada en Importación | AGENCIA ADUANAL IMPORTACION DE MERCANCIA Y MAQUINARIA"": .form__control","https://agenciaaduanalhoymismo.com/","1.0","","","","","","","","","","","","","","","","Envío de formulario","","","","","","2025-11-12 07:34","https://agenciaaduanalhoymismo.com/contacto","","2025-11-12 07:18","2025-11-12 07:18","","https://agenciaaduanalhoymismo.com/importacion-vehivehiculos","","","","","UTC -05:00 América Chicago","america_slash_chicago","","","","","","","","","","","","","","","","","","","","","","","","","","41049242125","","","","","","","","","","","","","","","","","","","","","","","",""
"172296605834","","","","","49095072.hs-sites.com/es-us/estatus-usho-2626","49095072.hs-sites.com/es-us/estatus-usho-2626","","","350.0","","","Consentimiento libremente otorgado por contacto","","","","","","","1.0","","","SALVADOR ESCALANTE","","nle","","mx","","61820","","BLANCO"," --","true","Trámite en tiempo real: Agencia Aduanal HoyMismo (REGISTRO)","loko_2b@hotmail.com","","","","","","2.0","","","","","2025-11-05 12:25","","","Agencia Aduanal HoyMismo (REGISTRO)","","","","AV 16 DE SEPTIEMBRE 99 PBLO OPOPEO","","","https://api-na1.hubspot.com/form-integrations/v1/uploaded-files/signed-url-redirect/199137467655?portalId=49095072&sign=2CLN3FzM6aS2X2Cr4T_mgiuf2fQ%3D&conversionId=7c6ff15e-ed21-4612-9557-aede2a291a52&filename=7c6ff15e-ed21-4612-9557-aede2a291a52-documentos_del_cliente-ea3b414f-7d6e-4648-b802-88c6bdccd2d8.jpeg","","hotmail.com","0.0","2.0","","","","","Contacto de marketing","","","nuevo leon","En proceso","Flujo de contactos - Agencia HoyMismo","","","","","","2025-11-05 12:25","","","","","2025-04-11","","","2025-11-05 12:25","2025-11-05 12:25","","2025-11-05 12:25","","","","","","","","","","","","","","","2025-11-05 12:25","","2025-11-05 12:25","","","2025-11-05 12:25","","2329","https://api-na1.hubspot.com/form-integrations/v1/uploaded-files/signed-url-redirect/199137505396?portalId=49095072&sign=ZQaRYnuMf_KyFqUCHdMsgo_tBe4%3D&conversionId=7c6ff15e-ed21-4612-9557-aede2a291a52&filename=7c6ff15e-ed21-4612-9557-aede2a291a52-fotos-f4e6982a-7403-4bef-87f3-b1d5d2cef756.jpeg","","Tráfico directo","Formularios","Tráfico directo","","","","","ARACELY-MTY","","2025-11-05 12:25","","","","","","","","0.0","","","","","","","","2050.0","FORD F150","","","","","0.0","2012","","","","","88579ec3-c1a4-4de4-b82d-e460d38cc3cb","","Registro - HoyMismo","","0.0","1.0","","0.0","1.0","","","",""," +15097335998"," +15097335998","","0.0","0.0","","","","mexico","","","Trámite en tiempo real: Agencia Aduanal HoyMismo (REGISTRO)","https://49095072.hs-sites.com/es-us/estatus-usho-2626","0.0","","","","","","","","","","","","","","","","Envío de formulario","","A3 - Regularización","","","","2025-11-05 19:53","https://49095072.hs-sites.com/es-us/estatus-usho-2626","","2025-11-05 12:25","2025-11-05 12:25","","","","","","1FTFX1CT5CKE24655","UTC -05:00 América Monterrey","america_slash_monterrey","","","","","","","496381000608","","","","","","","","34248413712","","","","","","","","","","","41044989034","","","","","","","","","","","","","","","","","","","","","","","",""
"172316447909","Cesar","Martinez","","","49095072.hs-sites.com/es-us/estatus-usho-2626","49095072.hs-sites.com/es-us/estatus-usho-2626","","","350.0","","","Consentimiento libremente otorgado por contacto","","","","","","","1.0","","","ARIZONA","","nle","","mx","","86442","","BLANCO"," --","true","Trámite en tiempo real: Agencia Aduanal HoyMismo (REGISTRO)","suaro1416zoe@gmail.com","","","","2.0","","2.0","","","","","2025-11-05 12:04","","","Agencia Aduanal HoyMismo (REGISTRO)","","","","583 STAHLMAN DR BULLHEADCITY","","","","","gmail.com","0.0","0.0","","","","","Contacto de marketing","","","nuevo leon","En proceso","Flujo de contactos - Agencia HoyMismo","","","","","","2025-11-05 12:04","","","","","2025-03-10","","","2025-11-05 12:04","2025-11-05 12:04","2025-11-05 12:40","2025-11-05 12:04","","","","","2025-11-05 12:40","","","","","","","","","","2025-11-05 12:04","","2025-11-05 12:05","","","2025-11-05 12:05","","2327","https://api-na1.hubspot.com/form-integrations/v1/uploaded-files/signed-url-redirect/199137566067?portalId=49095072&sign=jtH6hwzeTOkEWH-aVKx9CA6uOo0%3D&conversionId=3ca6f1ac-5f61-4bb0-b5e5-67192fdb09de&filename=3ca6f1ac-5f61-4bb0-b5e5-67192fdb09de-fotos-ee974673-0505-4944-a388-b2f86bfa61bd.jpeg","","Tráfico directo","Formularios","Tráfico directo","","","","","ARACELY-MTY","","2025-11-05 12:04","","","","","","","","0.0","","","","","","","","4130.0","CHEVROLET","","","","","0.0","GMT400","","","","","88579ec3-c1a4-4de4-b82d-e460d38cc3cb","","Registro - HoyMismo","","0.0","1.0","","0.0","1.0","","","",""," +19284067842"," +19284067842","","0.0","0.0","","","","mexico","","","Trámite en tiempo real: Agencia Aduanal HoyMismo (REGISTRO)","https://49095072.hs-sites.com/es-us/estatus-usho-2626","0.0","","","","","","","","","","","","","","","","Envío de formulario","","A3 - Regularización","","","","2025-11-15 23:15","https://49095072.hs-sites.com/es-us/estatus-usho-2626","","2025-11-05 12:04","2025-11-05 12:04","","","","","","2GCHC39N0N1196513","UTC -05:00 América Monterrey","america_slash_monterrey","","","","","","","496350575148","","","","","","","","34251045172","","","","","","","","","","","41034110312","","","","","","","","","","","","","","","","","","","","","","","",""
"170367490982","Jose Raul","Vela Mera","Admin Agencia Aduanal HoyMismo","","49095072.hs-sites.com/es-us/estatus-usho-2626","49095072.hs-sites.com/es-us/estatus-usho-2626","","","350.0","","","Consentimiento libremente otorgado por contacto","","","","","","","1.0","","","FRANCISCO I. MADERO, HGO.","","nle","","mx","","42660","","NEGRO"," --","true","Trámite en tiempo real: Agencia Aduanal HoyMismo (REGISTRO)","raulvela182@gmail.com","","","","2.0","","2.0","","","","","2025-10-30 15:12","","","Agencia Aduanal HoyMismo (REGISTRO)","","","","C 18 DE MARZO #17, COL 3ERA DEMARCACIÓN, LOC TEPATEPEC","","","https://api-na1.hubspot.com/form-integrations/v1/uploaded-files/signed-url-redirect/198804597127?portalId=49095072&sign=RsAG1Z-r_aJ1bF-z2oQq63d8-po%3D&conversionId=bb243378-3a49-4723-b3ae-9a49c61fd0f0&filename=bb243378-3a49-4723-b3ae-9a49c61fd0f0-documentos_del_cliente-WhatsApp+Image+2025-10-30+at+1.52.30+PM+(1).jpeg","","gmail.com","0.0","0.0","","","","","Contacto de marketing","","","nuevo leon","En proceso","Flujo de contactos - Agencia HoyMismo","","","","","","2025-10-30 15:12","","","","","2025-10-30","","","2025-10-30 15:12","2025-10-30 15:12","2025-10-30 15:54","2025-10-30 15:12","","","","","2025-10-30 20:03","","","","","","","","","","2025-10-30 15:12","","2025-10-30 15:12","","","2025-10-30 15:12","","4821","https://api-na1.hubspot.com/form-integrations/v1/uploaded-files/signed-url-redirect/198801514084?portalId=49095072&sign=GFc4KVHmt0Cj-ky04kb9dfM3mog%3D&conversionId=bb243378-3a49-4723-b3ae-9a49c61fd0f0&filename=bb243378-3a49-4723-b3ae-9a49c61fd0f0-fotos-WhatsApp+Image+2025-10-30+at+1.52.31+PM+(2).jpeg","","Tráfico directo","Formularios","Tráfico directo","","","","","VICTORIA-NOG","","2025-10-30 15:12","","","","","","","","0.0","","","","","","","","1850.0","MINI COUNTRYMAN COOPER SALL4","","","","","0.0","2016","","","","","88579ec3-c1a4-4de4-b82d-e460d38cc3cb","","Registro - HoyMismo","","4.0","1.0","","0.0","1.0","","","",""," +14356660732"," +14356660732","4.0","0.0","0.0","","","","mexico","","","Trámite en tiempo real: Agencia Aduanal HoyMismo (REGISTRO)","https://49095072.hs-sites.com/es-us/estatus-usho-2626","0.0","","","","","","","","","","","","","","","","Envío de formulario","","A3 - Regularización","","2026-01-13 09:49","","2026-01-13 09:49","https://49095072.hs-sites.com/es-us/estatus-usho-2626","","2025-10-30 15:12","2025-10-30 15:12","2026-01-13 09:49","","","","","WMWZC5C55GWU00997","UTC -05:00 América Monterrey","america_slash_monterrey","","","","","","","491833764141","","","","","","99090317689;99093380172;99093753388;101047429011","","33537949731","","","","","","","","","","","40444034140","","","","","","","","","","","","","","","","","","","","","","","",""
"170336134580","Jose Mario","Gutierrez Hernandez","","","agenciaaduanalhoymismo.com/","49095072.hs-sites.com/es-us/estatus-usho-2626","","","2000.0","","","Consentimiento libremente otorgado por contacto","","","","","","","3.0","","","CHILPANCINGO DE LOS BRAVO, GRO.","birmingham","al","","us","","39127","","NEGRO"," --","true","Trámite en tiempo real: Agencia Aduanal HoyMismo (REGISTRO)","fernandogutierrez08151988@gmail.com","","","","1.0","1.0","2.0","","","","","2025-10-30 12:22","","","Agencia Aduanal HoyMismo (REGISTRO)","","","","C SIN NOMBRE S/N, LOC LA HACIENDITA","","","https://api-na1.hubspot.com/form-integrations/v1/uploaded-files/signed-url-redirect/198796524079?portalId=49095072&sign=bawxXOhKFcnALqyaC2EM35LFpyk%3D&conversionId=dfa8a337-dc32-4038-be70-97bb7410d411&filename=dfa8a337-dc32-4038-be70-97bb7410d411-documentos_del_cliente-f610eb0c-0c1d-4e10-beed-5a682d6ebb53.jpeg","","gmail.com","0.0","0.0","","","","","Contacto de marketing","","","alabama","En Revisión","Flujo de contactos - Agencia HoyMismo","","","","","","2025-10-30 12:22","","","","","2025-10-30","","","2025-10-30 12:22","2025-10-30 18:25","2025-10-30 12:38","2025-10-30 12:22","","","","","2025-10-30 12:38","","","","","","","","","2025-10-30 12:38","2025-10-30 12:22","","2025-10-30 12:22","","2025-10-30 12:38","2025-10-30 12:22","","4820","https://api-na1.hubspot.com/form-integrations/v1/uploaded-files/signed-url-redirect/198796524080?portalId=49095072&sign=_gQPFdx4AVYyXVHdmiCpVVQJtuk%3D&conversionId=dfa8a337-dc32-4038-be70-97bb7410d411&filename=dfa8a337-dc32-4038-be70-97bb7410d411-fotos-WhatsApp+Image+2025-10-25+at+11.15.08+AM.jpeg","","Tráfico directo","Formularios","Tráfico directo","","","","","VICTORIA-NOG","","2025-10-30 12:22","","","","","","","","0.0","","","","","","","","0.0","TOYOTA TACOMA TRD PROV6","","","","","0.0","2015","","","","","88579ec3-c1a4-4de4-b82d-e460d38cc3cb","","Registro - HoyMismo","","0.0","1.0","","0.0","1.0","","","",""," +12562278082"," +12562278082","","11.0","0.0","","","","united states","","","Trámite en tiempo real: Agencia Aduanal HoyMismo (REGISTRO)","https://49095072.hs-sites.com/es-us/estatus-usho-2626","3.0","","","","","","","","","","","","","","","","Envío de formulario","","A3 - Regularización","","","","2025-11-02 01:11","https://agenciaaduanalhoymismo.com/","","2025-10-30 18:25","2025-10-30 18:26","","https://agenciaaduanalhoymismo.com/?utm_medium=email&_hsenc=p2ANqtz-_q0SBp6GDdiwaAMOSIGr1zVU6LQZT5ujArEoiJLpO_KmuWBtodOFFjEqm5H0Q46pNVQ__W-5RKC7zy21mv8O9O5PnZxdYFyTQrCc8dONQNZpwapo4&_hsmi=367642293&utm_content=367642293&utm_source=hs_automation","","","","5TFLU4EN2FX135249","UTC -05:00 América Chicago","america_slash_chicago","","","","","","","491814354303","","","","","","","","33533146482","","","","","","","","","","","40470925571","","","","","","","","","","","","","","","","","","","","","","","",""
"163893937582","","","","","agenciaaduanalhoymismo.com/","agenciaaduanalhoymismo.com/","","","","","","","","","","","","","5.0","","","","oxnard","ca","","us","","","",""," --","true","Contacto - Agencia Aduanal Especializada en Importación | AGENCIA ADUANAL IMPORTACION DE MERCANCIA Y MAQUINARIA"": .form__control","aurquidez@yahoo.com","","","","","","","","","","","2025-10-29 14:32","","",".form__control","","","","","","","","","yahoo.com","0.0","","","","","","Contacto de marketing","","","california","","Flujo de contactos - Agencia HoyMismo","","","","","","2025-10-29 14:32","","","","","","","","2025-10-29 14:32","2025-11-03 13:54","","2025-10-29 14:32","","","","","","","","","","","","","","","2025-10-14 11:57","","","","","","","","","","Tráfico directo","Formularios","Tráfico directo","","","","","","","2025-10-14 11:57","","","","","","","","0.0","","","","","","","","","","","","","","0.0","","","","","","6e1f6b45-05a8-42d4-8eb2-06d671a95b84","","","","0.0","1.0","","0.0","1.0","","","","","","","","15.0","0.0","","","","united states","","","Contacto - Agencia Aduanal Especializada en Importación | AGENCIA ADUANAL IMPORTACION DE MERCANCIA Y MAQUINARIA"": .form__control","https://agenciaaduanalhoymismo.com/","3.0","","","","","","","","","","","","","","","","Envío de formulario","","","","","","2025-11-03 14:09","https://agenciaaduanalhoymismo.com/","","2025-11-03 13:54","2025-11-03 13:54","","https://agenciaaduanalhoymismo.com/importacion-vehivehiculos","","","","","UTC -07:00 América Los Ángeles","america_slash_los_angeles","","","","","","","","","","","","","","","","","","","","","","","","","","40405091132","","","","","","","","","","","","","","","","","","","","","","","",""
"169434002023","Pedro Luis","Rios Ochoa","Cecy HoyMismo Agencia","","Unknown keywords (SSL)","Unknown keywords (SSL)","GOOGLE","GOOGLE","2400.0","","","Consentimiento libremente otorgado por contacto","","","","","","","12.0","","","VERACRUZ","","ga","","us","","95207","","PLATA"," --","true","APP WEB inteligente de seguimiento de tramite aduanal – Estatus HoyMismo: #wpforms-form-28 .wpforms-validate, .wpforms-form, .wpforms-ajax-form","pluis.rios.ochoa@gmail.com","","","","2.0","","2.0","","","","","2025-10-28 17:30","","","Agencia Aduanal HoyMismo (REGISTRO)","","","","CON EL BARRIO VER, LOS AMANTES","","","","","gmail.com","0.0","0.0","","","","","Contacto de marketing","","","georgia","Etapa final","Flujo de contactos - Agencia HoyMismo","","2025-11-05 11:22","","","","2025-10-28 17:30","","","","","2025-10-25","","","2025-11-13 17:33","2025-11-13 17:33","2025-10-28 17:30","2025-10-28 17:30","","","","","2025-10-30 11:50","2025-11-13 17:33","","","","","","","","","2025-10-27 12:37","","2025-10-28 17:30","","","2025-10-28 17:30","","2054","","","Búsqueda orgánica","Formularios","Búsqueda orgánica","","","","","CECY-MTY","","2025-10-27 12:37","","","","","","","","0.0","","","","","","","","2400.0","ACURA RSX","","","","","0.0","2006","","","","","d315195d-6eb0-4b06-a953-1db167943e8b","","Registro - HoyMismo","","0.0","11.0","","0.0","2.0","","","",""," +13026733127"," +13026733127","","33.0","0.0","","","","united states","","https://www.google.com/","Trámite en tiempo real: Agencia Aduanal HoyMismo (REGISTRO)","https://estatushoymismo.site/","2.0","Cecy HoyMismo Agencia","","","","","","","","","","","","","","","Envío de formulario","","A3 - Regularización","","","","2025-11-13 17:48","https://estatushoymismo.site/estatus-hoymismo/?email=pluis.rios.ochoa%40gmail.com","","2025-11-13 17:33","2025-11-13 17:33","","https://estatushoymismo.site/tracking/","","","","JH4DC53016S001087","UTC -04:00 América Nueva York","america_slash_new_york","","","","","","","488881717892","","","","","","","","33347406962","","","","","","","","","","","40210190986;40400815373;40530537043;40601806170;40762488180;40966895276;41045470724;41060361611;41173496326;41543239240;41724104198","","","","","","","","","","","","","","","","","","","","","","","",""
"169388526461","Cesar Noe","Santos Martinez","Admin Agencia Aduanal HoyMismo","","49095072.hs-sites.com/es-us/estatus-usho-2626","49095072.hs-sites.com/es-us/estatus-usho-2626","","","350.0","","","Consentimiento libremente otorgado por contacto","","","","","","","1.0","","","LA BLANQUITA, ZAC.","general escobedo","nle","","mx","","98644","","GRIS"," --","true","Trámite en tiempo real: Agencia Aduanal HoyMismo (REGISTRO)","santoszac1@gmail.com","","","","2.0","","2.0","","","","","2025-10-28 15:26","","","Agencia Aduanal HoyMismo (REGISTRO)","","","","LA ESTRELLA 6, LA BLANQUITA","","","https://api-na1.hubspot.com/form-integrations/v1/uploaded-files/signed-url-redirect/198603249162?portalId=49095072&sign=tWZ4ATA6Mrv7Stt3oSZYIeZPNuA%3D&conversionId=9c20544a-2581-49a7-a58d-bd70a9dbf821&filename=9c20544a-2581-49a7-a58d-bd70a9dbf821-documentos_del_cliente-WhatsApp+Image+2025-10-27+at+3.27.39+PM.jpeg","","gmail.com","0.0","0.0","","","","","Contacto de marketing","","","nuevo leon","En proceso","Flujo de contactos - Agencia HoyMismo","","","","","","2025-10-28 15:26","","","","","2025-10-28","","","2025-10-28 15:26","2025-10-28 15:26","2025-10-28 15:33","2025-10-28 15:26","","","","","2025-11-07 14:37","","","","","","","","","","2025-10-28 15:26","","2025-10-28 15:26","","","2025-10-28 15:26","","4719","https://api-na1.hubspot.com/form-integrations/v1/uploaded-files/signed-url-redirect/198603186295?portalId=49095072&sign=ebLr_dvskNrqQjp9c3FnxSUmtIU%3D&conversionId=9c20544a-2581-49a7-a58d-bd70a9dbf821&filename=9c20544a-2581-49a7-a58d-bd70a9dbf821-fotos-WhatsApp+Image+2025-10-27+at+6.01.01+PM+(3).jpeg","","Tráfico directo","Formularios","Tráfico directo","","","","","VICTORIA-NOG","","2025-10-28 15:26","","","","","","","","0.0","","","","","","","","1850.0","TOYOTA 4RUNNER LIMITED","","","","","0.0","2014","","","","","88579ec3-c1a4-4de4-b82d-e460d38cc3cb","","Registro - HoyMismo","","0.0","1.0","","0.0","1.0","","","",""," +14049568627"," +14049568627","","0.0","0.0","","","","mexico","","","Trámite en tiempo real: Agencia Aduanal HoyMismo (REGISTRO)","https://49095072.hs-sites.com/es-us/estatus-usho-2626","0.0","","","","","","","","","","","","","","","","Envío de formulario","","A3 - Regularización","","","","2025-11-26 16:32","https://49095072.hs-sites.com/es-us/estatus-usho-2626","","2025-10-28 15:26","2025-10-28 15:26","","","","","","JTEZU5JR0E5065149","UTC -05:00 América Monterrey","america_slash_monterrey","","","","","","","488722099307","","","","","","","","33361328900","","","","","","","","","","","40247024715","","","","","","","","","","","","","","","","","","","","","","","",""
"167299683405","Vicente","Sanchez Ibarra","","","49095072.hs-sites.com/es-us/estatus-usho-2626","49095072.hs-sites.com/es-us/estatus-usho-2626","","","350.0","","","Consentimiento libremente otorgado por contacto","","","","","","","1.0","","","TEPIC, NAY.","general escobedo","nle","","mx","","63019","","NEGRO"," --","true","Trámite en tiempo real: Agencia Aduanal HoyMismo (REGISTRO)","chenteras2058@gmail.com","","","","","","2.0","","","","","2025-10-24 16:37","","","Agencia Aduanal HoyMismo (REGISTRO)","","","","C LOMA DEL PUNTO #311, COL LOMA HERMOSA","","","https://api-na1.hubspot.com/form-integrations/v1/uploaded-files/signed-url-redirect/198186775923?portalId=49095072&sign=t-JI6Quvjp3poHEmPyiK7h2k6x4%3D&conversionId=0704968e-8266-4d12-80be-439f7fc8302f&filename=0704968e-8266-4d12-80be-439f7fc8302f-documentos_del_cliente-WhatsApp+Image+2025-10-21+at+9.24.33+PM.jpeg","","gmail.com","0.0","2.0","","","","","Contacto de marketing","","","nuevo leon","En Revisión","Flujo de contactos - Agencia HoyMismo","","","","","","2025-10-24 16:37","","","","","2025-10-24","","","2025-10-24 16:37","2025-10-24 16:37","","2025-10-24 16:37","","","","","","","","","","","","","","","2025-10-24 16:37","","2025-10-24 16:38","","","2025-10-24 16:38","","4813","https://api-na1.hubspot.com/form-integrations/v1/uploaded-files/signed-url-redirect/198187138464?portalId=49095072&sign=BAKARg_vf_ZhUkRNh3-XgUSgMv0%3D&conversionId=0704968e-8266-4d12-80be-439f7fc8302f&filename=0704968e-8266-4d12-80be-439f7fc8302f-fotos-WhatsApp+Image+2025-10-21+at+6.39.17+PM.jpeg","","Tráfico directo","Formularios","Tráfico directo","","","","","VICTORIA-NOG","","2025-10-24 16:37","","","","","","","","0.0","","","","","","","","1500.0","TOYOTA TACOMA","","","","","0.0","2006","","","","","88579ec3-c1a4-4de4-b82d-e460d38cc3cb","","Registro - HoyMismo","","0.0","1.0","","0.0","1.0","","","",""," +18054037245"," +18054037245","","0.0","0.0","","","","mexico","","","Trámite en tiempo real: Agencia Aduanal HoyMismo (REGISTRO)","https://49095072.hs-sites.com/es-us/estatus-usho-2626","0.0","","","","","","","","","","","","","","","","Envío de formulario","","A3 - Regularización","","","","2025-10-25 00:00","https://49095072.hs-sites.com/es-us/estatus-usho-2626","","2025-10-24 16:37","2025-10-24 16:37","","","","","","5TEUX42N06Z147974","UTC -05:00 América Monterrey","america_slash_monterrey","","","","","","","485948230511","","","","","","","","33079012161","","","","","","","","","","","39889598031","","","","","","","","","","","","","","","","","","","","","","","",""
"166809698692","Miguel","Ayon","","","49095072.hs-sites.com/es-us/estatus-usho-2626","49095072.hs-sites.com/es-us/estatus-usho-2626","","","350.0","","","Consentimiento libremente otorgado por contacto","","","","","","","1.0","","","JALISCO","","nle","","mx","","46700","","GRIS OSCURO"," --","true","Trámite en tiempo real: Agencia Aduanal HoyMismo (REGISTRO)","miguelayon1@icloud.com","","","","","","2.0","","","","","2025-10-23 16:02","","","Agencia Aduanal HoyMismo (REGISTRO)","","","","LIBERTAD 13  REAL JAYAMITLA","","","","","icloud.com","0.0","2.0","","","","","Contacto de marketing","","","nuevo leon","En Revisión","Flujo de contactos - Agencia HoyMismo","","","","","","2025-10-23 16:02","","","","","2025-10-23","","","2025-10-23 16:02","2025-10-23 16:02","","2025-10-23 16:02","","","","","","","","","","","","","","","2025-10-23 16:02","","2025-10-23 16:02","","","2025-10-23 16:03","","2063","","","Tráfico directo","Formularios","Tráfico directo","","","","","CECY-MTY","","2025-10-23 16:02","","","","","","","","0.0","","","","","","","","2290.0","RAM","","","","","0.0","2016","","","","","88579ec3-c1a4-4de4-b82d-e460d38cc3cb","","Registro - HoyMismo","","0.0","1.0","","0.0","1.0","","","",""," +19716122095"," +19716122095","","0.0","0.0","","","","mexico","","","Trámite en tiempo real: Agencia Aduanal HoyMismo (REGISTRO)","https://49095072.hs-sites.com/es-us/estatus-usho-2626","0.0","","","","","","","","","","","","","","","","Envío de formulario","","VU - Vehículo Interior República","","","","2025-10-23 23:39","https://49095072.hs-sites.com/es-us/estatus-usho-2626","","2025-10-23 16:02","2025-10-23 16:02","","","","","","1C6RR7LT7GS122694","UTC -05:00 América Monterrey","america_slash_monterrey","","","","","","","483784120328","","","","","","","","32694559489","","","","","","","","","","","39592799109","","","","","","","","","","","","","","","","","","","","","","","",""
"166667322898","Freddy Ventura","Lemus Tinoco","","","49095072.hs-sites.com/es-us/estatus-usho-2626","49095072.hs-sites.com/es-us/estatus-usho-2626","","","500.0","","","Consentimiento libremente otorgado por contacto","","","","","","","1.0","","","TACAMBARO, MICH.","general escobedo","nle","","mx","","61670","","GRIS"," --","true","Trámite en tiempo real: Agencia Aduanal HoyMismo (REGISTRO)","gabrielmelendez1969@gmail.com","","","","2.0","","2.0","","","","","2025-10-23 12:57","","","Agencia Aduanal HoyMismo (REGISTRO)","","","","C SIN NOMBRE S/N, PBLO CHUPIO","","","https://api-na1.hubspot.com/form-integrations/v1/uploaded-files/signed-url-redirect/198069367423?portalId=49095072&sign=79WkvmhvecqMzQSyuxf_rAZ43rE%3D&conversionId=3a878031-4db6-4bbd-9bd4-ceea07857461&filename=3a878031-4db6-4bbd-9bd4-ceea07857461-documentos_del_cliente-WhatsApp+Image+2025-10-23+at+12.09.45+PM.jpeg","","gmail.com","0.0","0.0","","","","","Contacto de marketing","","","nuevo leon","En Revisión","Flujo de contactos - Agencia HoyMismo","","","","","","2025-10-23 12:58","","","","","2025-10-23","","","2025-10-23 12:57","2025-10-23 12:57","2025-10-23 13:17","2025-10-23 12:57","","","","","2025-10-24 16:08","","","","","","","","","","2025-10-23 12:57","","2025-10-23 12:58","","","2025-10-23 12:58","","4816","https://api-na1.hubspot.com/form-integrations/v1/uploaded-files/signed-url-redirect/198069397000?portalId=49095072&sign=6Z64LAsjzTZatW4j5F5EHeYyAD4%3D&conversionId=3a878031-4db6-4bbd-9bd4-ceea07857461&filename=3a878031-4db6-4bbd-9bd4-ceea07857461-fotos-WhatsApp+Image+2025-10-23+at+12.10.23+PM+(1).jpeg","","Tráfico directo","Formularios","Tráfico directo","","","","","VICTORIA-NOG","","2025-10-23 12:57","","","","","","","","0.0","","","","","","","","8300.0","VOLVO VNL","","","","","0.0","2014","","","","","88579ec3-c1a4-4de4-b82d-e460d38cc3cb","","Registro - HoyMismo","","0.0","1.0","","0.0","1.0","","","",""," +17073926728"," +17073926728","","0.0","0.0","","","","mexico","","","Trámite en tiempo real: Agencia Aduanal HoyMismo (REGISTRO)","https://49095072.hs-sites.com/es-us/estatus-usho-2626","0.0","","","","","","","","","","","","","","","","Envío de formulario","","A1 - Importación definitiva","","","","2025-11-01 20:18","https://49095072.hs-sites.com/es-us/estatus-usho-2626","","2025-10-23 12:57","2025-10-23 12:57","","","","","","4V4NC9EH6EN177912","UTC -05:00 América Monterrey","america_slash_monterrey","","","","","","","483605875893","","","","","","","","32709999423","","","","","","","","","","","39582152478","","","","","","","","","","","","","","","","","","","","","","","",""
"166357787189","Jose Fabian","Aguilar Rubio","","","49095072.hs-sites.com/es-us/estatus-usho-2626","49095072.hs-sites.com/es-us/estatus-usho-2626","","","100.0","","","Consentimiento libremente otorgado por contacto","","","","","","","1.0","","","QUERETARO, QRO.","","nle","","mx","","76221","","AZUL"," --","true","Trámite en tiempo real: Agencia Aduanal HoyMismo (REGISTRO)","aguilarrubio17fabian@gmail.com","","","","2.0","","2.0","","","","","2025-10-22 14:35","","","Agencia Aduanal HoyMismo (REGISTRO)","","","","C VICENTE GUERRERO S/N, LOC LA BARRETA","","","https://api-na1.hubspot.com/form-integrations/v1/uploaded-files/signed-url-redirect/198016254472?portalId=49095072&sign=bz-B-zmhoR3eX3JFYlBYuGmCFhM%3D&conversionId=3c33754a-a463-4491-bd3d-712674ad3956&filename=3c33754a-a463-4491-bd3d-712674ad3956-documentos_del_cliente-f541eafa-380d-4aa1-a4eb-811001dcfce2.jfif","","gmail.com","0.0","0.0","","","","","Contacto de marketing","","","nuevo leon","En Revisión","Flujo de contactos - Agencia HoyMismo","","","","","","2025-10-22 14:35","","","","","2025-10-22","","","2025-10-22 14:35","2025-10-22 14:35","2025-10-22 17:50","2025-10-22 14:35","","","","","2025-10-22 17:50","","","","","","","","","","2025-10-22 14:35","","2025-10-22 14:35","","","2025-10-22 14:35","","4816","https://api-na1.hubspot.com/form-integrations/v1/uploaded-files/signed-url-redirect/198015176846?portalId=49095072&sign=jVdkC5K9WzHZLjNg5uXRSanyXH8%3D&conversionId=3c33754a-a463-4491-bd3d-712674ad3956&filename=3c33754a-a463-4491-bd3d-712674ad3956-fotos-d0a5ee52-0de9-4690-98ba-35d7a91d27ab.jfif","","Tráfico directo","Formularios","Tráfico directo","","","","","VICTORIA-NOG","","2025-10-22 14:35","","","","","","","","0.0","","","","","","","","1850.0","CHEVROLET SILVERADO 1500 WORK TRUCK","","","","","0.0","2011","","","","","88579ec3-c1a4-4de4-b82d-e460d38cc3cb","","Registro - HoyMismo","","0.0","1.0","","0.0","1.0","","","",""," +19037080440"," +19037080440","","0.0","0.0","","","","mexico","","","Trámite en tiempo real: Agencia Aduanal HoyMismo (REGISTRO)","https://49095072.hs-sites.com/es-us/estatus-usho-2626","0.0","","","","","","","","","","","","","","","","Envío de formulario","","A3 - Regularización","","","","2025-11-02 01:29","https://49095072.hs-sites.com/es-us/estatus-usho-2626","","2025-10-22 14:35","2025-10-22 14:35","","","","","","1GCNCPE07BZ360542","UTC -05:00 América Monterrey","america_slash_monterrey","","","","","","","482174651696","","","","","","","","32574234976","","","","","","","","","","","39462766258","","","","","","","","","","","","","","","","","","","","","","","",""
"166310084015","Floriberto","Ruiz","","","49095072.hs-sites.com/es-us/estatus-usho-2626","49095072.hs-sites.com/es-us/estatus-usho-2626","","","350.0","","","Consentimiento libremente otorgado por contacto","","","","","","","1.0","","","OAXACA","","nle","","mx","","70946","","AZUL"," --","true","Trámite en tiempo real: Agencia Aduanal HoyMismo (REGISTRO)","ruizfloriberto516@gmail.com","","","","2.0","","2.0","","","","","2025-10-22 09:43","","","Agencia Aduanal HoyMismo (REGISTRO)","","",""," - LOC MACAHUITE S/N","","","","","gmail.com","0.0","0.0","","","","","Contacto de marketing","","","nuevo leon","En Revisión","Flujo de contactos - Agencia HoyMismo","","","","","","2025-10-22 09:43","","","","","2025-11-12","","","2025-10-22 09:43","2025-10-22 09:43","2025-10-22 16:51","2025-10-22 09:43","","","","","2025-11-24 21:50","","","","","","","","","","2025-10-22 09:43","","2025-10-22 09:43","","","2025-10-22 09:43","","2059","","","Tráfico directo","Formularios","Tráfico directo","","","","","CECY-MTY","","2025-10-22 09:43","","","","","","","","0.0","","","","","","","","1650.0","MAZDA3","","","","","0.0","2011","","","","","88579ec3-c1a4-4de4-b82d-e460d38cc3cb","","Registro - HoyMismo","","0.0","1.0","","0.0","1.0","","","",""," +18637979740"," +18637979740","","0.0","0.0","","","","mexico","","","Trámite en tiempo real: Agencia Aduanal HoyMismo (REGISTRO)","https://49095072.hs-sites.com/es-us/estatus-usho-2626","0.0","","","","","","","","","","","","","","","","Envío de formulario","","A3 - Regularización","","","","2025-11-24 21:51","https://49095072.hs-sites.com/es-us/estatus-usho-2626","","2025-10-22 09:43","2025-10-22 09:43","","","","","","JM1BL1VGXB1359865","UTC -05:00 América Monterrey","america_slash_monterrey","","","","","","","482036629030","","","","","","","","32565709165","","","","","","","","","","","39526609809","","","","","","","","","","","","","","","","","","","","","","","",""
"166292737912","Francisco Javier","Gallegos Andalon","","","49095072.hs-sites.com/es-us/estatus-usho-2626","49095072.hs-sites.com/es-us/estatus-usho-2626","","","350.0","","","Consentimiento libremente otorgado por contacto","","","","","","","1.0","","","JALISCO","","nle","","mx","","46757","","GRIS"," --","true","Trámite en tiempo real: Agencia Aduanal HoyMismo (REGISTRO)","fransiscojaviergallegosandalon@gmail.com","","","","2.0","","2.0","","","","","2025-10-22 09:15","","","Agencia Aduanal HoyMismo (REGISTRO)","","","","C EMILIO P GIL 85 2","","","","","gmail.com","0.0","0.0","","","","","Contacto de marketing","","","nuevo leon","En Revisión","Flujo de contactos - Agencia HoyMismo","","","","","","2025-10-22 09:15","","","","","2025-10-22","","","2025-10-22 09:15","2025-10-22 09:15","2025-10-22 09:20","2025-10-22 09:15","","","","","2025-10-22 09:20","","","","","","","","","","2025-10-22 09:15","","2025-10-22 09:15","","","2025-10-22 09:16","","2061","https://api-na1.hubspot.com/form-integrations/v1/uploaded-files/signed-url-redirect/198000920593?portalId=49095072&sign=w8SiMEQ9wruiTLuHzRL2i1wxA0g%3D&conversionId=b5bff776-6a58-4c46-a36b-ca2167ef9a1b&filename=b5bff776-6a58-4c46-a36b-ca2167ef9a1b-fotos-3cc473fe-22f1-41e1-981b-8955eaef5200.jpg;https://api-na1.hubspot.com/form-integrations/v1/uploaded-files/signed-url-redirect/198002682941?portalId=49095072&sign=bzwCnkoMxHMpE2Qil5H6MMN4wtM%3D&conversionId=b5bff776-6a58-4c46-a36b-ca2167ef9a1b&filename=b5bff776-6a58-4c46-a36b-ca2167ef9a1b-fotos-7ba98502-7197-433f-be40-58b18d8cceb5.jpg;https://api-na1.hubspot.com/form-integrations/v1/uploaded-files/signed-url-redirect/198000541194?portalId=49095072&sign=pSS4FYPAK7aweBOPzsRt-jUQz20%3D&conversionId=b5bff776-6a58-4c46-a36b-ca2167ef9a1b&filename=b5bff776-6a58-4c46-a36b-ca2167ef9a1b-fotos-7deeaa0b-1533-4bdb-a28b-4f7c820be43f.jpg;https://api-na1.hubspot.com/form-integrations/v1/uploaded-files/signed-url-redirect/198000899987?portalId=49095072&sign=6IYTFH0cZFBSsTEJfqlUggpr6rA%3D&conversionId=b5bff776-6a58-4c46-a36b-ca2167ef9a1b&filename=b5bff776-6a58-4c46-a36b-ca2167ef9a1b-fotos-ca7c3bd2-d18e-473a-b28a-840392d7b724.jpg","","Tráfico directo","Formularios","Tráfico directo","","","","","CECY-MTY","","2025-10-22 09:15","","","","","","","","0.0","","","","","","","","1750.0","KIA OPTIMA","","","","","0.0","2015","","","","","88579ec3-c1a4-4de4-b82d-e460d38cc3cb","","Registro - HoyMismo","","0.0","1.0","","0.0","1.0","","","",""," +15598294221"," +15598294221","","0.0","0.0","","","","mexico","","","Trámite en tiempo real: Agencia Aduanal HoyMismo (REGISTRO)","https://49095072.hs-sites.com/es-us/estatus-usho-2626","0.0","","","","","","","","","","","","","","","","Envío de formulario","","A3 - Regularización","","","","2025-11-02 01:21","https://49095072.hs-sites.com/es-us/estatus-usho-2626","","2025-10-22 09:15","2025-10-22 09:15","","","","","","5XXGM4A70FG455797","UTC -05:00 América Monterrey","america_slash_monterrey","","","","","","","482013040475","","","","","","","","32598971808","","","","","","","","","","","39519076207","","","","","","","","","","","","","","","","","","","","","","","",""
"166059322987","Alberto","Luna Molina","","","49095072.hs-sites.com/es-us/estatus-usho-2626","49095072.hs-sites.com/es-us/estatus-usho-2626","","","600.0","","","Consentimiento libremente otorgado por contacto","","","","","","","1.0","","","QUINCY, FLORIDA","","nle","","mx","","32351","","BLANCO"," --","true","Trámite en tiempo real: Agencia Aduanal HoyMismo (REGISTRO)","myroof@gmail.com","","","","","","2.0","","","","","2025-10-21 16:55","","","Agencia Aduanal HoyMismo (REGISTRO)","","","","576 MAIN LINE DR","","","https://api-na1.hubspot.com/form-integrations/v1/uploaded-files/signed-url-redirect/197957083002?portalId=49095072&sign=FwT7jXYP9Qx81QSb0b6sILY13E8%3D&conversionId=884f6012-331c-435d-a84a-26fe6b8ad446&filename=884f6012-331c-435d-a84a-26fe6b8ad446-documentos_del_cliente-WhatsApp+Image+2025-10-21+at+9.42.50+AM.jpeg","","gmail.com","0.0","2.0","","","","","Contacto de marketing","","","nuevo leon","En Revisión","Flujo de contactos - Agencia HoyMismo","","","","","","2025-10-21 16:55","","","","","2025-10-21","","","2025-10-21 16:55","2025-10-21 16:55","","2025-10-21 16:55","","","","","","","","","","","","","","","2025-10-21 16:55","","2025-10-21 16:55","","","2025-10-21 16:55","","4813","https://api-na1.hubspot.com/form-integrations/v1/uploaded-files/signed-url-redirect/197957489271?portalId=49095072&sign=uYPu5lZbAXW7vScZI1ZxCSh2vXA%3D&conversionId=884f6012-331c-435d-a84a-26fe6b8ad446&filename=884f6012-331c-435d-a84a-26fe6b8ad446-fotos-WhatsApp+Image+2025-10-21+at+2.57.14+PM.jpeg","","Tráfico directo","Formularios","Tráfico directo","","","","","VICTORIA-NOG","","2025-10-21 16:55","","","","","","","","0.0","","","","","","","","5320.0","FORD F250 SUPER DUTY","","","","","0.0","2008","","","","","88579ec3-c1a4-4de4-b82d-e460d38cc3cb","","Registro - HoyMismo","","0.0","1.0","","0.0","1.0","","","",""," +14072527044"," +14072527044","","0.0","0.0","","","","mexico","","","Trámite en tiempo real: Agencia Aduanal HoyMismo (REGISTRO)","https://49095072.hs-sites.com/es-us/estatus-usho-2626","0.0","","","","","","","","","","","","","","","","Envío de formulario","","A1 - Importación definitiva","","","","2025-10-22 00:31","https://49095072.hs-sites.com/es-us/estatus-usho-2626","","2025-10-21 16:55","2025-10-21 16:55","","","","","","1FTSX20R88EB63699","UTC -05:00 América Monterrey","america_slash_monterrey","","","","","","","481293976986","","","","","","","","32596450617","","","","","","","","","","","39443197798","","","","","","","","","","","","","","","","","","","","","","","",""
"166066597545","Pedro","Valencia Silva","Admin Agencia Aduanal HoyMismo","","49095072.hs-sites.com/es-us/estatus-usho-2626","49095072.hs-sites.com/es-us/estatus-usho-2626","","","1850.0","","","Consentimiento libremente otorgado por contacto","","","","","","","1.0","","","CALIFORNIA, EE. UU.","","nle","","mx","","94621","","GRIS"," --","true","Trámite en tiempo real: Agencia Aduanal HoyMismo (REGISTRO)","eltigre10@yahoo.com","","","","","","2.0","","","","","2025-10-21 15:59","","","Agencia Aduanal HoyMismo (REGISTRO)","","","","615 86th Ave, Oakland","","","https://api-na1.hubspot.com/form-integrations/v1/uploaded-files/signed-url-redirect/197959899931?portalId=49095072&sign=TUdVeATe4x6B1i1XNcS7Po9axtk%3D&conversionId=078706c1-e8b9-4243-9370-56ccc6210c0d&filename=078706c1-e8b9-4243-9370-56ccc6210c0d-documentos_del_cliente-WhatsApp+Image+2025-10-21+at+3.10.23+PM.jpeg","","yahoo.com","0.0","2.0","","","","","Contacto de marketing","","","nuevo leon","Entregado","Flujo de contactos - Agencia HoyMismo","","","","","","2025-10-21 15:59","","","","","2025-10-21","","","2025-10-21 15:59","2025-10-21 15:59","","2025-10-21 15:59","","","","","","","","","","","","","","","2025-10-21 15:59","","2025-10-21 15:59","","","2025-10-21 15:59","","4815","https://api-na1.hubspot.com/form-integrations/v1/uploaded-files/signed-url-redirect/197955974818?portalId=49095072&sign=WyCwtXHX3gSNGhdKC4f5WqKqkLo%3D&conversionId=078706c1-e8b9-4243-9370-56ccc6210c0d&filename=078706c1-e8b9-4243-9370-56ccc6210c0d-fotos-WhatsApp+Image+2025-10-21+at+3.10.10+PM.jpeg","","Tráfico directo","Formularios","Tráfico directo","","","","","VICTORIA-NOG","","2025-10-21 15:59","","","","","","","","0.0","","","","","","","","1850.0","TOYOTA TACOMA V6","","","","","0.0","2001","","","","","88579ec3-c1a4-4de4-b82d-e460d38cc3cb","","Registro - HoyMismo","","0.0","1.0","","0.0","1.0","","","",""," +15102749715"," +15102749715","","0.0","0.0","","","","mexico","","","Trámite en tiempo real: Agencia Aduanal HoyMismo (REGISTRO)","https://49095072.hs-sites.com/es-us/estatus-usho-2626","0.0","","","","","","","","","","","","","","","","Envío de formulario","","A3 - Regularización","","","","2025-11-26 16:38","https://49095072.hs-sites.com/es-us/estatus-usho-2626","","2025-10-21 15:59","2025-10-21 15:59","","","","","","5TEHN72N91Z821251","UTC -05:00 América Monterrey","america_slash_monterrey","","","","","","","481184748870","","","","","","","","32586692963","","","","","","","","","","","39442112378","","","","","","","","","","","","","","","","","","","","","","","",""
"166042394036","","","","","agenciaaduanalhoymismo.com/","agenciaaduanalhoymismo.com/","","","","","","","","","","","","","2.0","","","","phoenix","az","","us","","","",""," --","true","Contacto - Agencia Aduanal Especializada en Importación | AGENCIA ADUANAL IMPORTACION DE MERCANCIA Y MAQUINARIA"": .form__control","mxres650@gmail.com","","","","","","","","","","","2025-10-21 15:02","","",".form__control","","","","","","","","","gmail.com","0.0","","","","","","Contacto de marketing","","","arizona","","Flujo de contactos - Agencia HoyMismo","","","","","","2025-10-21 15:02","","","","","","","","2025-10-21 15:02","2025-10-21 15:46","","2025-10-21 15:02","","","","","","","","","","","","","","","2025-10-21 15:00","","","","","","","","","","Tráfico directo","Formularios","Tráfico directo","","","","","","","2025-10-21 15:00","","","","","","","","0.0","","","","","","","","","","","","","","0.0","","","","","","6e1f6b45-05a8-42d4-8eb2-06d671a95b84","","","","0.0","1.0","","0.0","1.0","","","","","","","","3.0","0.0","","","","united states","","https://www.agenciaaduanalhoymismo.com/","Contacto - Agencia Aduanal Especializada en Importación | AGENCIA ADUANAL IMPORTACION DE MERCANCIA Y MAQUINARIA"": .form__control","https://agenciaaduanalhoymismo.com/","1.0","","","","","","","","","","","","","","","","Envío de formulario","","","","","","2025-10-21 23:44","https://agenciaaduanalhoymismo.com/","","2025-10-21 15:46","2025-10-21 15:46","","https://www.agenciaaduanalhoymismo.com/","","","","","UTC -07:00 América Phoenix","america_slash_phoenix","","","","","","","","","","","","","","","","","","","","","","","","","","39459039544","","","","","","","","","","","","","","","","","","","","","","","",""
"166037110790","Francisca","Flores De Jesus","","","49095072.hs-sites.com/es-us/estatus-usho-2626","49095072.hs-sites.com/es-us/estatus-usho-2626","","","1850.0","","","Consentimiento libremente otorgado por contacto","","","","","","","1.0","","","CALIFORNIA, UNITED STATES OF AMERICA","","nle","","mx","","90680","","GRIS"," --","true","Trámite en tiempo real: Agencia Aduanal HoyMismo (REGISTRO)","franciscam2980@gmail.com","","","","1.0","","2.0","","","","","2025-10-21 13:45","","","Agencia Aduanal HoyMismo (REGISTRO)","","","","7882 SANTA MONICA AVE STANTON","","","https://api-na1.hubspot.com/form-integrations/v1/uploaded-files/signed-url-redirect/197950394788?portalId=49095072&sign=UM1bzIg-Klfl3zVH5gFFWD_kAmo%3D&conversionId=e5535a6d-a5b9-4568-918e-f2014cd65f19&filename=e5535a6d-a5b9-4568-918e-f2014cd65f19-documentos_del_cliente-WhatsApp+Image+2025-10-20+at+6.20.50+PM+(1).jpeg","","gmail.com","0.0","0.0","","","","","Contacto de marketing","","","nuevo leon","En Revisión","Flujo de contactos - Agencia HoyMismo","","","","","","2025-10-21 13:45","","","","","2025-10-21","","","2025-10-21 13:45","2025-10-21 13:45","2025-10-21 13:45","2025-10-21 13:45","","","","","2025-10-21 13:45","","","","","","","","","","2025-10-21 13:45","","2025-10-21 13:45","","","2025-10-21 13:45","","4814","https://api-na1.hubspot.com/form-integrations/v1/uploaded-files/signed-url-redirect/197950360661?portalId=49095072&sign=BEftsPrG_2v51HDMQA6pcaGsYs4%3D&conversionId=e5535a6d-a5b9-4568-918e-f2014cd65f19&filename=e5535a6d-a5b9-4568-918e-f2014cd65f19-fotos-WhatsApp+Image+2025-10-20+at+6.20.50+PM.jpeg","","Tráfico directo","Formularios","Tráfico directo","","","","","VICTORIA-NOG","","2025-10-21 13:45","","","","","","","","0.0","","","","","","","","1650.0","TOYOTA TUNDRA SR5","","","","","0.0","2007","","","","","88579ec3-c1a4-4de4-b82d-e460d38cc3cb","","Registro - HoyMismo","","0.0","1.0","","0.0","1.0","","","",""," +17149552980"," +17149552980","","0.0","0.0","","","","mexico","","","Trámite en tiempo real: Agencia Aduanal HoyMismo (REGISTRO)","https://49095072.hs-sites.com/es-us/estatus-usho-2626","0.0","","","","","","","","","","","","","","","","Envío de formulario","","A3 - Regularización","","","","2025-10-21 22:10","https://49095072.hs-sites.com/es-us/estatus-usho-2626","","2025-10-21 13:45","2025-10-21 13:45","","","","","","5TBEV54137S472104","UTC -05:00 América Monterrey","america_slash_monterrey","","","","","","","481150804830","","","","","","","","32586071628","","","","","","","","","","","39457802496","","","","","","","","","","","","","","","","","","","","","","","",""
"164693871262","Antonio","Tinajero Cardenas","Admin Agencia Aduanal HoyMismo","","49095072.hs-sites.com/es-us/estatus-usho-2626","49095072.hs-sites.com/es-us/estatus-usho-2626","","","350.0","","","Consentimiento libremente otorgado por contacto","","","","","","","1.0","","","UNION GAP, WASHINGTON","","nle","","mx","","98903","","GRIS"," --","true","Trámite en tiempo real: Agencia Aduanal HoyMismo (REGISTRO)","tonylopez110@yahoo.com","","","","","","2.0","","","","","2025-10-16 16:23","","","Agencia Aduanal HoyMismo (REGISTRO)","","","","408 W PINE ST UNIT 108","","","https://api-na1.hubspot.com/form-integrations/v1/uploaded-files/signed-url-redirect/197716993872?portalId=49095072&sign=XvNbbpPuYLy-qNK-YgkEmCPgFSM%3D&conversionId=5f436870-1372-4af9-8d4a-405e45161648&filename=5f436870-1372-4af9-8d4a-405e45161648-documentos_del_cliente-WhatsApp+Image+2025-10-14+at+4.06.09+PM.jpeg","","yahoo.com","0.0","2.0","","","","","Contacto de marketing","","","nuevo leon","Entregado","Flujo de contactos - Agencia HoyMismo","","","","","","2025-10-16 16:23","","","","","2025-10-14","","","2025-10-16 16:23","2025-10-16 16:23","","2025-10-16 16:23","","","","","","","","","","","","","","","2025-10-16 16:23","","2025-10-16 16:23","","","2025-10-16 16:23","","4811","https://api-na1.hubspot.com/form-integrations/v1/uploaded-files/signed-url-redirect/197716983372?portalId=49095072&sign=umRGN8G8N10QT4dxxma_Ekytsjo%3D&conversionId=5f436870-1372-4af9-8d4a-405e45161648&filename=5f436870-1372-4af9-8d4a-405e45161648-fotos-WhatsApp+Image+2025-10-14+at+3.43.28+PM+(5).jpeg","","Tráfico directo","Formularios","Tráfico directo","","","","","VICTORIA-NOG","","2025-10-16 16:23","","","","","","","","0.0","","","","","","","","1650.0","GMC SIERRA 1500 SLT","","","","","0.0","2010","","","","","88579ec3-c1a4-4de4-b82d-e460d38cc3cb","","Registro - HoyMismo","","0.0","1.0","","0.0","1.0","","","","","","","","0.0","0.0","","","","mexico","","","Trámite en tiempo real: Agencia Aduanal HoyMismo (REGISTRO)","https://49095072.hs-sites.com/es-us/estatus-usho-2626","0.0","","","","","","","","","","","","","","","","Envío de formulario","","A3 - Regularización","","","","2025-11-26 16:38","https://49095072.hs-sites.com/es-us/estatus-usho-2626","","2025-10-16 16:23","2025-10-16 16:23","","","","","","1GTSCWE06AZ192940","UTC -05:00 América Monterrey","america_slash_monterrey","","","","","","","478525414554","","","","","","","","32207959164","","","","","","","","","","","39141473679","","","","","","","","","","","","","","","","","","","","","","","",""
"163177339266","","","","","Unknown keywords (SSL)","Unknown keywords (SSL)","GOOGLE","GOOGLE","","","","","","","","","","","1.0","","","","chicago","il","","us","","","",""," --","true","Contacto - Agencia Aduanal Especializada en Importación | AGENCIA ADUANAL IMPORTACION DE MERCANCIA Y MAQUINARIA"": .form__control","irapuato1.er13@gmail.com","","","","","","","","","","","2025-10-11 23:42","","",".form__control","","","","","","","","","gmail.com","0.0","","","","","","Contacto de marketing","","","illinois","","Flujo de contactos - Agencia HoyMismo","","","","","","2025-10-11 23:42","","","","","","","","2025-10-11 23:42","2025-10-11 23:40","","2025-10-11 23:42","","","","","","","","","","","","","","","2025-10-11 23:40","","","","","","","","","","Búsqueda orgánica","Formularios","Búsqueda orgánica","","","","","","","2025-10-11 23:40","","","","","","","","0.0","","","","","","","","","","","","","","0.0","","","","","","6e1f6b45-05a8-42d4-8eb2-06d671a95b84","","","","0.0","1.0","","0.0","1.0","","","","","","","","1.0","0.0","","","","united states","","https://www.google.com/","Contacto - Agencia Aduanal Especializada en Importación | AGENCIA ADUANAL IMPORTACION DE MERCANCIA Y MAQUINARIA"": .form__control","https://agenciaaduanalhoymismo.com/contacto","1.0","","","","","","","","","","","","","","","","Envío de formulario","","","","","","2025-10-12 07:42","https://agenciaaduanalhoymismo.com/contacto","","2025-10-11 23:40","2025-10-11 23:40","","https://www.google.com/","","","","","UTC -05:00 América Chicago","america_slash_chicago","","","","","","","","","","","","","","","","","","","","","","","","","","38628460422","","","","","","","","","","","","","","","","","","","","","","","",""
"162870975575","Paul","Carrillo Montoya","Cecy HoyMismo Agencia","","49095072.hs-sites.com/es-us/estatus-usho-2626","49095072.hs-sites.com/es-us/estatus-usho-2626","","","6430.0","","","Consentimiento libremente otorgado por contacto","","","","","","","1.0","","","MEXICO","","nle","","mx","","55767","","NEGRO"," --","true","Trámite en tiempo real: Agencia Aduanal HoyMismo (REGISTRO)","p_c_m1@hotmail.com","","","","","","2.0","","","","","2025-10-10 18:35","","","Agencia Aduanal HoyMismo (REGISTRO)","","","","CALENZANO 7, FRACC REAL TOSCANA, TECAMAC","","","","","hotmail.com","0.0","2.0","","","","","Contacto de marketing","","","nuevo leon","En proceso","Flujo de contactos - Agencia HoyMismo","","","","","","2025-10-10 18:35","","","","","2025-10-10","","","2025-10-10 18:35","2025-10-10 18:35","","2025-10-10 18:35","","","","","","","","","","","","","","","2025-10-10 18:35","","2025-10-10 18:35","","","2025-10-10 18:35","","2055","","","Tráfico directo","Formularios","Tráfico directo","","","","","CECY-MTY","","2025-10-10 18:35","","","","","","","","0.0","","","","","","","","6430.0","FORD F150","","","","","0.0","2021","","","","","88579ec3-c1a4-4de4-b82d-e460d38cc3cb","","Registro - HoyMismo","","0.0","1.0","","0.0","1.0","","","",""," +525513952879"," +525513952879","","0.0","0.0","","","","mexico","","","Trámite en tiempo real: Agencia Aduanal HoyMismo (REGISTRO)","https://49095072.hs-sites.com/es-us/estatus-usho-2626","0.0","","","","","","","","","","","","","","","","Envío de formulario","","","","","","2025-10-21 09:51","https://49095072.hs-sites.com/es-us/estatus-usho-2626","","2025-10-10 18:35","2025-10-10 18:35","","","","","","1FTFW1E59MFB24712","UTC -05:00 América Monterrey","america_slash_monterrey","","","","","","","476263890741","","","","","","","","31669833301","","","","","","","","","","","38622875237","","","","","","","","","","","","","","","","","","","","","","","",""
"162868835338","Isaias Efrain","Garcia Reyes","","","49095072.hs-sites.com/es-us/estatus-usho-2626","49095072.hs-sites.com/es-us/estatus-usho-2626","","","100.0","","","Consentimiento libremente otorgado por contacto","","","","","","","1.0","","","PHOENIX, ARIZONA.","","nle","","mx","","85009","","GRIS"," --","true","Trámite en tiempo real: Agencia Aduanal HoyMismo (REGISTRO)","isaireyzgar@gmail.com","","","","2.0","","2.0","","","","","2025-10-10 17:55","","","Agencia Aduanal HoyMismo (REGISTRO)","","","","5533 W TURNEY DR","","","https://api-na1.hubspot.com/form-integrations/v1/uploaded-files/signed-url-redirect/197408007032?portalId=49095072&sign=UyIXGiO71-X1F-rW0ySzFItSnKg%3D&conversionId=a47a11fb-c0b8-4cb3-9d31-e77ff094de6c&filename=a47a11fb-c0b8-4cb3-9d31-e77ff094de6c-documentos_del_cliente-fc9e075a-715c-4ebc-a793-0f6efa98cecc.jpeg","","gmail.com","0.0","0.0","","","","","Contacto de marketing","","","nuevo leon","En Revisión","Flujo de contactos - Agencia HoyMismo","","","","","","2025-10-10 17:56","","","","","2025-10-10","","","2025-10-10 17:55","2025-10-10 17:55","2025-10-10 21:33","2025-10-10 17:55","","","","","2025-10-10 21:33","","","","","","","","","","2025-10-10 17:55","","2025-10-10 17:56","","","2025-10-10 17:56","","4810","https://api-na1.hubspot.com/form-integrations/v1/uploaded-files/signed-url-redirect/197413917521?portalId=49095072&sign=-R2Qn7Bd2COGWWMqtewuWuIkE2Y%3D&conversionId=a47a11fb-c0b8-4cb3-9d31-e77ff094de6c&filename=a47a11fb-c0b8-4cb3-9d31-e77ff094de6c-fotos-cedf10f3-5143-471d-944d-d6181f55ac8d.jpeg","","Tráfico directo","Formularios","Tráfico directo","","","","","VICTORIA-NOG","","2025-10-10 17:55","","","","","","","","0.0","","","","","","","","1850.0","NISSAN FRONTIER STANDARD XE","","","","","0.0","2004","","","","","88579ec3-c1a4-4de4-b82d-e460d38cc3cb","","Registro - HoyMismo","","0.0","1.0","","0.0","1.0","","","",""," +16233852918"," +16233852918","","0.0","0.0","","","","mexico","","","Trámite en tiempo real: Agencia Aduanal HoyMismo (REGISTRO)","https://49095072.hs-sites.com/es-us/estatus-usho-2626","0.0","","","","","","","","","","","","","","","","Envío de formulario","","A3 - Regularización","","","","2025-10-16 00:13","https://49095072.hs-sites.com/es-us/estatus-usho-2626","","2025-10-10 17:55","2025-10-10 17:55","","","","","","1N6DD26T24C410061","UTC -05:00 América Monterrey","america_slash_monterrey","","","","","","","476181897792","","","","","","","","31719895339","","","","","","","","","","","38606113645","","","","","","","","","","","","","","","","","","","","","","","",""
"162604129636","Carlos","Mejia Tinoco","","","49095072.hs-sites.com/es-us/estatus-usho-2626","49095072.hs-sites.com/es-us/estatus-usho-2626","","","350.0","","","Consentimiento libremente otorgado por contacto","","","","","","","1.0","","","IZTAPALAPA CDMX","","son","","mx","","09000","","AZUL"," --","true","Trámite en tiempo real: Agencia Aduanal HoyMismo (REGISTRO)","carlos.mejiatinoco@gmail.com","","","","","","","2.0","","","","2025-10-09 19:14","","","Agencia Aduanal HoyMismo (REGISTRO)","","","","IGNACIO COMONFORT 168 20","","","","","gmail.com","0.0","2.0","","","","","Contacto de marketing","","","sonora","En Revisión","Flujo de contactos - Agencia HoyMismo","","","","","","2025-10-09 19:15","","","","","2025-10-06","","","2025-10-09 19:14","2025-10-09 19:14","","2025-10-09 19:14","","","","","","","","","","","","","","","2025-10-09 19:14","","","","","","","3015","","","Tráfico directo","Formularios","Tráfico directo","","","","","VICTORIA-NOG","","2025-10-09 19:14","","","","","","","","0.0","","","","","","","","1700.0","Honda Odyssey Touring","","","","","0.0","2014","","","","","88579ec3-c1a4-4de4-b82d-e460d38cc3cb","","Registro - HoyMismo","","0.0","1.0","","0.0","1.0","","","",""," +525515102198"," +525515102198","","0.0","0.0","","","","mexico","","","Trámite en tiempo real: Agencia Aduanal HoyMismo (REGISTRO)","https://49095072.hs-sites.com/es-us/estatus-usho-2626","0.0","","","","","","","","","","","","","","","","Envío de formulario","","A3 - Regularización","","","","2025-10-11 09:06","https://49095072.hs-sites.com/es-us/estatus-usho-2626","","2025-10-09 19:14","2025-10-09 19:14","","","","","","5FNRL5H9XEB042795","UTC -07:00 América Hermosillo","america_slash_hermosillo","","","","","","","475902049572","","","","","","","","31627559188","","","","","","","","","","","38538220965","","","","","","","","","","","","","","","","","","","","","","","",""
"162524051305","Tomasa","Aguilar","","","agenciaaduanalhoymismo.com/tracking","49095072.hs-sites.com/es-us/estatus-usho-2626","","","1950.0","","","Consentimiento libremente otorgado por contacto","","","","","","","6.0","","","PALMDALE, CALIFORNIA","","nle","","mx","","93550","","NEGRO"," --","true","Trámite en tiempo real: Agencia Aduanal HoyMismo (REGISTRO)","tomasa.aguilar.1966@gmail.com","","","","2.0","1.0","2.0","","","","","2025-10-09 15:47","","","Agencia Aduanal HoyMismo (REGISTRO)","","","","3151 E AVE Q-7","","","https://api-na1.hubspot.com/form-integrations/v1/uploaded-files/signed-url-redirect/197350217324?portalId=49095072&sign=_8vMIQRrXbiPlRam4KmmZ76Bndc%3D&conversionId=c26c4fdc-66c6-4815-a32d-4d59286344c2&filename=c26c4fdc-66c6-4815-a32d-4d59286344c2-documentos_del_cliente-WhatsApp+Image+2025-10-09+at+12.24.51+PM.jpeg","","gmail.com","0.0","0.0","","","","","Contacto de marketing","","","nuevo leon","En Revisión","Flujo de contactos - Agencia HoyMismo","","","","","","2025-10-09 15:47","","","","","2025-10-09","","","2025-10-09 15:47","2025-10-25 20:54","2025-10-09 17:00","2025-10-09 15:47","","","","","2025-10-09 21:52","","","","","","","","","2025-10-09 19:35","2025-10-09 15:47","","2025-10-09 15:47","","2025-10-09 19:35","2025-10-09 15:47","","4806","https://api-na1.hubspot.com/form-integrations/v1/uploaded-files/signed-url-redirect/197350255981?portalId=49095072&sign=q708wHhPLLOWJilQTBmV1eQFg50%3D&conversionId=c26c4fdc-66c6-4815-a32d-4d59286344c2&filename=c26c4fdc-66c6-4815-a32d-4d59286344c2-fotos-WhatsApp+Image+2025-10-09+at+12.24.51+PM.jpeg","","Tráfico directo","Formularios","Tráfico directo","","","","","VICTORIA-NOG","","2025-10-09 15:47","","","","","","","","0.0","","","","","","","","2750.0","TOYOTA TACOMA PRE RUNNER V6","","","","","0.0","2010","","","","","88579ec3-c1a4-4de4-b82d-e460d38cc3cb","","Registro - HoyMismo","","0.0","1.0","","0.0","1.0","","","",""," +16613175062"," +16613175062","","10.0","0.0","","","","mexico","","","Trámite en tiempo real: Agencia Aduanal HoyMismo (REGISTRO)","https://49095072.hs-sites.com/es-us/estatus-usho-2626","1.0","","","","","","","","","","","","","","","","Envío de formulario","","A3 - Regularización","","","","2025-10-25 21:09","https://agenciaaduanalhoymismo.com/tracking","","2025-10-25 20:54","2025-10-25 20:55","","https://agenciaaduanalhoymismo.com/tracking","","","","3TMKU4HN7AM024007","UTC -05:00 América Monterrey","america_slash_monterrey","","","","","","","475854784934","","","","","","","","31591138716","","","","","","","","","","","38516235370","","","","","","","","","","","","","","","","","","","","","","","",""
"161856726448","Luis Gerardo","Ojeda Preciado","","","49095072.hs-sites.com/es-us/estatus-usho-2626","49095072.hs-sites.com/es-us/estatus-usho-2626","","","350.0","","","Consentimiento libremente otorgado por contacto","","","","","","","1.0","","","","","nle","","mx","","","","PLATA"," --","true","Trámite en tiempo real: Agencia Aduanal HoyMismo (REGISTRO)","geojeda73@gmail.com","","","","2.0","","2.0","","","","","2025-10-07 17:38","","","Agencia Aduanal HoyMismo (REGISTRO)","","","","","","","","","gmail.com","0.0","0.0","","","","","Contacto de marketing","","","nuevo leon","En Revisión","Flujo de contactos - Agencia HoyMismo","","","","","","2025-10-07 17:38","","","","","2025-10-07","","","2025-10-07 17:38","2025-10-07 17:38","2025-10-07 18:38","2025-10-07 17:38","","","","","2025-10-13 20:56","","","","","","","","","","2025-10-07 17:38","","2025-10-07 17:38","","","2025-10-07 17:38","","2052","https://api-na1.hubspot.com/form-integrations/v1/uploaded-files/signed-url-redirect/197213787935?portalId=49095072&sign=TSGiiczLrsFulcg0ZZPbW0kiYRw%3D&conversionId=fd52ca84-93f0-491a-8267-b3e587b26a05&filename=fd52ca84-93f0-491a-8267-b3e587b26a05-fotos-ac893b7a-6afe-4de6-9420-cb3e96dff8a8.jpg","","Tráfico directo","Formularios","Tráfico directo","","","","","CECY-MTY","","2025-10-07 17:38","","","","","","","","0.0","","","","","","","","1950.0","HONDA ODDYSEY","","","","","0.0","2015","","","","","88579ec3-c1a4-4de4-b82d-e460d38cc3cb","","Registro - HoyMismo","","0.0","1.0","","0.0","1.0","","","",""," +15803277964"," +15803277964","","0.0","0.0","","","","mexico","","","Trámite en tiempo real: Agencia Aduanal HoyMismo (REGISTRO)","https://49095072.hs-sites.com/es-us/estatus-usho-2626","0.0","","","","","","","","","","","","","","","","Envío de formulario","","A3 - Regularización","","","","2025-10-15 21:48","https://49095072.hs-sites.com/es-us/estatus-usho-2626","","2025-10-07 17:38","2025-10-07 17:38","","","","","","5FNRL5H92FB072827","UTC -05:00 América Monterrey","america_slash_monterrey","","","","","","","474237321795","","","","","","","","31334275931","","","","","","","","","","","38304899499","","","","","","","","","","","","","","","","","","","","","","","",""
"161664759174","Jose Luis","Torres Roman","Cecy HoyMismo Agencia","","CRM_UI","CRM_UI","Cecy HoyMismo Agencia","Cecy HoyMismo Agencia","360.0","","","","","","","","","","0.0","","","Matlalohcan","","","","","","90430","","Café"," --","true","","","","","","","","","","","","Cecy HoyMismo Agencia","","","","","","","","Monclova 2da secc 22 matlalohcan","","","","","","0.0","","","","","","Contacto que no es de marketing","","","","En Revisión","","","2025-10-07 15:02","","","","2025-10-07 15:02","","","","","2025-10-20","","","","2025-10-07 15:02","","","","","","","","","","","","","","","","","2025-10-07 15:02","","","","","","","1131","","","Fuentes sin conexión","Interfaz de usuario del CRM","Fuentes sin conexión","","","","","","","","","","","","","","","0.0","","","","","","","","","Chevrolet","","","","","0.0","S10","","","","","","","","","0.0","0.0","","0.0","0.0","","","",""," +15098406475"," +15098406475","","0.0","0.0","Cynthia HoyMismo Tijuana","","","","","","","","0.0","Cynthia HoyMismo Tijuana","","","","","","","","","","","","","","","","","A3 - Regularización","","","","2025-10-07 22:37","","","","","","","","","","1GCCS1949XK128660","","","","","","","","","","","","","","","","","","","","","","","","","","","","","","","","","","","","","","","","","","","","","","","","","","","",""
"161767436095","Jesus Alonso","Alvarez Garcia","Cecy HoyMismo Agencia","","CRM_UI","CRM_UI","Cecy HoyMismo Agencia","Cecy HoyMismo Agencia","","","","","","","","","","","0.0","","","Zamora","","","","","","59615","","Azul marino"," --","true","","","","","","","","","","","","Cecy HoyMismo Agencia","","","","","","","","Rinconada 3 17 Alfonso Iñiguez","","","","","","0.0","","","","","","Contacto de marketing","","","","En Revisión","","","2025-10-07 14:53","","","","2025-10-07 14:53","","","","","2025-10-17","","","","2025-10-07 14:53","","","","","","","","","","","","","","","","","2025-10-07 14:53","","","","","","","1136","","","Fuentes sin conexión","Interfaz de usuario del CRM","Fuentes sin conexión","","","","","","","","","","","","","","","0.0","","","","","","","","","Ford","","","","","0.0","F-150","","","","","78498543","","","","0.0","0.0","","0.0","0.0","","","","",""," +14083866243","","0.0","0.0","Cynthia HoyMismo Tijuana","","","","","","","","0.0","Cynthia HoyMismo Tijuana","","","","","","","","","","","","","","","Establecido por usuario","","A3 - Regularización","","","","2025-10-07 23:07","","","","","","","","","","1FTRF12W79KC07452","","","","","","","","","","","","","","","","","","","","","","","","","","","","","","","","","","","","","","","","","","","","","","","","","","","",""
"161752134415","","","","","Facebook","Facebook","","","","","","","","","","","","","1.0","","","","chicago","il","","us","","","",""," --","true","Contacto - Agencia Aduanal Especializada en Importación | AGENCIA ADUANAL IMPORTACION DE MERCANCIA Y MAQUINARIA"": .form__control","martingutierrez86@gmail.com","","","","","","","","","","","2025-10-07 12:04","","",".form__control","","","","","","","","","gmail.com","0.0","","","","","","Contacto de marketing","","","illinois","","Flujo de contactos - Agencia HoyMismo","","","","","","2025-10-07 12:04","","","","","","","","2025-10-07 12:04","2025-10-07 12:02","","2025-10-07 12:04","","","","","","","","","","","","","","","2025-10-07 12:02","","","","","","","","","","Tráfico orgánico de redes sociales","Formularios","Tráfico orgánico de redes sociales","","","","","","","2025-10-07 12:02","IwY2xjawNSNRdleHRuA2FlbQIxMQABHmWGo3V7r40MoiW7H8AVhZkJ0dJrBb1teP4avLL0omFM_3JQeI2J2jwA0zkq_aem_Ck_keNqmGjZcMO9EDA4VLw","","","","","","","0.0","","","","","","","","","","","","","","0.0","","","","","","6e1f6b45-05a8-42d4-8eb2-06d671a95b84","","","","0.0","1.0","","0.0","1.0","","","","","","","","3.0","0.0","","","","united states","","https://l.facebook.com/","Contacto - Agencia Aduanal Especializada en Importación | AGENCIA ADUANAL IMPORTACION DE MERCANCIA Y MAQUINARIA"": .form__control","https://agenciaaduanalhoymismo.com/","3.0","","","","","","","","","","","","","","","","Envío de formulario","","","","","","2025-10-07 19:16","https://agenciaaduanalhoymismo.com/contacto","","2025-10-07 12:02","2025-10-07 12:03","","https://agenciaaduanalhoymismo.com/?fbclid=IwY2xjawNSNRdleHRuA2FlbQIxMQABHmWGo3V7r40MoiW7H8AVhZkJ0dJrBb1teP4avLL0omFM_3JQeI2J2jwA0zkq_aem_Ck_keNqmGjZcMO9EDA4VLw","","","","","UTC -05:00 América Chicago","america_slash_chicago","","","","","","","","","","","","","","","","","","","","","","","","","","38237152877","","","","","","","","","","","","","","","","","","","","","","","",""
"161676654351","Gustavo Adolfo","Torres Martinez","","","hs_automation","49095072.hs-sites.com/es-us/estatus-usho-2626","367635873","","10000.0","","","Consentimiento libremente otorgado por contacto","","","","","","","5.0","","","PESQUERIA NL","apodaca","nle","","mx","","66673","","GRIS"," --","true","Trámite en tiempo real: Agencia Aduanal HoyMismo (REGISTRO)","gustavoadolfot924@gmail.com","","","","2.0","1.0","2.0","","","","","2025-10-07 07:56","","","Agencia Aduanal HoyMismo (REGISTRO)","","","","MARINA #309 COL.EL CANTORAL","","","","","gmail.com","0.0","0.0","","","","","Contacto de marketing","","","nuevo leon","En proceso","Flujo de contactos - Agencia HoyMismo","","","","","","2025-10-07 07:56","","","","","2025-10-06","","","2025-10-07 07:56","2025-10-13 12:40","2025-10-07 14:11","2025-10-07 07:56","","","","","2025-10-13 12:39","","","","","","","","","2025-10-07 14:12","2025-10-07 07:33","","2025-10-07 07:56","","2025-10-13 12:41","2025-10-07 07:56","","2051","https://api-na1.hubspot.com/form-integrations/v1/uploaded-files/signed-url-redirect/197189149229?portalId=49095072&sign=m36dQBcbDL9K4uq0eye3-Na78AY%3D&conversionId=eabb807b-74e2-4255-9772-e835800301b7&filename=eabb807b-74e2-4255-9772-e835800301b7-fotos-dec51654-c6a7-4b6d-b1ff-6f9f3f1f4527.jpg","","Marketing por email","Formularios","Tráfico directo","","","","","CECY-MTY","","2025-10-07 07:33","","","","","","","","0.0","","","","","","","","10000.0","Volkswagen","","","","","0.0","2012","","","","","88579ec3-c1a4-4de4-b82d-e460d38cc3cb","","Registro - HoyMismo","","0.0","1.0","","0.0","1.0","","","",""," +528129209986"," +528129209986","","12.0","0.0","","","","mexico","","","Trámite en tiempo real: Agencia Aduanal HoyMismo (REGISTRO)","https://49095072.hs-sites.com/es-us/estatus-usho-2626","2.0","","","","","","","","","","","","","","","","Envío de formulario","","DP - Decreto Presidencial","","","","2025-10-15 22:42","https://agenciaaduanalhoymismo.com/tracking","","2025-10-13 12:40","2025-10-13 12:41","","https://agenciaaduanalhoymismo.com/?utm_medium=email&_hsenc=p2ANqtz-8S4AweGiZMgwbylMX_8lCD_iqgAvaHmoEE78uC-L7V0z5AyKlyDtK6rV1uZR-Qy9vkkNVw-mY18Z_tjpQiSZwjPzvFzLE-9jpsP790aOpNb6YXJ00&_hsmi=367635873&utm_content=367635873&utm_source=hs_automation","","","","1VWBH7A34CC015930","UTC -05:00 América Monterrey","america_slash_monterrey","","","","","","","473963821742","","","","","","","","31239805873","","","","","","","","","","","38214411017","","","","","","","","","","","","","","","","","","","","","","","",""
"161501995881","Alejandro","Hernandez","Cecy HoyMismo Agencia","","CRM_UI","CRM_UI","Cecy HoyMismo Agencia","Cecy HoyMismo Agencia","350.0","","","","","","","","","","0.0","","","Villa de Lavarexz","","","","","","28975","","Plata"," --","true","","","","","","","","","","","","Cecy HoyMismo Agencia","","","","","","","","Jeronimo arzac 266, cool adolfo lopez mateor","","","197166918567;197170652450;197167422801;197170652451;197166597929;197166918568;197166597927","","","0.0","","","","","","Contacto de marketing","","","","En Revisión","","","2025-10-06 19:39","","","","2025-10-06 19:39","","","","","2025-10-07","","","","2025-10-06 19:39","","","","","","","","","","","","","","","","","2025-10-06 19:39","","","","","","","1141","197167422780;197165876142;197165810731;197170652337;197166597914;197167422779;197170652338;197165876141","","Fuentes sin conexión","Interfaz de usuario del CRM","Fuentes sin conexión","","","","","","","","","","","","","","","0.0","","","","","","","","1685.0","Honda","","","","","0.0","Accord","","","","","78498543","","","","0.0","0.0","","0.0","0.0","","","",""," +13234131846"," +13234131846","","0.0","0.0","Cynthia HoyMismo Tijuana","","","","","","","","0.0","Cynthia HoyMismo Tijuana","","","","","","","","","","","","","","","Establecido por usuario","","A3 - Regularización","","","","2025-10-07 03:58","","","","","","","","","","1HGCM56757A197532","","","","","","","","","","","","","","","","","","","","","","","","","","","","","","","","","","","","","","","","","","","","","","","","","","","",""
"161566104968","Roberto","Zamarripa Novella","Admin Agencia Aduanal HoyMismo","","49095072.hs-sites.com/es-us/estatus-usho-2626","49095072.hs-sites.com/es-us/estatus-usho-2626","","","350.0","","","Consentimiento libremente otorgado por contacto","","","","","","","1.0","","","AGUASCALIENTES, AGS.","","nle","","mx","","20174","","GRIS"," --","true","Trámite en tiempo real: Agencia Aduanal HoyMismo (REGISTRO)","robertozamas@icloud.com","","","","","","2.0","","","","","2025-10-06 18:27","","","Agencia Aduanal HoyMismo (REGISTRO)","","","","HONG KONG #127, INT MZ- 4, LT- 14, COL COLINAS DE ORIENTE","","","https://api-na1.hubspot.com/form-integrations/v1/uploaded-files/signed-url-redirect/197169943125?portalId=49095072&sign=xXth1WJ5wrQhRic9IfMtMEUaOgA%3D&conversionId=c9ad90fc-2140-429a-94e3-d5317ca2c813&filename=c9ad90fc-2140-429a-94e3-d5317ca2c813-documentos_del_cliente-WhatsApp+Image+2025-10-06+at+5.13.40+PM.jpeg","","icloud.com","0.0","2.0","","","","","Contacto de marketing","","","nuevo leon","Entregado","Flujo de contactos - Agencia HoyMismo","","","","","","2025-10-06 18:27","","","","","2025-10-06","","","2025-10-06 18:27","2025-10-06 18:27","","2025-10-06 18:27","","","","","","","","","","","","","","","2025-10-06 18:27","","2025-10-06 18:28","","","2025-10-06 18:28","","4808","https://api-na1.hubspot.com/form-integrations/v1/uploaded-files/signed-url-redirect/197165492286?portalId=49095072&sign=nQQH0PPUG0nAVqHqwMxJaTO7Bbw%3D&conversionId=c9ad90fc-2140-429a-94e3-d5317ca2c813&filename=c9ad90fc-2140-429a-94e3-d5317ca2c813-fotos-4e37d2ee-de85-4d31-a560-15d714d596d2.jpeg","","Tráfico directo","Formularios","Tráfico directo","","","","","VICTORIA-NOG","","2025-10-06 18:27","","","","","","","","0.0","","","","","","","","5550.0","GMC YUKON SLT","","","","","0.0","2016","","","","","88579ec3-c1a4-4de4-b82d-e460d38cc3cb","","Registro - HoyMismo","","0.0","1.0","","0.0","1.0","","","",""," +14794454370"," +14794454370","","0.0","0.0","","","","mexico","","","Trámite en tiempo real: Agencia Aduanal HoyMismo (REGISTRO)","https://49095072.hs-sites.com/es-us/estatus-usho-2626","0.0","","","","","","","","","","","","","","","","Envío de formulario","","VU - Vehículo Interior República","","","","2025-11-26 16:37","https://49095072.hs-sites.com/es-us/estatus-usho-2626","","2025-10-06 18:27","2025-10-06 18:27","","","","","","1GKS1BKC7GR134331","UTC -05:00 América Monterrey","america_slash_monterrey","","","","","","","473494242656","","","","","","","","31255513131","","","","","","","","","","","38210292353","","","","","","","","","","","","","","","","","","","","","","","",""
"161246987649","Ricardo","Rivera","","","agenciaaduanalhoymismo.com/tracking","l.wl.co","","l.wl.co/","2730.0","","","Consentimiento libremente otorgado por contacto","","","","","","","18.0","","","PERLA, VERACRUZ","albuquerque","nm","","us","","94150","","ROJO"," --","true","Trámite en tiempo real: Agencia Aduanal HoyMismo (REGISTRO)","ricardoriverahernandez2001@gmail.com","","","","2.0","2.0","2.0","","","","","2025-10-05 18:41","","","Agencia Aduanal HoyMismo (REGISTRO)","","","","LOC CUMBRES DEL ESPAÑOL SN LOC CUMBRES DEL ESPAÑOL","","","","","gmail.com","0.0","0.0","","","","","Contacto de marketing","","","new mexico","En Revisión","Flujo de contactos - Agencia HoyMismo","","","","","","2025-10-05 18:41","","","","","2024-09-29","","","2025-10-05 18:41","2025-11-01 00:06","2025-10-05 18:47","2025-10-05 18:41","","","","","2025-10-05 19:28","","","","","","","","","2025-10-05 18:47","2025-09-28 16:12","","2025-10-05 18:41","","2025-10-06 22:47","2025-10-05 18:41","","3014","https://api-na1.hubspot.com/form-integrations/v1/uploaded-files/signed-url-redirect/197105653254?portalId=49095072&sign=0g8Swhd0n7MW3z_dbt8HT4AYB-E%3D&conversionId=03688b05-0a6c-4ea3-97bd-d3664f1a4f1c&filename=03688b05-0a6c-4ea3-97bd-d3664f1a4f1c-fotos-fdc02f1d-d32f-4f44-b118-c60a0b5d7407.jpg","","Tráfico directo","Formularios","Referencias","","","","","VICTORIA-NOG","","2025-09-28 16:12","","","","","","","","0.0","","","","","","","","3100.0","CHEVROLET","","","","","0.0","CAMARO LT","","","","","88579ec3-c1a4-4de4-b82d-e460d38cc3cb","","Registro - HoyMismo","","0.0","1.0","","0.0","1.0","","","",""," +12086545983"," +12086545983","","40.0","0.0","","","","united states","","https://l.wl.co/","Trámite en tiempo real: Agencia Aduanal HoyMismo (REGISTRO)","https://agenciaaduanalhoymismo.com/","2.0","","","","","","","","","","","","","","","","Envío de formulario","","A3 - Regularización","","","","2025-11-01 00:21","https://agenciaaduanalhoymismo.com/tracking","","2025-11-01 00:06","2025-11-01 00:06","","https://agenciaaduanalhoymismo.com/","","","","2G1FG1EV6A9187664","UTC -06:00 América Denver","america_slash_denver","","","","","","","472451734791","","","","","","","","30993705584","","","","","","","","","","","38079395473","","","","","","","","","","","","","","","","","","","","","","","",""
"160991455811","","","","","Unknown keywords (SSL)","Unknown keywords (SSL)","GOOGLE","GOOGLE","","","","","","","","","","","1.0","","","","phoenix","az","","us","","","",""," --","true","Contacto - Agencia Aduanal Especializada en Importación | AGENCIA ADUANAL IMPORTACION DE MERCANCIA Y MAQUINARIA"": .form__control","alva_2263@yahoo.es","","","","","","","","","","","2025-10-04 17:35","","",".form__control","","","","","","","","","yahoo.es","0.0","","","","","","Contacto de marketing","","","arizona","","Flujo de contactos - Agencia HoyMismo","","","","","","2025-10-04 17:35","","","","","","","","2025-10-04 17:34","2025-10-04 17:30","","2025-10-04 17:34","","","","","","","","","","","","","","","2025-10-04 17:30","","","","","","","","","","Búsqueda orgánica","Formularios","Búsqueda orgánica","","","","","","","2025-10-04 17:30","","","","","","","","0.0","","","","","","","","","","","","","","0.0","","","","","","6e1f6b45-05a8-42d4-8eb2-06d671a95b84","","","","0.0","1.0","","0.0","1.0","","","","","","","","1.0","0.0","","","","united states","","https://www.google.com/","Contacto - Agencia Aduanal Especializada en Importación | AGENCIA ADUANAL IMPORTACION DE MERCANCIA Y MAQUINARIA"": .form__control","https://agenciaaduanalhoymismo.com/contacto","1.0","","","","","","","","","","","","","","","","Envío de formulario","","","","","","2025-10-05 00:53","https://agenciaaduanalhoymismo.com/contacto","","2025-10-04 17:30","2025-10-04 17:30","","https://www.google.com/","","","","","UTC -07:00 América Phoenix","america_slash_phoenix","","","","","","","","","","","","","","","","","","","","","","","","","","38093854249","","","","","","","","","","","","","","","","","","","","","","","",""
"160963754806","Jorge Antonio","Peraza De La Torre","","","49095072.hs-sites.com/es-us/estatus-usho-2626","49095072.hs-sites.com/es-us/estatus-usho-2626","","","350.0","","","Consentimiento libremente otorgado por contacto","","","","","","","1.0","","","SONORA","","nle","","mx","","85219","","BLANCO"," --","true","Trámite en tiempo real: Agencia Aduanal HoyMismo (REGISTRO)","jordyperaza96@gmail.com","","","","1.0","","2.0","","","","","2025-10-04 12:15","","","Agencia Aduanal HoyMismo (REGISTRO)","","","","C ISLAS AZORES 417 SUR","","","https://api-na1.hubspot.com/form-integrations/v1/uploaded-files/signed-url-redirect/197061489974?portalId=49095072&sign=JMZAi6uoXQtULEuqkVEwavQk884%3D&conversionId=b0c77f5b-cd34-493d-a26c-c53897008978&filename=b0c77f5b-cd34-493d-a26c-c53897008978-documentos_del_cliente-WhatsApp+Image+2025-10-04+at+11.49.03+AM.jpeg","","gmail.com","0.0","0.0","","","","","Contacto de marketing","","","nuevo leon","En proceso","Flujo de contactos - Agencia HoyMismo","","","","","","2025-10-04 12:15","","","","","2025-10-04","","","2025-10-04 12:15","2025-10-04 12:15","2025-10-04 12:16","2025-10-04 12:15","","","","","2025-10-04 12:16","","","","","","","","","","2025-10-04 12:15","","2025-10-04 12:15","","","2025-10-04 12:15","","2050","https://api-na1.hubspot.com/form-integrations/v1/uploaded-files/signed-url-redirect/197061651517?portalId=49095072&sign=XG8ctjAxiAZY_k1MW_qTW7moYvU%3D&conversionId=b0c77f5b-cd34-493d-a26c-c53897008978&filename=b0c77f5b-cd34-493d-a26c-c53897008978-fotos-WhatsApp+Image+2025-10-02+at+7.07.44+PM+(1).jpeg","","Tráfico directo","Formularios","Tráfico directo","","","","","CECY-MTY","","2025-10-04 12:15","","","","","","","","0.0","","","","","","","","2780.0","RAM","","","","","0.0","2016","","","","","88579ec3-c1a4-4de4-b82d-e460d38cc3cb","","Registro - HoyMismo","","0.0","1.0","","0.0","1.0","","","",""," +16026410372"," +16026410372","","0.0","0.0","","","","mexico","","","Trámite en tiempo real: Agencia Aduanal HoyMismo (REGISTRO)","https://49095072.hs-sites.com/es-us/estatus-usho-2626","0.0","","","","","","","","","","","","","","","","Envío de formulario","","VU - Vehículo Interior República","","","","2025-10-04 19:42","https://49095072.hs-sites.com/es-us/estatus-usho-2626","","2025-10-04 12:15","2025-10-04 12:15","","","","","","1C6RR6FG7GS383140","UTC -05:00 América Monterrey","america_slash_monterrey","","","","","","","471413570471","","","","","","","","31128584839","","","","","","","","","","","37931109398","","","","","","","","","","","","","","","","","","","","","","","",""
"160802917693","","","","","Unknown keywords (SSL)","Unknown keywords (SSL)","GOOGLE","GOOGLE","","","","","","","","","","","1.0","","","","fontana","ca","","us","","","",""," --","true","Contacto - Agencia Aduanal Especializada en Importación | AGENCIA ADUANAL IMPORTACION DE MERCANCIA Y MAQUINARIA"": .form__control","lupemoreno.gm18@gmail.com","","","","","","","","","","","2025-10-03 18:20","","",".form__control","","","","","","","","","gmail.com","0.0","","","","","","Contacto de marketing","","","california","","Flujo de contactos - Agencia HoyMismo","","","","","","2025-10-03 18:20","","","","","","","","2025-10-03 18:20","2025-10-03 18:18","","2025-10-03 18:20","","","","","","","","","","","","","","","2025-10-03 18:18","","","","","","","","","","Búsqueda orgánica","Formularios","Búsqueda orgánica","","","","","","","2025-10-03 18:18","","","","","","","","0.0","","","","","","","","","","","","","","0.0","","","","","","6e1f6b45-05a8-42d4-8eb2-06d671a95b84","","","","0.0","1.0","","0.0","1.0","","","","","","","","2.0","0.0","","","","united states","","https://www.google.com/","Contacto - Agencia Aduanal Especializada en Importación | AGENCIA ADUANAL IMPORTACION DE MERCANCIA Y MAQUINARIA"": .form__control","https://agenciaaduanalhoymismo.com/contacto","2.0","","","","","","","","","","","","","","","","Envío de formulario","","","","","","2025-10-04 01:58","https://agenciaaduanalhoymismo.com/contacto","","2025-10-03 18:18","2025-10-03 18:40","","https://www.google.com/","","","","","UTC -07:00 América Los Ángeles","america_slash_los_angeles","","","","","","","","","","","","","","","","","","","","","","","","","","38093525176","","","","","","","","","","","","","","","","","","","","","","","",""
"160733620482","Juan","Lopez","Cecy HoyMismo Agencia","","49095072.hs-sites.com/es-us/estatus-usho-2626","49095072.hs-sites.com/es-us/estatus-usho-2626","","","350.0","","","Consentimiento libremente otorgado por contacto","","","","","","","3.0","","","","piedras negras","coa","","mx","","88120","","AZUL"," --","true","Trámite en tiempo real: Agencia Aduanal HoyMismo (REGISTRO)","juanlopez09@hotmail.com","","","","","","2.0","","","","","2025-10-03 12:42","","","Agencia Aduanal HoyMismo (REGISTRO)","","","","DR MIER 1234","","","","","hotmail.com","0.0","2.0","","","","","Contacto de marketing","","","coahuila","Entregado","Flujo de contactos - Agencia HoyMismo","","2025-10-03 14:04","","","","2025-10-03 12:42","","","","","2025-10-03","","","2025-10-03 12:42","2025-10-04 11:50","","2025-10-03 12:42","","","","","","","","","","","","","","","2025-10-03 12:08","","2025-10-03 12:42","","","2025-10-03 12:42","","8001","","","Tráfico directo","Formularios","Tráfico directo","","","","","CECY-MTY","","2025-10-03 12:08","","","","","","","","0.0","","","","","","","","3250.0","CHEVROLET","","","","","0.0","SILVERADO","","","","","88579ec3-c1a4-4de4-b82d-e460d38cc3cb","","Registro - HoyMismo","","0.0","1.0","","0.0","1.0","","","",""," +528673356748"," +528673356748","","2.0","0.0","","","","mexico","","","Trámite en tiempo real: Agencia Aduanal HoyMismo (REGISTRO)","https://49095072.hs-sites.com/es-us/estatus-usho-2626","0.0","Cecy HoyMismo Agencia","","","","","","","","","","","","","","","Envío de formulario","","A1 - Importación definitiva","","","","2025-10-04 12:05","https://49095072.hs-sites.com/es-us/estatus-usho-2626","","2025-10-04 11:50","2025-10-04 11:50","","","","","","HDU8973YEUHDKEUY8","UTC -05:00 América Matamoros","america_slash_matamoros","","","","","","","470786888537","","","","","","","","31010252106","","","","","","","","","","","38061246322","","","","","","","","","","","","","","","","","","","","","","","",""
"160508250477","Juan Jesus","Hernandez Butanda","","","49095072.hs-sites.com/es-us/estatus-usho-2626","49095072.hs-sites.com/es-us/estatus-usho-2626","","","350.0","","","Consentimiento libremente otorgado por contacto","","","","","","","1.0","","","VILLAGRAN, GTO.","","nle","","mx","","38272","","NEGRO"," --","true","Trámite en tiempo real: Agencia Aduanal HoyMismo (REGISTRO)","juanhernandez9401@icloud.com","","","","","","2.0","","","","","2025-10-02 16:15","","","Agencia Aduanal HoyMismo (REGISTRO)","","","","PRIV REVOLUCION #20, LOC SARABIA","","","https://api-na1.hubspot.com/form-integrations/v1/uploaded-files/signed-url-redirect/196973025634?portalId=49095072&sign=PnJRoZvaezLGpYNCGvRWrZ0hT0E%3D&conversionId=5a6f8a83-d0a7-4317-8b16-3e7ab8a265bb&filename=5a6f8a83-d0a7-4317-8b16-3e7ab8a265bb-documentos_del_cliente-dd15a3c9-4c6d-4ed3-aa2f-eeb470819dbf.jpeg","","icloud.com","0.0","2.0","","","","","Contacto de marketing","","","nuevo leon","En Revisión","Flujo de contactos - Agencia HoyMismo","","","","","","2025-10-02 16:15","","","","","2025-10-02","","","2025-10-02 16:15","2025-10-02 16:15","","2025-10-02 16:15","","","","","","","","","","","","","","","2025-10-02 16:15","","2025-10-02 16:16","","","2025-10-02 16:16","","4805","https://api-na1.hubspot.com/form-integrations/v1/uploaded-files/signed-url-redirect/196973025633?portalId=49095072&sign=3A0qSIP_k0V2VM8N-SNzX3iqqS0%3D&conversionId=5a6f8a83-d0a7-4317-8b16-3e7ab8a265bb&filename=5a6f8a83-d0a7-4317-8b16-3e7ab8a265bb-fotos-004266b5-006b-41d1-998e-3f056147d2a9.jpeg","","Tráfico directo","Formularios","Tráfico directo","","","","","VICTORIA-NOG","","2025-10-02 16:15","","","","","","","","0.0","","","","","","","","2150.0","FORD F150 XLT","","","","","0.0","2018","","","","","88579ec3-c1a4-4de4-b82d-e460d38cc3cb","","Registro - HoyMismo","","0.0","1.0","","0.0","1.0","","","","","","","","0.0","0.0","","","","mexico","","","Trámite en tiempo real: Agencia Aduanal HoyMismo (REGISTRO)","https://49095072.hs-sites.com/es-us/estatus-usho-2626","0.0","","","","","","","","","","","","","","","","Envío de formulario","","A3 - Regularización","","","","2025-10-02 23:45","https://49095072.hs-sites.com/es-us/estatus-usho-2626","","2025-10-02 16:15","2025-10-02 16:15","","","","","","1FTFX1EG4JKC45889","UTC -05:00 América Monterrey","america_slash_monterrey","","","","","","","469904663924","","","","","","","","31047745542","","","","","","","","","","","38046154249","","","","","","","","","","","","","","","","","","","","","","","",""
"159954066979","Maria Cristina","Toledo Fuentes","","","49095072.hs-sites.com/es-us/estatus-usho-2626","49095072.hs-sites.com/es-us/estatus-usho-2626","","","350.0","","","Consentimiento libremente otorgado por contacto","","","","","","","1.0","","","OAXACA, MEXICO","","son","","mx","","94900","","GRIS"," --","true","Trámite en tiempo real: Agencia Aduanal HoyMismo (REGISTRO)","toledocris064@gmail.com","","","","2.0","","2.0","","","","","2025-09-30 18:22","","","Agencia Aduanal HoyMismo (REGISTRO)","","","","HEROICA CD DE JUCHITAN  DE ZARAGOZA","","","","","gmail.com","0.0","0.0","","","","","Contacto de marketing","","","sonora","En Revisión","Flujo de contactos - Agencia HoyMismo","","","","","","2025-09-30 18:22","","","","","2025-09-30","","","2025-09-30 18:22","2025-09-30 18:22","2025-09-30 18:33","2025-09-30 18:22","","","","","2025-10-01 08:10","","","","","","","","","","2025-09-30 18:22","","2025-09-30 18:23","","","2025-09-30 18:23","","3013","https://api-na1.hubspot.com/form-integrations/v1/uploaded-files/signed-url-redirect/196867160242?portalId=49095072&sign=2ecgtOfkDFsW_oDx77xJjMvx9e8%3D&conversionId=f31eed50-8d81-424a-8151-6c424a78109b&filename=f31eed50-8d81-424a-8151-6c424a78109b-fotos-b981b480-a2d0-4e87-83b4-6d548a226de7.jpg","","Tráfico directo","Formularios","Tráfico directo","","","","","VICTORIA-NOG","","2025-09-30 18:22","","","","","","","","0.0","","","","","","","","1700.0","FORD","","","","","0.0","EXPEDITION LIMITED","","","","","88579ec3-c1a4-4de4-b82d-e460d38cc3cb","","Registro - HoyMismo","","0.0","1.0","","0.0","1.0","","","",""," +16892759011"," +16892759011","","0.0","0.0","","","","mexico","","","Trámite en tiempo real: Agencia Aduanal HoyMismo (REGISTRO)","https://49095072.hs-sites.com/es-us/estatus-usho-2626","0.0","","","","","","","","","","","","","","","","Envío de formulario","","A3 - Regularización","","","","2025-10-15 21:57","https://49095072.hs-sites.com/es-us/estatus-usho-2626","","2025-09-30 18:22","2025-09-30 18:22","","","","","","1FMFU195X8LA05179","UTC -07:00 América Hermosillo","america_slash_hermosillo","","","","","","","468054102352","","","","","","","","30957897293","","","","","","","","","","","37943891757","","","","","","","","","","","","","","","","","","","","","","","",""
"158848629140","Jose Alejandro","Aviña Lino","","","49095072.hs-sites.com/es-us/estatus-usho-2626","49095072.hs-sites.com/es-us/estatus-usho-2626","","","1000.0","","","Consentimiento libremente otorgado por contacto","","","","","","","1.0","","","TECOMAN, COL","","son","","mx","","28110","","VERDE"," --","true","Trámite en tiempo real: Agencia Aduanal HoyMismo (REGISTRO)","joseavinalino@gmail.com","","","","","","","2.0","","","","2025-09-26 17:39","","","Agencia Aduanal HoyMismo (REGISTRO)","","","","AV. MERCURIO 271 COL MIGUEL HIDALGO","","","","","gmail.com","0.0","2.0","","","","","Contacto de marketing","","","sonora","En Revisión","Flujo de contactos - Agencia HoyMismo","","","","","","2025-09-26 17:39","","","","","2025-02-06","","","2025-09-26 17:39","2025-09-26 17:39","","2025-09-26 17:39","","","","","","","","","","","","","","","2025-09-26 17:39","","","","","","","3011","","","Tráfico directo","Formularios","Tráfico directo","","","","","CINTHIA-TIJ","","2025-09-26 17:39","","","","","","","","0.0","","","","","","","","950.0","FORD EXPLORER","","","","","0.0","1997","","","Usuario desconocido","","88579ec3-c1a4-4de4-b82d-e460d38cc3cb","","Registro - HoyMismo","","0.0","1.0","","0.0","1.0","","","",""," +523131397947"," +523131397947","","0.0","0.0","","","","mexico","","","Trámite en tiempo real: Agencia Aduanal HoyMismo (REGISTRO)","https://49095072.hs-sites.com/es-us/estatus-usho-2626","0.0","","","","","","","","","","","","","","","","Envío de formulario","","A3 - Regularización","","","","2025-09-27 01:28","https://49095072.hs-sites.com/es-us/estatus-usho-2626","","2025-09-26 17:39","2025-09-26 17:39","","","","","","1FMDU35P9VZA05984","UTC -07:00 América Hermosillo","america_slash_hermosillo","","","","","","","464797840934","","","","","","","","30600824162","","","","","","","","","","","37567243945","","","","","","","","","","","","","","","","","","","","","","","",""
"158550993252","Federico Roman","Guerrero Garcia","","","agenciaaduanalhoymismo.com/","l.wl.co","","l.wl.co/","39800.0","","","Consentimiento libremente otorgado por contacto","","","","","","","19.0","","","SAN NICOLAS DE LOS GARZA, NUEVO LEON.","monterrey","nle","","mx","","66423","","NEGRO"," --","true","Trámite en tiempo real: Agencia Aduanal HoyMismo (REGISTRO)","federico.guerrero@udem.edu","","","","2.0","2.0","2.0","","","","","2025-09-25 17:12","","","Agencia Aduanal HoyMismo (REGISTRO)","","","","C ALFONSO MARTINEZ DOMINGUEZ #202, COL NUEVO PERIFERICO","","","https://api-na1.hubspot.com/form-integrations/v1/uploaded-files/signed-url-redirect/196646525005?portalId=49095072&sign=OlwYh0DUSUdlz3JwXYOfXcQh0Bg%3D&conversionId=73bce0ad-ac4f-4923-92e5-7a3928976d75&filename=73bce0ad-ac4f-4923-92e5-7a3928976d75-documentos_del_cliente-WhatsApp+Image+2025-09-25+at+4.02.20+PM.jpeg","","udem.edu","0.0","0.0","","","","","Contacto de marketing","","","nuevo leon","En Revisión","Flujo de contactos - Agencia HoyMismo","","","","","","2025-09-25 17:12","","","","","2025-09-25","","","2025-09-25 17:12","2025-10-16 16:48","2025-09-25 17:38","2025-09-25 17:12","","","","","2025-10-16 16:48","","","","","","","","","2025-09-25 19:57","2025-09-25 13:02","","2025-09-25 17:13","","2025-10-16 16:48","2025-09-25 17:13","","2046","https://api-na1.hubspot.com/form-integrations/v1/uploaded-files/signed-url-redirect/196644677632?portalId=49095072&sign=9qWrFOSLbvlcKKmRUwIwoO3Cv7k%3D&conversionId=73bce0ad-ac4f-4923-92e5-7a3928976d75&filename=73bce0ad-ac4f-4923-92e5-7a3928976d75-fotos-WhatsApp+Image+2025-09-25+at+4.02.19+PM.jpeg","","Tráfico directo","Formularios","Referencias","","","","","VICTORIA-NOG","","2025-09-25 13:02","","","","","","","","0.0","","","","","","","","0.0","HARLEY DAVIDSON DYNA GLIDE LOW RIDER","","","","","0.0","2003","","","","","88579ec3-c1a4-4de4-b82d-e460d38cc3cb","","Registro - HoyMismo","","0.0","1.0","","0.0","1.0","","","",""," +528117534809"," +528117534809","","34.0","0.0","","","","mexico","","https://l.wl.co/","Trámite en tiempo real: Agencia Aduanal HoyMismo (REGISTRO)","https://agenciaaduanalhoymismo.com/","1.0","","","","","","","","","","","","","","","","Envío de formulario","","A1 - Importación definitiva","","","","2026-01-01 21:15","https://agenciaaduanalhoymismo.com/tracking","","2025-10-16 16:48","2025-10-16 16:48","","https://agenciaaduanalhoymismo.com/?utm_medium=email&_hsenc=p2ANqtz-86COXMmCO-QNSbjUMn7UhCqqk1lkTfPDm8yFwilDJljHFGaumYej0tccUmkxI83-2NpFIfm84WHo02Gs9reqrNhHTM102hytrSgGUm8TFjGqzEC7c&_hsmi=367642293&utm_content=367642293&utm_source=hs_automation","","","","1HD1GDV163K318883","UTC -05:00 América Monterrey","america_slash_monterrey","","","","","","","464410366326","","","","","","","","30502525289","","","","","","","","","","","37473291063","","","","","40239855494","","","","","","","","","","","40239855494","","","","","","","",""
"157881700991","Miguel","Junco Ibarra","","","49095072.hs-sites.com/es-us/estatus-usho-2626","49095072.hs-sites.com/es-us/estatus-usho-2626","","","150.0","","","Consentimiento libremente otorgado por contacto","","","","","","","1.0","","","LEON, GTO.","","nle","","mx","","37208","","ROJO"," --","true","Trámite en tiempo real: Agencia Aduanal HoyMismo (REGISTRO)","migueljuncoibarra02@gmail.com","","","","","","","2.0","","","","2025-09-23 14:47","","","Agencia Aduanal HoyMismo (REGISTRO)","","","","FLOR DE ACACIA #182, FLOR DE ZARZA, BLVD EPSIL, VILLA SUR","","","https://api-na1.hubspot.com/form-integrations/v1/uploaded-files/signed-url-redirect/196508758333?portalId=49095072&sign=CEdA0Po7y40mr0be7rd_OnaJzJ4%3D&conversionId=8577c9ea-b2de-442a-bc23-263ae1903402&filename=8577c9ea-b2de-442a-bc23-263ae1903402-documentos_del_cliente-0d6d8d12-d22d-452c-9f54-5723008c45c5.jpg","","gmail.com","0.0","2.0","","","","","Contacto de marketing","","","nuevo leon","En Revisión","Flujo de contactos - Agencia HoyMismo","","","","","","2025-09-23 14:47","","","","","2025-09-23","","","2025-09-23 14:47","2025-09-23 14:47","","2025-09-23 14:47","","","","","","","","","","","","","","","2025-09-23 14:47","","","","","","","4801-2","https://api-na1.hubspot.com/form-integrations/v1/uploaded-files/signed-url-redirect/196511191832?portalId=49095072&sign=NcP5RC8JRuOwKaJZlsOZRAihxHE%3D&conversionId=8577c9ea-b2de-442a-bc23-263ae1903402&filename=8577c9ea-b2de-442a-bc23-263ae1903402-fotos-WhatsApp+Image+2025-09-23+at+12.12.13+PM.jpeg","","Tráfico directo","Formularios","Tráfico directo","","","","","VICTORIA-NOG","","2025-09-23 14:47","","","","","","","","0.0","","","","","","","","1280.0","HARLEY DAVIDSON SPORTSTER 1200 CUSTOM","","","","","0.0","2012","","","Usuario desconocido","","88579ec3-c1a4-4de4-b82d-e460d38cc3cb","","Registro - HoyMismo","","0.0","1.0","","0.0","1.0","","","",""," +14709521864"," +14709521864","","0.0","0.0","","","","mexico","","","Trámite en tiempo real: Agencia Aduanal HoyMismo (REGISTRO)","https://49095072.hs-sites.com/es-us/estatus-usho-2626","0.0","","","","","","","","","","","","","","","","Envío de formulario","","A1 - Importación definitiva","","","","2025-09-23 22:42","https://49095072.hs-sites.com/es-us/estatus-usho-2626","","2025-09-23 14:47","2025-09-23 14:47","","","","","","1HD1CT312CC428686","UTC -05:00 América Monterrey","america_slash_monterrey","","","","","","","463636219002","","","","","","","","30330550531","","","","","","","","","","","37306279541","","","","","","","","","","","","","","","","","","","","","","","",""
"157903547525","Miguel","Junco Ibarra","","","49095072.hs-sites.com/es-us/estatus-usho-2626","49095072.hs-sites.com/es-us/estatus-usho-2626","","","150.0","","","Consentimiento libremente otorgado por contacto","","","","","","","1.0","","","LEON, GTO.","","nle","","mx","","37208","","AZUL"," --","true","Trámite en tiempo real: Agencia Aduanal HoyMismo (REGISTRO)","migueljuncoibarra01@gmail.com","","","","","","","2.0","","","","2025-09-23 14:43","","","Agencia Aduanal HoyMismo (REGISTRO)","","","","FLOR DE ACACIA #182, FLOR DE ZARZA, BLVD EPSIL, VILLA SUR","","","https://api-na1.hubspot.com/form-integrations/v1/uploaded-files/signed-url-redirect/196510075961?portalId=49095072&sign=3F4WOCDhD-GJjzySWJhOBvSYtt0%3D&conversionId=c1568a3e-bb68-447b-b147-fbf35f672c93&filename=c1568a3e-bb68-447b-b147-fbf35f672c93-documentos_del_cliente-0d6d8d12-d22d-452c-9f54-5723008c45c5.jpg","","gmail.com","0.0","2.0","","","","","Contacto de marketing","","","nuevo leon","En Revisión","Flujo de contactos - Agencia HoyMismo","","","","","","2025-09-23 14:43","","","","","2025-09-23","","","2025-09-23 14:43","2025-09-23 14:43","","2025-09-23 14:43","","","","","","","","","","","","","","","2025-09-23 14:43","","","","","","","4801-1","https://api-na1.hubspot.com/form-integrations/v1/uploaded-files/signed-url-redirect/196510189961?portalId=49095072&sign=7PBPR5urkt3uiL4LmV7gi4ftLeo%3D&conversionId=c1568a3e-bb68-447b-b147-fbf35f672c93&filename=c1568a3e-bb68-447b-b147-fbf35f672c93-fotos-8c6932d4-a738-4666-9a80-72a7c3063689.jfif","","Tráfico directo","Formularios","Tráfico directo","","","","","VICTORIA-NOG","","2025-09-23 14:43","","","","","","","","0.0","","","","","","","","890.0","KAWASAKI VULCAN 1500 CLASSIC","","","","","0.0","2007","","","Usuario desconocido","","88579ec3-c1a4-4de4-b82d-e460d38cc3cb","","Registro - HoyMismo","","0.0","1.0","","0.0","1.0","","","",""," +14709521864"," +14709521864","","0.0","0.0","","","","mexico","","","Trámite en tiempo real: Agencia Aduanal HoyMismo (REGISTRO)","https://49095072.hs-sites.com/es-us/estatus-usho-2626","0.0","","","","","","","","","","","","","","","","Envío de formulario","","A1 - Importación definitiva","","","","2025-09-23 23:01","https://49095072.hs-sites.com/es-us/estatus-usho-2626","","2025-09-23 14:43","2025-09-23 14:43","","","","","","JKBVNAN197A028372","UTC -05:00 América Monterrey","america_slash_monterrey","","","","","","","463645501195","","","","","","","","30300436825","","","","","","","","","","","37303337314","","","","","","","","","","","","","","","","","","","","","","","",""
"157904035882","Miguel","Junco Ibarra","","","49095072.hs-sites.com/es-us/estatus-usho-2626","49095072.hs-sites.com/es-us/estatus-usho-2626","","","400.0","","","Consentimiento libremente otorgado por contacto","","","","","","","1.0","","","LEON, GTO.","","nle","","mx","","37208","","GRIS"," --","true","Trámite en tiempo real: Agencia Aduanal HoyMismo (REGISTRO)","migueljuncoibarra0@gmail.com","","","","2.0","","2.0","","","","","2025-09-23 14:39","","","Agencia Aduanal HoyMismo (REGISTRO)","","","","FLOR DE ACACIA #182, FLOR DE ZARZA, BLVD EPSIL, VILLA SUR","","","https://api-na1.hubspot.com/form-integrations/v1/uploaded-files/signed-url-redirect/196509283158?portalId=49095072&sign=Pxzljn7SLcp6J9E01GaVHrasmgY%3D&conversionId=ff1d7365-ebd4-46ec-aaee-6fceb32aa9c7&filename=ff1d7365-ebd4-46ec-aaee-6fceb32aa9c7-documentos_del_cliente-0d6d8d12-d22d-452c-9f54-5723008c45c5.jpg","","gmail.com","0.0","0.0","","","","","Contacto de marketing","","","nuevo leon","En Revisión","Flujo de contactos - Agencia HoyMismo","","","","","","2025-09-23 14:39","","","","","2025-09-23","","","2025-09-23 14:39","2025-09-23 14:39","2025-09-24 05:18","2025-09-23 14:39","","","","","2025-09-24 05:29","","","","","","","","","","2025-09-23 14:39","","2025-09-23 14:39","","","2025-09-23 14:39","","4801","https://api-na1.hubspot.com/form-integrations/v1/uploaded-files/signed-url-redirect/196511320099?portalId=49095072&sign=J62YAGPo8gfyIJhiWLUMxffDNYI%3D&conversionId=ff1d7365-ebd4-46ec-aaee-6fceb32aa9c7&filename=ff1d7365-ebd4-46ec-aaee-6fceb32aa9c7-fotos-WhatsApp+Image+2025-09-23+at+12.12.14+PM.jpeg","","Tráfico directo","Formularios","Tráfico directo","","","","","VICTORIA-NOG","","2025-09-23 14:39","","","","","","","","0.0","","","","","","","","1450.0","FORD F150","","","","","0.0","2004","","","","","88579ec3-c1a4-4de4-b82d-e460d38cc3cb","","Registro - HoyMismo","","0.0","1.0","","0.0","1.0","","","",""," +14709521864"," +14709521864","","0.0","0.0","","","","mexico","","","Trámite en tiempo real: Agencia Aduanal HoyMismo (REGISTRO)","https://49095072.hs-sites.com/es-us/estatus-usho-2626","0.0","","","","","","","","","","","","","","","","Envío de formulario","","A3 - Regularización","","","","2025-10-01 21:24","https://49095072.hs-sites.com/es-us/estatus-usho-2626","","2025-09-23 14:39","2025-09-23 14:39","","","","","","1FTPX14534FA43255","UTC -05:00 América Monterrey","america_slash_monterrey","","","","","","","463635893796","","","","","","","","30324511511","","","","","","","","","","","37307672640","","","","","","","","","","","","","","","","","","","","","","","",""
"156768017805","Laura Elizabeth","Camacho Ruiz","Cecy HoyMismo Agencia","","49095072.hs-sites.com/es-us/estatus-usho-2626","49095072.hs-sites.com/es-us/estatus-usho-2626","","","350.0","","","Consentimiento libremente otorgado por contacto","","","","","","","1.0","","","CAJEME, SON.","","nle","","mx","","85210","","BLANCO"," --","true","Trámite en tiempo real: Agencia Aduanal HoyMismo (REGISTRO)","laura.camachoruiz@hotmail.com","","","","","","2.0","","","","","2025-09-19 15:13","","","Agencia Aduanal HoyMismo (REGISTRO)","","","","C PASEO DEL LAGO #310 FRACC VILLA BONITA","","","https://api-na1.hubspot.com/form-integrations/v1/uploaded-files/signed-url-redirect/196333561466?portalId=49095072&sign=RXkNVXqRWKRRN-mKkLX6TU3U61U%3D&conversionId=062d2069-4b08-44a9-a9ec-a20ada944dae&filename=062d2069-4b08-44a9-a9ec-a20ada944dae-documentos_del_cliente-INE+Laura+(1)+(1).pdf","","hotmail.com","0.0","2.0","","","","","Contacto de marketing","","","nuevo leon","En Revisión","Flujo de contactos - Agencia HoyMismo","","2025-09-22 12:24","","","","2025-09-19 15:13","","","","","2025-09-19","","","2025-09-19 15:13","2025-09-19 15:13","","2025-09-19 15:13","","","","","","","","","","","","","","","2025-09-19 15:13","","2025-09-19 15:13","","","2025-09-19 15:13","","2045","https://api-na1.hubspot.com/form-integrations/v1/uploaded-files/signed-url-redirect/196335763872?portalId=49095072&sign=Wz6I61gx550JpxKR9eetfzQ0JmU%3D&conversionId=062d2069-4b08-44a9-a9ec-a20ada944dae&filename=062d2069-4b08-44a9-a9ec-a20ada944dae-fotos-WhatsApp+Image+2025-09-19+at+2.36.45+PM.jpeg","","Tráfico directo","Formularios","Tráfico directo","","","","","VICTORIA-NOG","","2025-09-19 15:13","","","","","","","","0.0","","","","","","","","1500.0","FORD EDGE SEL","","","","","0.0","2014","","","","","88579ec3-c1a4-4de4-b82d-e460d38cc3cb","","Registro - HoyMismo","","0.0","1.0","","0.0","1.0","","","",""," +526441436259"," +526441436259","","0.0","0.0","","","","mexico","","","Trámite en tiempo real: Agencia Aduanal HoyMismo (REGISTRO)","https://49095072.hs-sites.com/es-us/estatus-usho-2626","0.0","Cecy HoyMismo Agencia","","","","","","","","","","","","","","","Envío de formulario","","A3 - Regularización","","","","2025-09-22 12:24","https://49095072.hs-sites.com/es-us/estatus-usho-2626","","2025-09-19 15:13","2025-09-19 15:13","","","","","","2FMDK3JC1EBB39657","UTC -05:00 América Monterrey","america_slash_monterrey","","","","","","","462578292035","","","","","","","","29940241447","","","","","","","","","","","36963696054","","","","","","","","","","","","","","","","","","","","","","","",""
"156789454938","Ricardo","Vazquez","","","49095072.hs-sites.com/es-us/estatus-usho-2626","49095072.hs-sites.com/es-us/estatus-usho-2626","","","350.0","","","Consentimiento libremente otorgado por contacto","","","","","","","1.0","","","Mo","tijuana","bcn","","mx","","58337","","rojo"," --","true","Trámite en tiempo real: Agencia Aduanal HoyMismo (REGISTRO)","refavaz_777@hotmail.com","","","","","","2.0","","","","","2025-09-19 14:50","","","Agencia Aduanal HoyMismo (REGISTRO)","","","","RTNO COMBATIENTE DE COPORO 260 COL. BENEDICTO LOPEZ","","","","","hotmail.com","0.0","2.0","","","","","Contacto de marketing","","","baja california","En Revisión","Flujo de contactos - Agencia HoyMismo","","","","","","2025-09-19 14:50","","","","","2025-09-19","","","2025-09-19 14:50","2025-09-19 14:50","","2025-09-19 14:50","","","","","","","","","","","","","","","2025-09-19 14:50","","2025-09-19 14:50","","","2025-09-19 14:50","","1124","https://api-na1.hubspot.com/form-integrations/v1/uploaded-files/signed-url-redirect/196331728817?portalId=49095072&sign=zMYhDOn_DvpUjlDE-BHm4OpR0Go%3D&conversionId=e2f9044c-a820-434c-95cd-4f3d63cae67d&filename=e2f9044c-a820-434c-95cd-4f3d63cae67d-fotos-lado+1.jpeg;https://api-na1.hubspot.com/form-integrations/v1/uploaded-files/signed-url-redirect/196333418069?portalId=49095072&sign=D83ovRREDvmMBIizzVli-EjcqXs%3D&conversionId=e2f9044c-a820-434c-95cd-4f3d63cae67d&filename=e2f9044c-a820-434c-95cd-4f3d63cae67d-fotos-lado+2.jpeg;https://api-na1.hubspot.com/form-integrations/v1/uploaded-files/signed-url-redirect/196331567515?portalId=49095072&sign=Xx5EIDB9uIhXdTs8XssXm_3z_mM%3D&conversionId=e2f9044c-a820-434c-95cd-4f3d63cae67d&filename=e2f9044c-a820-434c-95cd-4f3d63cae67d-fotos-parte+delantera.jpeg;https://api-na1.hubspot.com/form-integrations/v1/uploaded-files/signed-url-redirect/196331341711?portalId=49095072&sign=EpKFtD6x3WhYDX9w-4sulxbc_ss%3D&conversionId=e2f9044c-a820-434c-95cd-4f3d63cae67d&filename=e2f9044c-a820-434c-95cd-4f3d63cae67d-fotos-parte+trasera.jpeg","","Tráfico directo","Formularios","Tráfico directo","","","","","CINTHIA-TIJ","","2025-09-19 14:50","","","","","","","","0.0","","","","","","","","2050.0","Nissan","","","","","0.0","Xterra 2014","","","","","88579ec3-c1a4-4de4-b82d-e460d38cc3cb","","Registro - HoyMismo","","0.0","1.0","","0.0","1.0","","","",""," +14434837346"," +14434837346","","0.0","0.0","","","","mexico","","","Trámite en tiempo real: Agencia Aduanal HoyMismo (REGISTRO)","https://49095072.hs-sites.com/es-us/estatus-usho-2626","0.0","","","","","","","","","","","","","","","","Envío de formulario","","A3 - Regularización","","","","2025-09-19 22:55","https://49095072.hs-sites.com/es-us/estatus-usho-2626","","2025-09-19 14:50","2025-09-19 14:50","","","","","","5n1an0nw2en809184","UTC -07:00 América Tijuana","america_slash_tijuana","","","","","","","462579371266","","","","","","","","29945098657","","","","","","","","","","","36984588895","","","","","","","","","","","","","","","","","","","","","","","",""
"155666060439","Ernesto","Valle","","","49095072.hs-sites.com/es-us/estatus-usho-2626","49095072.hs-sites.com/es-us/estatus-usho-2626","","","350.0","","","Consentimiento libremente otorgado por contacto","","","","","","","1.0","","","LAZARO,CARDENAS MICHOACAN","","son","","mx","","60990","","GRIS"," --","true","Trámite en tiempo real: Agencia Aduanal HoyMismo (REGISTRO)","valle.ernesto86@gmail.com","","","","2.0","","2.0","","","","","2025-09-15 20:15","","","Agencia Aduanal HoyMismo (REGISTRO)","","","","AV JOSE MARIA MORELOS 483 COL. INSURGENTES","","","","","gmail.com","0.0","0.0","","","","","Contacto de marketing","","","sonora","En Revisión","Flujo de contactos - Agencia HoyMismo","","","","","","2025-09-15 20:15","","","","","2025-09-15","","","2025-09-15 20:15","2025-09-15 20:15","2025-09-20 17:02","2025-09-15 20:15","","","","","2025-09-20 17:02","","","","","","","","","","2025-09-15 20:15","","2025-09-15 20:15","","","2025-09-15 20:15","","3012","https://api-na1.hubspot.com/form-integrations/v1/uploaded-files/signed-url-redirect/196099898553?portalId=49095072&sign=1SarJDb8bzUFB-2UGdMrroNSxlo%3D&conversionId=164499b5-5d67-4a7f-96a7-e37d78d2de10&filename=164499b5-5d67-4a7f-96a7-e37d78d2de10-fotos-e717e93d-e5a3-4489-803b-0ca9c4dacfb6.jpg","","Tráfico directo","Formularios","Tráfico directo","","","","","VICTORIA-NOG","","2025-09-15 20:15","","","","","","","","0.0","","","","","","","","1600.0","DODGE RAM 1500","","","","","0.0","2005","","","","","88579ec3-c1a4-4de4-b82d-e460d38cc3cb","","Registro - HoyMismo","","0.0","1.0","","0.0","1.0","","","",""," +15303150348"," +15303150348","","0.0","0.0","","","","mexico","","","Trámite en tiempo real: Agencia Aduanal HoyMismo (REGISTRO)","https://49095072.hs-sites.com/es-us/estatus-usho-2626","0.0","","","","","","","","","","","","","","","","Envío de formulario","","A3 - Regularización","","","","2025-10-01 23:34","https://49095072.hs-sites.com/es-us/estatus-usho-2626","","2025-09-15 20:15","2025-09-15 20:15","","","","","","1D7HA18D15S336741","UTC -07:00 América Hermosillo","america_slash_hermosillo","","","","","","","461322334308","","","","","","","","29766101803","","","","","","","","","","","36794161949","","","","","","","","","","","","","","","","","","","","","","","",""
"155642282520","Samuel","Soto Vazquez","Admin Agencia Aduanal HoyMismo","","49095072.hs-sites.com/es-us/estatus-usho-2626","49095072.hs-sites.com/es-us/estatus-usho-2626","","","350.0","","","Consentimiento libremente otorgado por contacto","","","","","","","1.0","","","STA MARIA CHIMALAPA","general zuazua","nle","","mx","","70360","","GRIS"," --","true","Trámite en tiempo real: Agencia Aduanal HoyMismo (REGISTRO)","lkbaer10@gmail.com","","","","2.0","","2.0","","","","","2025-09-15 18:16","","","Agencia Aduanal HoyMismo (REGISTRO)","","","","CALLE PRINCIPAL S / N","","","https://api-na1.hubspot.com/form-integrations/v1/uploaded-files/signed-url-redirect/196096762189?portalId=49095072&sign=fhQMtNGEw_8ztwYnQG7xFIjzoIY%3D&conversionId=aef4a79a-5825-4910-a101-59b9413cd5c6&filename=aef4a79a-5825-4910-a101-59b9413cd5c6-documentos_del_cliente-WhatsApp+Image+2025-09-15+at+1.29.36+PM.jpeg","","gmail.com","0.0","0.0","","","","","Contacto de marketing","","","nuevo leon","Entregado","Flujo de contactos - Agencia HoyMismo","","2025-09-22 12:24","","","","2025-09-15 18:16","","","","","2025-09-15","","","2025-09-15 18:16","2025-09-15 18:16","2025-09-16 14:22","2025-09-15 18:16","","","","","2025-09-16 14:45","","","","","","","","","","2025-09-15 18:16","","2025-09-15 18:16","","","2025-09-15 18:16","","4798","https://api-na1.hubspot.com/form-integrations/v1/uploaded-files/signed-url-redirect/196097367139?portalId=49095072&sign=wamCqu_THtsEvd0HFsAi-DijbG4%3D&conversionId=aef4a79a-5825-4910-a101-59b9413cd5c6&filename=aef4a79a-5825-4910-a101-59b9413cd5c6-fotos-WhatsApp+Image+2025-09-15+at+1.18.56+PM.jpeg","","Tráfico directo","Formularios","Tráfico directo","","","","","VICTORIA-NOG","","2025-09-15 18:16","","","","","","","","0.0","","","","","","","","7630.0","DODGE RAM 3500 HEAVY DUTY","","","","","0.0","2010","","","","","88579ec3-c1a4-4de4-b82d-e460d38cc3cb","","Registro - HoyMismo","","0.0","1.0","","0.0","1.0","","","",""," +12062948510"," +12062948510","","0.0","0.0","","","","mexico","","","Trámite en tiempo real: Agencia Aduanal HoyMismo (REGISTRO)","https://49095072.hs-sites.com/es-us/estatus-usho-2626","0.0","Victoria HoyMismo Nogales","","","","","","","","","","","","","","","Envío de formulario","","A1 - Importación definitiva","","","","2025-11-26 16:33","https://49095072.hs-sites.com/es-us/estatus-usho-2626","","2025-09-15 18:16","2025-09-15 18:16","","","","","","3D73Y4CL9AG149092","UTC -05:00 América Monterrey","america_slash_monterrey","","","","","","","461312575855","","","","","","","","29761941618","","","","","","","","","","","36794622005","","","","","","","","","","","","","","","","","","","","","","","",""
"155068344926","Josue Levit","Ramirez Llanos","Cecy HoyMismo Agencia","","49095072.hs-sites.com/es-us/estatus-usho-2626","49095072.hs-sites.com/es-us/estatus-usho-2626","","","350.0","","","Consentimiento libremente otorgado por contacto","","","","","","","1.0","","","Tulancingo de Bravo","tijuana","bcn","","mx","","43698","","Blanco"," --","true","Trámite en tiempo real: Agencia Aduanal HoyMismo (REGISTRO)","josuelevitrmirez@icloud.com","","","","","","2.0","","","","","2025-09-13 11:39","","","Agencia Aduanal HoyMismo (REGISTRO)","","","","Plan de ayala s/n medias tierras","","","","","icloud.com","0.0","2.0","","","","","Contacto de marketing","","","baja california","En proceso","Flujo de contactos - Agencia HoyMismo","","2025-09-13 11:41","","","","2025-09-13 11:39","","","","","2025-09-08","","","2025-09-13 11:39","2025-09-13 11:39","","2025-09-13 11:39","","","","","","","","","","","","","","","2025-09-13 11:39","","2025-09-13 11:39","","","2025-09-13 11:39","","1104","195993327418;195994169270;195993327419;195993327417;195994137218;195994170425;195993327421;195994170426;195994137219;195993327420","","Tráfico directo","Formularios","Tráfico directo","","","","","CINTHIA-TIJ","","2025-09-13 11:39","","","","","","","","0.0","","","","","","","","1600.0","Chevrolet","","","","","0.0","Silverado","","","","","88579ec3-c1a4-4de4-b82d-e460d38cc3cb","","Registro - HoyMismo","","0.0","1.0","","0.0","1.0","","","",""," +17042582495"," +17042582495","","0.0","0.0","","","","mexico","","","Trámite en tiempo real: Agencia Aduanal HoyMismo (REGISTRO)","https://49095072.hs-sites.com/es-us/estatus-usho-2626","0.0","Cynthia HoyMismo Tijuana","","","","","","","","","","","","","","","Envío de formulario","","A3 - Regularización","","","","2025-09-13 19:06","https://49095072.hs-sites.com/es-us/estatus-usho-2626","","2025-09-13 11:39","2025-09-13 11:39","","","","","","1GCNCPEX8BZ157494","UTC -07:00 América Tijuana","america_slash_tijuana","","","","","","","460777671446","","","","","","","","29674058883","","","","","","","","","","","36705426591","","","","","","","","","","","","","","","","","","","","","","","",""
"154899955738","Roberto","B","","","49095072.hs-sites.com/es-us/estatus-usho-2626","49095072.hs-sites.com/es-us/estatus-usho-2626","","","297.0","","","Consentimiento libremente otorgado por contacto","","","","","","","1.0","","","AMECAMECA,MEX.","chicago","il","","us","","C.P.56960","","GRIS"," --","true","Trámite en tiempo real: Agencia Aduanal HoyMismo (REGISTRO)","betobenavides@hotmail.com","","","","1.0","","2.0","","","","","2025-09-12 14:08","","","Agencia Aduanal HoyMismo (REGISTRO)","","","","La unión #74 B col San Pedro Nexapa","","","https://api-na1.hubspot.com/form-integrations/v1/uploaded-files/signed-url-redirect/195958732645?portalId=49095072&sign=Fdmh5ESIFe0GX2PNW3SAkkMdZp8%3D&conversionId=50a8c3f1-da46-4e32-aea6-ae2c47026b21&filename=50a8c3f1-da46-4e32-aea6-ae2c47026b21-documentos_del_cliente-e8ec27a6-82d9-401e-828f-0911f291ed51.jpg","","hotmail.com","0.0","0.0","","","","","Contacto de marketing","","","illinois","En Revisión","Flujo de contactos - Agencia HoyMismo","","","","","","2025-09-12 14:08","","","","","2025-12-08","","","2025-09-12 14:08","2025-09-12 14:08","2025-09-20 18:51","2025-09-12 14:08","","","","","2025-09-20 18:51","","","","","","","","","","2025-09-12 14:08","","2025-09-12 14:08","","","2025-09-12 14:08","","3010","https://api-na1.hubspot.com/form-integrations/v1/uploaded-files/signed-url-redirect/195958867610?portalId=49095072&sign=iQtiNjKgMz_q5fdUnxzic_-ozI0%3D&conversionId=50a8c3f1-da46-4e32-aea6-ae2c47026b21&filename=50a8c3f1-da46-4e32-aea6-ae2c47026b21-fotos-7812276c-13c3-4546-8d2b-93f1fd031767.jpg","","Tráfico directo","Formularios","Tráfico directo","","","","","VICTORIA-NOG","","2025-09-12 14:08","","","","","","","","0.0","","","","","","","","1653.0","GMC ACADIA","","","","","0.0","2009","","","","","88579ec3-c1a4-4de4-b82d-e460d38cc3cb","","Registro - HoyMismo","","0.0","1.0","","0.0","1.0","","","",""," +19152797472"," +19152797472","","0.0","0.0","","","","united states","","","Trámite en tiempo real: Agencia Aduanal HoyMismo (REGISTRO)","https://49095072.hs-sites.com/es-us/estatus-usho-2626","0.0","","","","","","","","","","","","","","","","Envío de formulario","","A3 - Regularización","","","","2025-12-01 22:43","https://49095072.hs-sites.com/es-us/estatus-usho-2626","","2025-09-12 14:08","2025-09-12 14:08","","","","","","1GKER13D39J110276","UTC -05:00 América Chicago","america_slash_chicago","","","","","","","460545725003","","","","","","","","29670881911","","","","","","","","","","","36699864114","","","","","","","","","","","","","","","","","","","","","","","",""
"154607931257","Jose Manuel","Higuera Mendoza","","","49095072.hs-sites.com/es-us/estatus-usho-2626","49095072.hs-sites.com/es-us/estatus-usho-2626","","","350.0","","","Consentimiento libremente otorgado por contacto","","","","","","","1.0","","","ANGOSTURA, SIN.","general zuazua","nle","","mx","","81670","","GUINDO"," --","true","Trámite en tiempo real: Agencia Aduanal HoyMismo (REGISTRO)","karla.sanchez30z30@gmail.com","","","","2.0","","2.0","","","","","2025-09-11 12:16","","","Agencia Aduanal HoyMismo (REGISTRO)","","","","LOC IGNACIO ALLENDE S / N, LOC IGNACIO ALLENDE","","","https://api-na1.hubspot.com/form-integrations/v1/uploaded-files/signed-url-redirect/195886565733?portalId=49095072&sign=qj7m4CDUcUg2q7X2wsNU5K8k55c%3D&conversionId=c686712d-f532-4859-8ba7-10c51024bfd0&filename=c686712d-f532-4859-8ba7-10c51024bfd0-documentos_del_cliente-WhatsApp+Image+2025-09-10+at+2.11.29+PM.jpeg","","gmail.com","0.0","0.0","","","","","Contacto de marketing","","","nuevo leon","En Revisión","Flujo de contactos - Agencia HoyMismo","","","","","","2025-09-11 12:16","","","","","2025-09-11","","","2025-09-11 12:16","2025-09-11 12:16","2025-09-11 12:18","2025-09-11 12:16","","","","","2025-09-24 01:43","","","","","","","","","","2025-09-11 12:16","","2025-09-11 12:16","","","2025-09-11 12:16","","4796","https://api-na1.hubspot.com/form-integrations/v1/uploaded-files/signed-url-redirect/195885405823?portalId=49095072&sign=xYkmZcXsPS2IZ1SqW8yx7ylv7Lk%3D&conversionId=c686712d-f532-4859-8ba7-10c51024bfd0&filename=c686712d-f532-4859-8ba7-10c51024bfd0-fotos-WhatsApp+Image+2025-09-10+at+2.11.30+PM.jpeg","","Tráfico directo","Formularios","Tráfico directo","","","","","VICTORIA-NOG","","2025-09-11 12:16","","","","","","","","0.0","","","","","","","","1600.0","HONDA ODYSSEY","","","","","0.0","2007","","","","","88579ec3-c1a4-4de4-b82d-e460d38cc3cb","","Registro - HoyMismo","","0.0","1.0","","0.0","1.0","","","",""," +13854231609"," +13854231609","","0.0","0.0","","","","mexico","","","Trámite en tiempo real: Agencia Aduanal HoyMismo (REGISTRO)","https://49095072.hs-sites.com/es-us/estatus-usho-2626","0.0","","","","","","","","","","","","","","","","Envío de formulario","","A3 - Regularización","","","","2025-12-15 23:44","https://49095072.hs-sites.com/es-us/estatus-usho-2626","","2025-09-11 12:16","2025-09-11 12:16","","","","","","5FNRL38777B428662","UTC -05:00 América Monterrey","america_slash_monterrey","","","","","","","460260119049","","","","","","","","29626156214","","","","","","","","","","","36645352808","","","","","","","","","","","","","","","","","","","","","","","",""
"154267504262","Prueba","Prueba","Admin Agencia Aduanal HoyMismo","","CRM_UI","CRM_UI","Admin Agencia Aduanal HoyMismo","Admin Agencia Aduanal HoyMismo","0.0","","","","","","","","","","0.0","","","x","","","","","","66262","","x"," --","true","","a@a.com","","","","","","","","","","Admin Agencia Aduanal HoyMismo","","","","","","","","x","","","","","a.com","0.0","","","","","","Contacto que no es de marketing","","","","Cancelado","","","2025-09-10 19:12","","","","2025-09-10 19:12","","","","","2025-09-10","","","","2025-09-10 19:12","","","","","","","","","","","","","","","","","2025-09-10 19:12","","","","","","","00","","","Fuentes sin conexión","Interfaz de usuario del CRM","Fuentes sin conexión","","","","","","","","","","","","","","","0.0","","","","","","","","0.0","x","","","","","0.0","x","","","","","","","","","0.0","0.0","","0.0","0.0","","","",""," +15629997303","","","0.0","0.0","","","","","","","","","0.0","Admin Agencia Aduanal HoyMismo","","","","","","","","","","","","","","","","","VU - Vehículo Interior República","","","","2025-09-11 02:27","","","","","","","","","","12452145214521452","","","","","","","","","","","","","","","","","","","","","","","","","","","","","","","","","39395636833","","","","","","","","","","","39395636833","","","","","","","",""
"154056450843","Carolina","Villegas","","","49095072.hs-sites.com/es-us/estatus-usho-2626","49095072.hs-sites.com/es-us/estatus-usho-2626","","","350.0","","","Consentimiento libremente otorgado por contacto","","","","","","","75.0","","","nogales","","son","","mx","","84015","","blanco"," --","true","Trámite en tiempo real: Agencia Aduanal HoyMismo (REGISTRO)","cvillegas653@gmail.com","","","","2.0","","2.0","","","","","2025-09-09 14:32","","","Agencia Aduanal HoyMismo (REGISTRO)","","","","sierra encantada","","","","","gmail.com","0.0","0.0","","","","","Contacto de marketing","","","sonora","En Revisión","Flujo de contactos - Agencia HoyMismo","","","","","","2025-09-09 14:32","","","","","2025-09-09","","","2025-09-09 14:32","2025-11-26 22:57","2025-09-09 14:42","2025-09-09 14:32","","","","","2025-09-09 14:42","","","","","","","","","","2025-09-09 14:28","","2025-09-09 14:32","","","2025-09-09 14:33","","2045","","","Tráfico directo","Formularios","Tráfico directo","","","","","VICTORIA-NOG","","2025-09-09 14:28","","","","","","","","0.0","","","","","","","","1500.0","ford","","","","","0.0","f150 2005","","","","","88579ec3-c1a4-4de4-b82d-e460d38cc3cb","","Registro - HoyMismo","","0.0","1.0","","0.0","1.0","","","",""," +526311656993"," +526311656993","","87.0","0.0","","","","mexico","","","Trámite en tiempo real: Agencia Aduanal HoyMismo (REGISTRO)","https://49095072.hs-sites.com/es-us/estatus-usho-2626","1.0","","","","","","","","","","","","","","","","Envío de formulario","","VU - Vehículo Interior República","","","","2025-11-26 23:13","https://49095072.hs-sites.com/es-us/estatus-usho-2626","","2025-11-26 22:57","2025-11-26 22:57","","","","","","12345678910101234","UTC -07:00 América Hermosillo","america_slash_hermosillo","","","","","","","459603687956","","","","","","","","29529121341","","","","","","","","","","","36570340402","","","","","","","","","","","","","","","","","","","","","","","",""
"153842080936","Romeo","Cruz Reyes","","","49095072.hs-sites.com/es-us/estatus-usho-2626","49095072.hs-sites.com/es-us/estatus-usho-2626","","","350.0","","","Consentimiento libremente otorgado por contacto","","","","","","","1.0","","","CHIAPAS","","nle","","mx","","29140","","BLANCO"," --","true","Trámite en tiempo real: Agencia Aduanal HoyMismo (REGISTRO)","yacko1886@icloud.com","","","","","","2.0","","","","","2025-09-08 15:47","","","Agencia Aduanal HoyMismo (REGISTRO)","","","","AV. 2 A SUR ORIENTE S/N BARR SANTISIMA TRINIDAD","","","","","icloud.com","0.0","2.0","","","","","Contacto de marketing","","","nuevo leon","En proceso","Flujo de contactos - Agencia HoyMismo","","","","","","2025-09-08 15:47","","","","","2025-09-08","","","2025-09-08 15:47","2025-09-08 15:47","","2025-09-08 15:47","","","","","","","","","","","","","","","2025-09-08 15:47","","2025-09-08 15:47","","","2025-09-08 15:48","","2039","","","Tráfico directo","Formularios","Tráfico directo","","","","","CECY-MTY","","2025-09-08 15:47","","","","","","","","0.0","","","","","","","","1850.0","FORD EXPLORER","","","","","0.0","2011","","","","","88579ec3-c1a4-4de4-b82d-e460d38cc3cb","","Registro - HoyMismo","","0.0","1.0","","0.0","1.0","","","",""," +16606241796"," +16606241796","","0.0","0.0","","","","mexico","","","Trámite en tiempo real: Agencia Aduanal HoyMismo (REGISTRO)","https://49095072.hs-sites.com/es-us/estatus-usho-2626","0.0","","","","","","","","","","","","","","","","Envío de formulario","","A3 - Regularización","","","","2025-09-08 23:22","https://49095072.hs-sites.com/es-us/estatus-usho-2626","","2025-09-08 15:47","2025-09-08 15:47","","","","","","1FM5K7B84DGA17470","UTC -05:00 América Monterrey","america_slash_monterrey","","","","","","","459310127124","","","","","","","","29531338582","","","","","","","","","","","36567464598","","","","","","","","","","","","","","","","","","","","","","","",""
"153768292621","","","","","Facebook","Facebook","","","","","","","","","","","","","1.0","","","","las vegas","nv","","us","","","",""," --","true","Contacto - Agencia Aduanal Especializada en Importación | AGENCIA ADUANAL IMPORTACION DE MERCANCIA Y MAQUINARIA"": .form__control","r.abarca@ymail.com","","","","","","","","","","","2025-09-08 09:36","","",".form__control","","","","","","","","","ymail.com","0.0","","","","","","Contacto de marketing","","","nevada","","Flujo de contactos - Agencia HoyMismo","","","","","","2025-09-08 09:36","","","","","","","","2025-09-08 09:36","2025-09-08 09:25","","2025-09-08 09:36","","","","","","","","","","","","","","","2025-09-08 09:25","","","","","","","","","","Tráfico orgánico de redes sociales","Formularios","Tráfico orgánico de redes sociales","","","","","","","2025-09-08 09:25","","","","","","","","0.0","","","","","","","","","","","","","","0.0","","","","","","6e1f6b45-05a8-42d4-8eb2-06d671a95b84","","","","0.0","1.0","","0.0","1.0","","","","","","","","6.0","0.0","","","","united states","","https://l.facebook.com/","Contacto - Agencia Aduanal Especializada en Importación | AGENCIA ADUANAL IMPORTACION DE MERCANCIA Y MAQUINARIA"": .form__control","https://agenciaaduanalhoymismo.com/","6.0","","","","","","","","","","","","","","","","Envío de formulario","","","","","","2025-09-08 16:51","https://agenciaaduanalhoymismo.com/contacto","","2025-09-08 09:25","2025-09-08 09:34","","https://agenciaaduanalhoymismo.com/importacion-vehivehiculos","","","","","UTC -07:00 América Los Ángeles","america_slash_los_angeles","","","","","","","","","","","","","","","","","","","","","","","","","","36524424869","","","","","","","","","","","","","","","","","","","","","","","",""
"153406471285","Juan Jose","Gutierrez Arellano (HOMERO)","","","49095072.hs-sites.com/es-us/estatus-usho-2626","49095072.hs-sites.com/es-us/estatus-usho-2626","","","10013.0","","","Consentimiento libremente otorgado por contacto","","","","","","","1.0","","","AGUASCALIENTES, AGS","","nle","","mx","","20126","","ROJO"," --","true","Trámite en tiempo real: Agencia Aduanal HoyMismo (REGISTRO)","homerodelagarza5@gmail.com","","","","","","2.0","","","","","2025-09-06 12:45","","","Agencia Aduanal HoyMismo (REGISTRO)","","","","C MONTE DOBRA #403 A, FRACC VILLA MONTAÑA","","","https://api-na1.hubspot.com/form-integrations/v1/uploaded-files/signed-url-redirect/195650835553?portalId=49095072&sign=U67fMmGGVtrVBvrOHvm60HWSnCI%3D&conversionId=c85b01fb-6b1f-4305-9cac-5d5ce94cd5e3&filename=c85b01fb-6b1f-4305-9cac-5d5ce94cd5e3-documentos_del_cliente-e94dab89-420b-40c1-ae55-2467f880e302.jpeg","","gmail.com","0.0","2.0","","","","","Contacto de marketing","","","nuevo leon","En proceso","Flujo de contactos - Agencia HoyMismo","","","","","","2025-09-06 12:45","","","","","2025-09-06","","","2025-09-06 12:45","2025-09-06 12:45","","2025-09-06 12:45","","","","","","","","","","","","","","","2025-09-06 12:45","","2025-09-06 12:46","","","2025-09-06 12:46","","2038","https://api-na1.hubspot.com/form-integrations/v1/uploaded-files/signed-url-redirect/195649389312?portalId=49095072&sign=-c9gWk3KNMpy2njuMW0MnZHdmaI%3D&conversionId=c85b01fb-6b1f-4305-9cac-5d5ce94cd5e3&filename=c85b01fb-6b1f-4305-9cac-5d5ce94cd5e3-fotos-697f546f-a46f-4899-ac84-6a781661d53c.jpeg","","Tráfico directo","Formularios","Tráfico directo","","","","","CECY-MTY","","2025-09-06 12:45","","","","","","","","0.0","","","","","","","","10013.0","FORD RANGER","","","","","0.0","1998","","","","","88579ec3-c1a4-4de4-b82d-e460d38cc3cb","","Registro - HoyMismo","","0.0","1.0","","0.0","1.0","","","","","","","","0.0","0.0","","","","mexico","","","Trámite en tiempo real: Agencia Aduanal HoyMismo (REGISTRO)","https://49095072.hs-sites.com/es-us/estatus-usho-2626","0.0","","","","","","","","","","","","","","","","Envío de formulario","","DP - Decreto Presidencial","","","","2025-09-06 20:26","https://49095072.hs-sites.com/es-us/estatus-usho-2626","","2025-09-06 12:45","2025-09-06 12:45","","","","","","1FTYR10C2WUC52956","UTC -05:00 América Monterrey","america_slash_monterrey","","","","","","","458963774895","","","","","","","","29467376657","","","","","","","","","","","36492720025","","","","","","","","","","","","","","","","","","","","","","","",""
"153008320068","Jose Luis","Castro Almaraz (Moto 2005)","Cecy HoyMismo Agencia","","CLONE_OBJECTS","CLONE_OBJECTS","Jose Luis Castro Almaraz","Jose Luis Castro Almaraz","200.0","","","","","","","","","","0.0","","","Tijuana, Baja California","","","","","","22207","","NEGRO"," --","true","","irubi347@gmail.com","","","","","","","","","","Cecy HoyMismo Agencia","","","","Jose Luis Castro Almaraz","147128041370","","","Netzahuala Junipero Serra #1900 4 fracc. Mision de las Californias","","","195577477233;195577203023;195577477235;195575456528","","gmail.com","0.0","","","","","","Contacto de marketing","","","","Entregado","","","2025-09-04 13:59","","","","2025-09-04 13:59","","","","","2025-08-28","","","","2025-09-04 13:59","","","","","","","","","","","","","","","","","2025-09-04 13:59","","","","","","","2022","195575456358;195577477155;195575309320;195575397137;195575397136","","Fuentes sin conexión","Clonación de registros","Fuentes sin conexión","","","","","","","","","","","","","","","0.0","","","","","","","","1089.0","Suzuki","","","","","0.0","2005","","","","","78498543","","","","0.0","0.0","","0.0","0.0","","","",""," +526531468732"," +526531468732","","0.0","0.0","Cynthia HoyMismo Tijuana","","","","","","","","0.0","Cynthia HoyMismo Tijuana","","","","","","","","","","","","","","","Establecido por usuario","","A1 - Importación definitiva","","","","2025-09-04 21:42","","","","","","","","","","JS1VS55A752110693","","","","","","","","","","","","","","","","","","","","","","","","","","","","","","","","","","","","","","","","","","","","","","","","","","","",""
"152219674807","EDGAR ISANDER","GUTIERREZ TOVAR","Admin Agencia Aduanal HoyMismo","","49095072.hs-sites.com/es-us/estatus-usho-2626","49095072.hs-sites.com/es-us/estatus-usho-2626","","","100.0","","","Consentimiento libremente otorgado por contacto","","","","","","","1.0","","","SAN BLAS, NAYARIT.","","nle","","mx","","63777","","NEGRO"," --","true","Trámite en tiempo real: Agencia Aduanal HoyMismo (REGISTRO)","isandergtz@gmail.com","","","","2.0","","2.0","","","","","2025-09-01 17:40","","","Agencia Aduanal HoyMismo (REGISTRO)","","","","LOC TECUITATA S N LOC TECUITATA","","","https://api-na1.hubspot.com/form-integrations/v1/uploaded-files/signed-url-redirect/195440864319?portalId=49095072&sign=9peMT6ThYruAVQUYkq_SV7SqLbM%3D&conversionId=3d0721fc-e3df-49e9-9285-eeb549ea26eb&filename=3d0721fc-e3df-49e9-9285-eeb549ea26eb-documentos_del_cliente-c74fe367-43e9-4e55-9983-7770d835c5cf.jpg","","gmail.com","0.0","0.0","","","","","Contacto de marketing","","","nuevo leon","Entregado","Flujo de contactos - Agencia HoyMismo","","2025-09-06 09:13","","","","2025-09-01 17:40","","","","","2025-09-01","","","2025-09-01 17:44","2025-09-01 17:40","2025-09-01 17:50","2025-09-01 17:40","","","","","2025-09-17 16:52","","","","","","","","","","2025-09-01 17:40","","2025-09-01 17:40","","","2025-09-01 17:44","","4793","https://api-na1.hubspot.com/form-integrations/v1/uploaded-files/signed-url-redirect/195439258468?portalId=49095072&sign=Aniasq0W0fo_qWX9UOK_wuivncY%3D&conversionId=3d0721fc-e3df-49e9-9285-eeb549ea26eb&filename=3d0721fc-e3df-49e9-9285-eeb549ea26eb-fotos-WhatsApp+Image+2025-09-01+at+5.23.27+PM.jpeg","","Tráfico directo","Formularios","Tráfico directo","","","","","VICTORIA-NOG","","2025-09-01 17:40","","","","","","","","0.0","","","","","","","","1000.0","YAMAHA V STAR 1100","","","","","0.0","2006","","","","","88579ec3-c1a4-4de4-b82d-e460d38cc3cb","","Registro - HoyMismo","","0.0","2.0","","0.0","1.0","","","",""," +523112345571"," +523112345571","","0.0","0.0","","","","mexico","","","Trámite en tiempo real: Agencia Aduanal HoyMismo (REGISTRO)","https://49095072.hs-sites.com/es-us/estatus-usho-2626","0.0","Victoria HoyMismo Nogales","","","","","","","","","","","","","","","Envío de formulario","","A1 - Importación definitiva","","","","2025-12-01 23:27","https://49095072.hs-sites.com/es-us/estatus-usho-2626","","2025-09-01 17:40","2025-09-01 17:40","","","","","","JYAVP11E16A091084","UTC -05:00 América Monterrey","america_slash_monterrey","","","","","","","457790627384;457793907807","","","","","","","","29238462493;29318066329","","","","","","","","","","","36322251367;36364479603","","","","","","","","","","","","","","","","","","","","","","","",""
"152134886747","Ivan Reynolds","Cortes Aco","Cecy HoyMismo Agencia","","hs_automation","49095072.hs-sites.com/es-us/estatus-usho-2626","367635873","","350.0","","","Consentimiento libremente otorgado por contacto","","","","","","","2.0","","","TEPETZINTLA, PUEBLA.","","","","us","","73455","","ROJO"," --","true","Trámite en tiempo real: Agencia Aduanal HoyMismo (REGISTRO)","cortesacoivan21@gmail.com","","","","1.0","1.0","2.0","","","","","2025-09-01 12:43","","","Agencia Aduanal HoyMismo (REGISTRO)","","","","POSTE NO. 76 S N, SAN MIGUEL ACATENO","","","https://api-na1.hubspot.com/form-integrations/v1/uploaded-files/signed-url-redirect/195432133518?portalId=49095072&sign=YV8P6jYDJ6T8oLOsOw0Bt-SaGso%3D&conversionId=6561204f-953c-4a07-a1cc-b6a5b602348f&filename=6561204f-953c-4a07-a1cc-b6a5b602348f-documentos_del_cliente-8a978957-18b0-4d5d-91bc-463c332061f7.jpeg","","gmail.com","0.0","0.0","","","","","Contacto de marketing","","","","Cancelado","Flujo de contactos - Agencia HoyMismo","","2025-09-06 09:14","","","","2025-09-01 12:43","","","","","2025-09-01","","","2025-09-01 12:43","2025-09-01 13:50","2025-09-01 12:43","2025-09-01 12:43","","","","","2025-09-02 09:58","","","","","","","","","2025-09-01 12:52","2025-09-01 12:43","","2025-09-01 12:43","","2025-09-01 13:49","2025-09-01 12:43","","4792","https://api-na1.hubspot.com/form-integrations/v1/uploaded-files/signed-url-redirect/195423550835?portalId=49095072&sign=ZM4vF6cUdpQryeIZYkbXRxkVQ9Y%3D&conversionId=6561204f-953c-4a07-a1cc-b6a5b602348f&filename=6561204f-953c-4a07-a1cc-b6a5b602348f-fotos-f860ae6c-dc0f-40b5-9831-db40718ba3f4.jpeg","","Marketing por email","Formularios","Tráfico directo","","","","","VICTORIA-NOG","","2025-09-01 12:43","","","","","","","","0.0","","","","","","","","5080.0","VOLKSWAGEN JETTA R LINE","","","","","0.0","2019","","","","","88579ec3-c1a4-4de4-b82d-e460d38cc3cb","","Registro - HoyMismo","","0.0","1.0","","0.0","1.0","","","",""," +13082511719"," +13082511719","","1.0","0.0","","","","united states","","","Trámite en tiempo real: Agencia Aduanal HoyMismo (REGISTRO)","https://49095072.hs-sites.com/es-us/estatus-usho-2626","0.0","Victoria HoyMismo Nogales","","","","","","","","","","","","","","","Envío de formulario","","A3 - Regularización","","","","2025-09-15 22:57","https://agenciaaduanalhoymismo.com/?utm_medium=email&_hsenc=p2ANqtz-9hdPLQX9Y6Gqp2rcJTFGYIpwJQdgMtPQW7tFz5_olxU7BWoDbvByR1WBC4VD9jrowYutn6lipWNRb06bWYHticb1ga4IFoDsk8IdqELW2YNR9LQ0U&_hsmi=367635873&utm_content=367635873&utm_source=hs_automation","","2025-09-01 13:50","2025-09-01 13:50","","","","","","3VWCB7BUXKM227919","UTC -04:00 América Nueva York","america_slash_new_york","","","","","","","457743677552","","","","","","","","29229656665","","","","","","","","","","","36363249064","","","","","","","","","","","","","","","","","","","","","","","",""
"151481683268","Claudia","Cruz Morales","","","49095072.hs-sites.com/es-us/estatus-usho-2626","49095072.hs-sites.com/es-us/estatus-usho-2626","","","10000.0","","","Consentimiento libremente otorgado por contacto","","","","","","","1.0","","","SAN PEDRO GARZA GARCIA, N.L.","","nle","","mx","","66230","","BLANCO"," --","true","Trámite en tiempo real: Agencia Aduanal HoyMismo (REGISTRO)","claudiacm2508@gmail.com","","","","2.0","","2.0","","","","","2025-08-29 13:39","","","Agencia Aduanal HoyMismo (REGISTRO)","","","","C GALEANA #830, ZONA CENTRO","","","https://api-na1.hubspot.com/form-integrations/v1/uploaded-files/signed-url-redirect/195301517397?portalId=49095072&sign=h12k7ELVXDhyajjgRT_Mqjd_6-A%3D&conversionId=df91b4c2-c853-492b-a1e6-7918584dbd45&filename=df91b4c2-c853-492b-a1e6-7918584dbd45-documentos_del_cliente-0953e20e-2f30-400c-95da-048493a0ab8d.jpeg","","gmail.com","0.0","0.0","","","","","Contacto de marketing","","","nuevo leon","En Revisión","Flujo de contactos - Agencia HoyMismo","","","","","","2025-08-29 13:39","","","","","2025-08-29","","","2025-08-29 13:39","2025-08-29 13:39","2025-08-29 13:49","2025-08-29 13:39","","","","","2025-08-29 13:52","","","","","","","","","","2025-08-29 13:39","","2025-08-29 13:39","","","2025-08-29 13:39","","2031","https://api-na1.hubspot.com/form-integrations/v1/uploaded-files/signed-url-redirect/195301644691?portalId=49095072&sign=IBhyRet0-X7vZcQaTLJoFk2GSu4%3D&conversionId=df91b4c2-c853-492b-a1e6-7918584dbd45&filename=df91b4c2-c853-492b-a1e6-7918584dbd45-fotos-8c191932-5eb5-4af7-81cb-4660a787649b.jpeg","","Tráfico directo","Formularios","Tráfico directo","","","","","CECY-MTY","","2025-08-29 13:39","","","","","","","","0.0","","","","","","","","10000.0","CHEVROLET MALIBU LT","","","","","0.0","2014","","","","","88579ec3-c1a4-4de4-b82d-e460d38cc3cb","","Registro - HoyMismo","","0.0","1.0","","0.0","1.0","","","",""," +528181827072"," +528181827072","","0.0","0.0","","","","mexico","","","Trámite en tiempo real: Agencia Aduanal HoyMismo (REGISTRO)","https://49095072.hs-sites.com/es-us/estatus-usho-2626","0.0","","","","","","","","","","","","","","","","Envío de formulario","","DP - Decreto Presidencial","","","","2025-09-15 20:50","https://49095072.hs-sites.com/es-us/estatus-usho-2626","","2025-08-29 13:39","2025-08-29 13:39","","","","","","1G11G5SX4EF223663","UTC -05:00 América Monterrey","america_slash_monterrey","","","","","","","457178488627","","","","","","","","29215474454","","","","","","","","","","","36273561992","","","","","","","","","","","","","","","","","","","","","","","",""
"150602777941","Jose ZAHUDIEL","Sarabia Aguiar","Cecy HoyMismo Agencia","","49095072.hs-sites.com/es-us/estatus-usho-2626","49095072.hs-sites.com/es-us/estatus-usho-2626","","","100.0","","","Consentimiento libremente otorgado por contacto","","","","","","","1.0","","","CULIACAN, SIN.","general escobedo","nle","","mx","","80308","","BLANCO"," --","true","Trámite en tiempo real: Agencia Aduanal HoyMismo (REGISTRO)","saul_aguiar1997@icloud.com","","","","","","2.0","","","","","2025-08-26 12:14","","","Agencia Aduanal HoyMismo (REGISTRO)","","","","C CAMELIA #71, COL CENTRO LOC AGUARUTO","","","https://api-na1.hubspot.com/form-integrations/v1/uploaded-files/signed-url-redirect/195142087265?portalId=49095072&sign=cNYfTqqilY265HQK1e3ytSJS27Q%3D&conversionId=75bc0b87-4e8a-4301-b669-18c79a0e415b&filename=75bc0b87-4e8a-4301-b669-18c79a0e415b-documentos_del_cliente-7f189283-93bd-4bf9-8bd4-6605ce80f80f.jpeg","","icloud.com","0.0","2.0","","","","","Contacto de marketing","","","nuevo leon","En proceso","Flujo de contactos - Agencia HoyMismo","","2025-09-06 09:15","","","","2025-08-26 12:14","","","","","2025-08-26","","","2025-08-26 12:14","2025-08-26 12:14","","2025-08-26 12:14","","","","","","","","","","","","","","","2025-08-26 12:14","","2025-08-26 12:14","","","2025-08-26 12:15","","4791","https://api-na1.hubspot.com/form-integrations/v1/uploaded-files/signed-url-redirect/195148277853?portalId=49095072&sign=jC7VWKnqG5J8ffucqpFo-u32ilc%3D&conversionId=75bc0b87-4e8a-4301-b669-18c79a0e415b&filename=75bc0b87-4e8a-4301-b669-18c79a0e415b-fotos-e3d7d254-c660-444f-9403-92369558b9a8.jpeg","","Tráfico directo","Formularios","Tráfico directo","","","","","VICTORIA-NOG","","2025-08-26 12:14","","","","","","","","0.0","","","","","","","","3500.0","CHEVROLET SILVERADO 1500 LTZ","","","","","0.0","2010","","","","","88579ec3-c1a4-4de4-b82d-e460d38cc3cb","","Registro - HoyMismo","","0.0","1.0","","0.0","1.0","","","",""," +13072849668"," +13072849668","","0.0","0.0","","","","mexico","","","Trámite en tiempo real: Agencia Aduanal HoyMismo (REGISTRO)","https://49095072.hs-sites.com/es-us/estatus-usho-2626","0.0","Victoria HoyMismo Nogales","","","","","","","","","","","","","","","Envío de formulario","","A1 - Importación definitiva","","","","2025-09-06 09:15","https://49095072.hs-sites.com/es-us/estatus-usho-2626","","2025-08-26 12:14","2025-08-26 12:14","","","","","","3GCRCTE08AG144417","UTC -05:00 América Monterrey","america_slash_monterrey","","","","","","","456161366591","","","","","","","","28964220929","","","","","","","","","","","36016164632","","","","","","","","","","","","","","","","","","","","","","","",""
"149859321108","Leonides","Rodriguez (FAUSTO)","Cecy HoyMismo Agencia","","49095072.hs-sites.com/es-us/estatus-usho-2626","49095072.hs-sites.com/es-us/estatus-usho-2626","","","10000.0","","","Consentimiento libremente otorgado por contacto","","","","","","","1.0","","","TEPEXI DE RODRIGUEZ, PUE.","general escobedo","nle","","mx","","74690","","NEGRO"," --","true","Trámite en tiempo real: Agencia Aduanal HoyMismo (REGISTRO)","susanamm96@hotmail.com","","","","","","2.0","","","","","2025-08-23 11:32","","","Agencia Aduanal HoyMismo (REGISTRO)","","","","LAS FLORES S/N, LOC LAS FLORES","","","https://api-na1.hubspot.com/form-integrations/v1/uploaded-files/signed-url-redirect/194980940166?portalId=49095072&sign=KSbo-XFQudbYBNpvytttcaMyAX0%3D&conversionId=37488c8a-c854-4dad-b840-2a0cfb7ead7e&filename=37488c8a-c854-4dad-b840-2a0cfb7ead7e-documentos_del_cliente-55add711-24fc-4e6c-8669-779a7df2c87f.jpeg","","hotmail.com","0.0","2.0","","","","","Contacto de marketing","","","nuevo leon","Entregado","Flujo de contactos - Agencia HoyMismo","","2025-09-06 09:12","","","","2025-08-23 11:32","","","","","2025-08-22","","","2025-08-23 11:32","2025-08-23 11:32","","2025-08-23 11:32","","","","","","","","","","","","","","","2025-08-23 11:32","","2025-08-23 11:32","","","2025-08-23 11:32","","2028","https://api-na1.hubspot.com/form-integrations/v1/uploaded-files/signed-url-redirect/194980923209?portalId=49095072&sign=dwd6uFq9MFX0ZeIep6ZP9cW4Mg8%3D&conversionId=37488c8a-c854-4dad-b840-2a0cfb7ead7e&filename=37488c8a-c854-4dad-b840-2a0cfb7ead7e-fotos-8aa9f3a7-149c-4770-8f6f-0333d7f794c8.jpeg","","Tráfico directo","Formularios","Tráfico directo","","","","","CECY-MTY","","2025-08-23 11:32","","","","","","","","0.0","","","","","","","","9000.0","FORD F150 KING RANCH","","","","","0.0","2010","","","","","88579ec3-c1a4-4de4-b82d-e460d38cc3cb","","Registro - HoyMismo","","0.0","1.0","","0.0","1.0","","","",""," +17206093089"," +17206093089","","0.0","0.0","","","","mexico","","","Trámite en tiempo real: Agencia Aduanal HoyMismo (REGISTRO)","https://49095072.hs-sites.com/es-us/estatus-usho-2626","0.0","Cynthia HoyMismo Tijuana","","","","","","","","","","","","","","","Envío de formulario","","DP - Decreto Presidencial","","","","2025-09-06 09:12","https://49095072.hs-sites.com/es-us/estatus-usho-2626","","2025-08-23 11:32","2025-08-23 11:32","","","","","","1FTFW1EV0AFD89191","UTC -05:00 América Monterrey","america_slash_monterrey","","","","","","","455521808425","","","","","","","","28865628234","","","","","","","","","","","35929806706","","","","","","","","","","","","","","","","","","","","","","","",""
"149686992150","Misael Omar","Ulibarria Sarabia","Cecy HoyMismo Agencia","","49095072.hs-sites.com/es-us/estatus-usho-2626","49095072.hs-sites.com/es-us/estatus-usho-2626","","","100.0","","","Consentimiento libremente otorgado por contacto","","","","","","","1.0","","","AGUARUTO, SIN.","general escobedo","nle","","mx","","80308","","NEGRO"," --","true","Trámite en tiempo real: Agencia Aduanal HoyMismo (REGISTRO)","omar.ulibarria1@icloud.com","","","","","","2.0","","","","","2025-08-22 15:29","","","Agencia Aduanal HoyMismo (REGISTRO)","","","","HUMBERTO GOMEZ CAMPANA L1 M2 HUMBERTO GOMEZ CAMPANA  VILLA REAL AGUARUTOC","","","https://api-na1.hubspot.com/form-integrations/v1/uploaded-files/signed-url-redirect/194948599081?portalId=49095072&sign=eHTI4X7sMFtGNRs_a7xuuU_yZc4%3D&conversionId=d1647ab9-0524-441a-a676-495452b14c07&filename=d1647ab9-0524-441a-a676-495452b14c07-documentos_del_cliente-WhatsApp+Image+2025-08-22+at+1.30.23+PM.jpeg","","icloud.com","0.0","2.0","","","","","Contacto de marketing","","","nuevo leon","En proceso","Flujo de contactos - Agencia HoyMismo","","2025-09-06 09:15","","","","2025-08-22 15:29","","","","","2025-08-22","","","2025-08-22 15:29","2025-08-22 15:29","","2025-08-22 15:29","","","","","","","","","","","","","","","2025-08-22 15:29","","2025-08-22 15:29","","","2025-08-22 15:29","","4787","https://api-na1.hubspot.com/form-integrations/v1/uploaded-files/signed-url-redirect/194942960517?portalId=49095072&sign=j_u7oMMTNGFDOH0Jid_PO0mdwIU%3D&conversionId=d1647ab9-0524-441a-a676-495452b14c07&filename=d1647ab9-0524-441a-a676-495452b14c07-fotos-b85dcf2f-b5c1-4789-9a5d-db0a55eef8ff.jpeg","","Tráfico directo","Formularios","Tráfico directo","","","","","VICTORIA-NOG","","2025-08-22 15:29","","","","","","","","0.0","","","","","","","","3970.0","JEEP GRAND CHEROKEE LIMITED","","","","","0.0","2014","","","","","88579ec3-c1a4-4de4-b82d-e460d38cc3cb","","Registro - HoyMismo","","0.0","1.0","","0.0","1.0","","","",""," +15094945497"," +15094945497","","0.0","0.0","","","","mexico","","","Trámite en tiempo real: Agencia Aduanal HoyMismo (REGISTRO)","https://49095072.hs-sites.com/es-us/estatus-usho-2626","0.0","Victoria HoyMismo Nogales","","","","","","","","","","","","","","","Envío de formulario","","A1 - Importación definitiva","","","","2025-09-06 09:15","https://49095072.hs-sites.com/es-us/estatus-usho-2626","","2025-08-22 15:29","2025-08-22 15:29","","","","","","1C4RJFBG5EC516023","UTC -05:00 América Monterrey","america_slash_monterrey","","","","","","","455337208423","","","","","","","","28852798373","","","","","","","","","","","35917208097","","","","","","","","","","","","","","","","","","","","","","","",""
"149686136165","Carlos","Ulibarria Sarabia","Admin Agencia Aduanal HoyMismo","","49095072.hs-sites.com/es-us/estatus-usho-2626","49095072.hs-sites.com/es-us/estatus-usho-2626","","","100.0","","","Consentimiento libremente otorgado por contacto","","","","","","","1.0","","","CULIACAN, SIN.","general escobedo","nle","","mx","","80308","","GRIS"," --","true","Trámite en tiempo real: Agencia Aduanal HoyMismo (REGISTRO)","carlosarabiac141@gmail.com","","","","1.0","","2.0","","","","","2025-08-22 15:17","","","Agencia Aduanal HoyMismo (REGISTRO)","","","","C RENATO VEGA ALVARADO S/N LOC AGUARUTO COL LAS COLORADAS","","","https://api-na1.hubspot.com/form-integrations/v1/uploaded-files/signed-url-redirect/194948750953?portalId=49095072&sign=9P30KTqLSCmPHG-uP86tvYIh0GU%3D&conversionId=1edeed1a-73d8-4f4f-abf0-a86bfda9b7f8&filename=1edeed1a-73d8-4f4f-abf0-a86bfda9b7f8-documentos_del_cliente-f85c65db-d0a4-4032-96b5-b09864b9273c.jpeg","","gmail.com","0.0","0.0","","","","","Contacto de marketing","","","nuevo leon","En Revisión","Flujo de contactos - Agencia HoyMismo","","2025-09-06 09:16","","","","2025-08-22 15:17","","","","","2025-08-22","","","2025-08-22 15:17","2025-08-22 15:17","2025-08-22 15:20","2025-08-22 15:17","","","","","2025-09-01 14:56","","","","","","","","","","2025-08-22 15:17","","2025-08-22 15:17","","","2025-08-22 15:18","","4786","https://api-na1.hubspot.com/form-integrations/v1/uploaded-files/signed-url-redirect/194948909486?portalId=49095072&sign=NwN5816JVi69sV0sydTuKwW00I0%3D&conversionId=1edeed1a-73d8-4f4f-abf0-a86bfda9b7f8&filename=1edeed1a-73d8-4f4f-abf0-a86bfda9b7f8-fotos-e7efc6ef-3ebc-4d08-9796-54c75a2b37a6.jpeg","","Tráfico directo","Formularios","Tráfico directo","","","","","VICTORIA-NOG","","2025-08-22 15:17","","","","","","","","0.0","","","","","","","","3450.0","TOYOTA TACOMA V6","","","","","0.0","2007","","","","","88579ec3-c1a4-4de4-b82d-e460d38cc3cb","","Registro - HoyMismo","","0.0","1.0","","0.0","1.0","","","",""," +13072849844"," +13072849844","","0.0","0.0","","","","mexico","","","Trámite en tiempo real: Agencia Aduanal HoyMismo (REGISTRO)","https://49095072.hs-sites.com/es-us/estatus-usho-2626","0.0","Victoria HoyMismo Nogales","","","","","","","","","","","","","","","Envío de formulario","","A1 - Importación definitiva","","","","2025-09-16 00:00","https://49095072.hs-sites.com/es-us/estatus-usho-2626","","2025-08-22 15:17","2025-08-22 15:17","","","","","","5TEMU52NX7Z411492","UTC -05:00 América Monterrey","america_slash_monterrey","","","","","","","455336106869","","","","","","","","28857484173","","","","","","","","","","","35924342843","","","","","","","","","","","","","","","","","","","","","","","",""
"149298417310","","","","","agenciaaduanalhoymismo.com/contacto","agenciaaduanalhoymismo.com/contacto","","","","","","","","","","","","","1.0","","","","san antonio","tx","","us","","","",""," --","true","Contacto - Agencia Aduanal Especializada en Importación | AGENCIA ADUANAL IMPORTACION DE MERCANCIA Y MAQUINARIA"": .form__control","melany.sch.01@gmail.com","","","","","","","","","","","2025-08-21 12:52","","",".form__control","","","","","","","","","gmail.com","0.0","","","","","","Contacto de marketing","","","texas","","Flujo de contactos - Agencia HoyMismo","","","","","","2025-08-21 12:52","","","","","","","","2025-08-21 12:52","2025-08-21 12:51","","2025-08-21 12:52","","","","","","","","","","","","","","","2025-08-21 12:51","","","","","","","","","","Tráfico directo","Formularios","Tráfico directo","","","","","","","2025-08-21 12:51","","","","","","","","0.0","","","","","","","","","","","","","","0.0","","","","","","6e1f6b45-05a8-42d4-8eb2-06d671a95b84","","","","0.0","1.0","","0.0","1.0","","","","","","","","1.0","0.0","","","","united states","","https://agenciaaduanalhoymismo.com/nuevo","Contacto - Agencia Aduanal Especializada en Importación | AGENCIA ADUANAL IMPORTACION DE MERCANCIA Y MAQUINARIA"": .form__control","https://agenciaaduanalhoymismo.com/contacto","1.0","","","","","","","","","","","","","","","","Envío de formulario","","","","","","2025-08-21 21:02","https://agenciaaduanalhoymismo.com/contacto","","2025-08-21 12:51","2025-08-21 12:51","","https://agenciaaduanalhoymismo.com/nuevo","","","","","UTC -05:00 América Chicago","america_slash_chicago","","","","","","","","","","","","","","","","","","","","","","","","","","35837343411","","","","","","","","","","","","","","","","","","","","","","","",""
"149297310323","Juan Francisco","Reyes Armenta","Cecy HoyMismo Agencia","","49095072.hs-sites.com/es-us/estatus-usho-2626","49095072.hs-sites.com/es-us/estatus-usho-2626","","","350.0","","","Consentimiento libremente otorgado por contacto","","","","","","","1.0","","","ANGOSTURA, SIN.","general escobedo","nle","","mx","","81621","","GRIS"," --","true","Trámite en tiempo real: Agencia Aduanal HoyMismo (REGISTRO)","reyesjf7403@gmail.com","","","","2.0","","2.0","","","","","2025-08-21 12:45","","","Agencia Aduanal HoyMismo (REGISTRO)","","","","LOC LA PRIMAVERA P 7 S/N LOC LA PRIMAVERA","","","https://api-na1.hubspot.com/form-integrations/v1/uploaded-files/signed-url-redirect/194885145467?portalId=49095072&sign=5LK4YIXRa8wJKaEmfCtpntQHuV0%3D&conversionId=5daf5b65-8325-4e29-b6ff-589cb12bdd7b&filename=5daf5b65-8325-4e29-b6ff-589cb12bdd7b-documentos_del_cliente-f47aa5be-e2f7-42c8-a24e-af3be4d7d699.jpeg","","gmail.com","0.0","0.0","","","","","Contacto de marketing","","","nuevo leon","Entregado","Flujo de contactos - Agencia HoyMismo","","2025-09-06 09:17","","","","2025-08-21 12:45","","","","","2025-08-20","","","2025-08-21 12:45","2025-08-21 12:45","2025-08-21 15:55","2025-08-21 12:45","","","","","2025-08-21 15:55","","","","","","","","","","2025-08-21 12:45","","2025-08-21 12:45","","","2025-08-21 12:45","","6321","https://api-na1.hubspot.com/form-integrations/v1/uploaded-files/signed-url-redirect/194885368105?portalId=49095072&sign=5ntyDl7cW_iPwED7InNj6FD2P3Y%3D&conversionId=5daf5b65-8325-4e29-b6ff-589cb12bdd7b&filename=5daf5b65-8325-4e29-b6ff-589cb12bdd7b-fotos-38474689-73eb-469c-aeee-969d1bffb37c.jpeg","","Tráfico directo","Formularios","Tráfico directo","","","","","VICTORIA-NOG","","2025-08-21 12:45","","","","","","","","0.0","","","","","","","","1600.0","JEEP COMPASS","","","","","0.0","2011","","","","","88579ec3-c1a4-4de4-b82d-e460d38cc3cb","","Registro - HoyMismo","","0.0","1.0","","0.0","1.0","","","",""," +13854489817"," +13854489817","","0.0","0.0","","","","mexico","","","Trámite en tiempo real: Agencia Aduanal HoyMismo (REGISTRO)","https://49095072.hs-sites.com/es-us/estatus-usho-2626","0.0","Victoria HoyMismo Nogales","","","","","","","","","","","","","","","Envío de formulario","","A3 - Regularización","","","","2025-09-16 00:25","https://49095072.hs-sites.com/es-us/estatus-usho-2626","","2025-08-21 12:45","2025-08-21 12:45","","","","","","1J4NF1FB7BD252238","UTC -05:00 América Monterrey","america_slash_monterrey","","","","","","","454951184515","","","","","","","","28760905895","","","","","","","","","","","35838117034","","","","","","","","","","","","","","","","","","","","","","","",""
"149294291754","Miguel","Mendoza","","","49095072.hs-sites.com/es-us/estatus-usho-2626","49095072.hs-sites.com/es-us/estatus-usho-2626","","","350.0","","","Consentimiento libremente otorgado por contacto","","","","","","","1.0","","","ZAMORA","eastsound","wa","","us","","59669","","ONIX"," --","true","Trámite en tiempo real: Agencia Aduanal HoyMismo (REGISTRO)","perezguelo@gmail.com","","","","1.0","1.0","2.0","","","","","2025-08-21 11:35","","","Agencia Aduanal HoyMismo (REGISTRO)","","","","VALLE DEL DUERO 75","","","","","gmail.com","0.0","0.0","","","","","Contacto de marketing","","","washington","En proceso","Flujo de contactos - Agencia HoyMismo","","","","","","2025-08-21 11:35","","","","","2025-08-21","","","2025-08-21 11:35","2025-08-21 11:35","2025-08-21 22:54","2025-08-21 11:35","","","","","2025-08-21 22:54","","","","","","","","","2025-08-21 22:54","2025-08-21 11:35","","2025-08-21 11:36","","2025-08-23 11:05","2025-08-21 11:36","","842","https://api-na1.hubspot.com/form-integrations/v1/uploaded-files/signed-url-redirect/194882213258?portalId=49095072&sign=UVgMC2ym6qNvPr1BbpFK3OQTx30%3D&conversionId=78db82d8-4679-47b9-a99d-9f0cf5750816&filename=78db82d8-4679-47b9-a99d-9f0cf5750816-fotos-WhatsApp+Image+2025-08-20+at+6.21.47+PM.jpeg","","Tráfico directo","Formularios","Tráfico directo","","","","","ARACELY-MTY","","2025-08-21 11:35","","","","","","","","0.0","","","","","","","","1950.0","CHEVROLET TRAVERSE LS","","","","","0.0","2015","","","","","88579ec3-c1a4-4de4-b82d-e460d38cc3cb","","Registro - HoyMismo","","0.0","1.0","","0.0","1.0","","","",""," +12068566351"," +12068566351","","0.0","0.0","","","","united states","","","Trámite en tiempo real: Agencia Aduanal HoyMismo (REGISTRO)","https://49095072.hs-sites.com/es-us/estatus-usho-2626","0.0","","","","","","","","","","","","","","","","Envío de formulario","","A3 - Regularización","","","","2025-08-23 11:06","https://49095072.hs-sites.com/es-us/estatus-usho-2626","","2025-08-21 11:35","2025-08-21 11:35","","","","","","1GNKVFED8FJ280074","UTC -07:00 América Los Ángeles","america_slash_los_angeles","","","","","","","454897590164","","","","","","","","28768471727","","","","","","","","","","","35851851530","","","","","","","","","","","","","","","","","","","","","","","",""
"149018313248","Ruben Adrian","Camacho Valdez","Cecy HoyMismo Agencia","","49095072.hs-sites.com/es-us/estatus-usho-2626","49095072.hs-sites.com/es-us/estatus-usho-2626","","","350.0","","","Consentimiento libremente otorgado por contacto","","","","","","","1.0","","","HERMOSILLO, SON.","general escobedo","nle","","mx","","83344","","NEGRO"," --","true","Trámite en tiempo real: Agencia Aduanal HoyMismo (REGISTRO)","correo-cama19892806@icloud.com","","","","","","","2.0","","","","2025-08-20 17:06","","","Agencia Aduanal HoyMismo (REGISTRO)","","","","AV JOSE MARIA MORELOS #304 LOC MIGUEL ALEMAN","","","https://api-na1.hubspot.com/form-integrations/v1/uploaded-files/signed-url-redirect/194841871226?portalId=49095072&sign=FrVN-QRLJ10JMR3HpdfzvCBlsK4%3D&conversionId=17b6906e-0588-49d7-a688-cf529a82d8ef&filename=17b6906e-0588-49d7-a688-cf529a82d8ef-documentos_del_cliente-95190a4e-74ac-401e-90c9-3182a184f54b.jpg","","icloud.com","0.0","2.0","","","","","Contacto de marketing","","","nuevo leon","En Revisión","Flujo de contactos - Agencia HoyMismo","","2025-08-21 12:08","","","","2025-08-20 17:06","","","","","2025-08-20","","","2025-08-20 17:06","2025-08-20 17:06","","2025-08-20 17:06","","","","","","","","","","","","","","","2025-08-20 17:06","","","","","","","5290","https://api-na1.hubspot.com/form-integrations/v1/uploaded-files/signed-url-redirect/194841949821?portalId=49095072&sign=MD-6BhUIuBpk5BoVNU0AhgVIFws%3D&conversionId=17b6906e-0588-49d7-a688-cf529a82d8ef&filename=17b6906e-0588-49d7-a688-cf529a82d8ef-fotos-4707d5ff-e5bd-4ede-8b21-238f3aaf82ad.jpg","","Tráfico directo","Formularios","Tráfico directo","","","","","VICTORIA-NOG","","2025-08-20 17:06","","","","","","","","0.0","","","","","","","","1850.0","JEEP GRAND CHEROKEE LIMITED","","","","","0.0","2014","","","Usuario desconocido","","88579ec3-c1a4-4de4-b82d-e460d38cc3cb","","Registro - HoyMismo","","0.0","1.0","","0.0","1.0","","","",""," +15803187445"," +15803187445","","0.0","0.0","","","","mexico","","","Trámite en tiempo real: Agencia Aduanal HoyMismo (REGISTRO)","https://49095072.hs-sites.com/es-us/estatus-usho-2626","0.0","Victoria HoyMismo Nogales","","","","","","","","","","","","","","","Envío de formulario","","A3 - Regularización","","","","2025-08-21 12:08","https://49095072.hs-sites.com/es-us/estatus-usho-2626","","2025-08-20 17:06","2025-08-20 17:06","","","","","","1C4RJFBG6EC321631","UTC -05:00 América Monterrey","america_slash_monterrey","","","","","","","454631533713","","","","","","","","28705379742","","","","","","","","","","","35754701057","","","","","","","","","","","","","","","","","","","","","","","",""
"148624176683","Alejandro Alberto","Villagomez Garcia","Admin Agencia Aduanal HoyMismo","","49095072.hs-sites.com/es-us/estatus-usho-2626","49095072.hs-sites.com/es-us/estatus-usho-2626","","","350.0","","","Consentimiento libremente otorgado por contacto","","","","","","","1.0","","","ZUMPANGO, MEX.","","nle","","mx","","55607","","GRIS"," --","true","Trámite en tiempo real: Agencia Aduanal HoyMismo (REGISTRO)","lovingnature715@gmail.com","","","","","","2.0","","","","","2025-08-19 16:18","","","Agencia Aduanal HoyMismo (REGISTRO)","","","","C ROVERETO MZ 4-B LT 13 VIV 145 CONJ HAB NUEVO PASEOS DE SAN JUAN","","","https://api-na1.hubspot.com/form-integrations/v1/uploaded-files/signed-url-redirect/194777887119?portalId=49095072&sign=h9FZJ_ySt-yN7xS22aCK_lyaUzc%3D&conversionId=6ed6ac2c-4af0-4ae9-a23b-852134e90036&filename=6ed6ac2c-4af0-4ae9-a23b-852134e90036-documentos_del_cliente-INE+ALEJANDRO.jpg","","gmail.com","0.0","2.0","","","","","Contacto de marketing","","","nuevo leon","Entregado","Flujo de contactos - Agencia HoyMismo","","2025-08-21 12:10","","","","2025-08-19 16:18","","","","","2025-08-19","","","2025-08-19 16:18","2025-08-19 16:18","","2025-08-19 16:18","","","","","","","","","","","","","","","2025-08-19 16:18","","2025-08-19 16:19","","","2025-08-19 16:19","","1875","https://api-na1.hubspot.com/form-integrations/v1/uploaded-files/signed-url-redirect/194778329396?portalId=49095072&sign=cK2HUIU2_XdXnaDorYHNFOaUKNk%3D&conversionId=6ed6ac2c-4af0-4ae9-a23b-852134e90036&filename=6ed6ac2c-4af0-4ae9-a23b-852134e90036-fotos-WhatsApp+Image+2025-08-13+at+6.02.43+PM.jpeg","","Tráfico directo","Formularios","Tráfico directo","","","","","VICTORIA-NOG","","2025-08-19 16:18","","","","","","","","0.0","","","","","","","","2500.0","CHEVROLET TRAVERSE LT","","","","","0.0","2016","","","","","88579ec3-c1a4-4de4-b82d-e460d38cc3cb","","Registro - HoyMismo","","0.0","1.0","","0.0","1.0","","","",""," +16503154576"," +16503154576","","0.0","0.0","","","","mexico","","","Trámite en tiempo real: Agencia Aduanal HoyMismo (REGISTRO)","https://49095072.hs-sites.com/es-us/estatus-usho-2626","0.0","Victoria HoyMismo Nogales","","","","","","","","","","","","","","","Envío de formulario","","VU - Vehículo Interior República","","","","2025-11-26 16:34","https://49095072.hs-sites.com/es-us/estatus-usho-2626","","2025-08-19 16:18","2025-08-19 16:18","","","","","","1GNKVGKD3GJ332853","UTC -05:00 América Monterrey","america_slash_monterrey","","","","","","","454322561894","","","","","","","","28604189334","","","","","","","","","","","35688158628","","","","","","","","","","","","","","","","","","","","","","","",""
"148622451258","Prueba","Eliminar Esteregistro","","","49095072.hs-sites.com/es-us/estatus-usho-2626","49095072.hs-sites.com/es-us/estatus-usho-2626","","","100.0","","","Consentimiento libremente otorgado por contacto","","","","","","","6.0","","","apodaca","","nle","","mx","","66612","","rojo"," --","true","Trámite en tiempo real: Agencia Aduanal HoyMismo (REGISTRO)","vira9913@icloud.com","","","","","","2.0","","","","","2025-08-19 16:09","","","Agencia Aduanal HoyMismo (REGISTRO)","","","","concordia 324","","","https://api-na1.hubspot.com/form-integrations/v1/uploaded-files/signed-url-redirect/194778021956?portalId=49095072&sign=FxnX0pRkG81xIUVbMYtRR3eScEA%3D&conversionId=7db6fcce-6723-40a3-9c4c-74f02a3532c8&filename=7db6fcce-6723-40a3-9c4c-74f02a3532c8-documentos_del_cliente-prueba.avif","","icloud.com","0.0","2.0","","","","","Contacto de marketing","","","nuevo leon","En Revisión","Flujo de contactos - Agencia HoyMismo","","","","","","2025-08-19 16:09","","","","","2025-08-19","","","2025-08-19 16:09","2025-10-09 15:43","","2025-08-19 16:09","","","","","","","","","","","","","","","2025-08-19 15:58","","2025-08-19 16:09","","","2025-08-19 16:09","","1234","https://api-na1.hubspot.com/form-integrations/v1/uploaded-files/signed-url-redirect/194781102397?portalId=49095072&sign=h4xHESRlDernHH3HY7z-5OuIf8c%3D&conversionId=7db6fcce-6723-40a3-9c4c-74f02a3532c8&filename=7db6fcce-6723-40a3-9c4c-74f02a3532c8-fotos-prueba.avif","","Tráfico directo","Formularios","Tráfico directo","","","","","VICTORIA-NOG","","2025-08-19 15:58","","","","","","","","0.0","","","","","","","","3200.0","honda","","","","","0.0","rebel 500","","","","","88579ec3-c1a4-4de4-b82d-e460d38cc3cb","","Registro - HoyMismo","","0.0","1.0","","0.0","1.0","","","",""," +528130760750"," +528130760750","","10.0","0.0","","","","mexico","","","Trámite en tiempo real: Agencia Aduanal HoyMismo (REGISTRO)","https://49095072.hs-sites.com/es-us/estatus-usho-2626","1.0","","","","","","","","","","","","","","","","Envío de formulario","","VU - Vehículo Interior República","","","","2025-10-09 15:58","https://49095072.hs-sites.com/es-us/estatus-usho-2626","","2025-10-09 15:43","2025-10-09 15:43","","","","","","MLHPC5612S0000007","UTC -05:00 América Monterrey","america_slash_monterrey","","","","","","","454331318058","","","","","","","","28604189235","","","","","","","","","","","35667639891","","","","","","","","","","","","","","","","","","","","","","","",""
"148608935310","David","Dueñas","Cecy HoyMismo Agencia","","agenciaaduanalhoymismo.com/tracking","49095072.hs-sites.com/es-us/estatus-usho-2626","","","1950.0","","","Consentimiento libremente otorgado por contacto","","","","","","","7.0","","","san sebastian del oeste","","co","","us","","46990","","blanco"," --","true","Trámite en tiempo real: Agencia Aduanal HoyMismo (REGISTRO)","davidduenaas@gmail.com","","","","2.0","1.0","2.0","","","","","2025-08-19 13:42","","","Agencia Aduanal HoyMismo (REGISTRO)","","","","c galea 30 loc san sebastian del oeste 46990, jalisco","","","","","gmail.com","0.0","0.0","","","","","Contacto de marketing","","","colorado","Entregado","Flujo de contactos - Agencia HoyMismo","","2025-09-05 17:11","","","","2025-08-19 13:42","","","","","2025-08-19","","","2025-08-19 13:42","2025-09-08 07:58","2025-08-19 13:45","2025-08-19 13:42","","","","","2025-09-08 11:03","","","","","","","","","2025-09-05 16:53","2025-08-19 13:42","","2025-08-19 13:42","","2025-09-08 11:03","2025-08-19 13:42","","1113","https://api-na1.hubspot.com/form-integrations/v1/uploaded-files/signed-url-redirect/194774189959?portalId=49095072&sign=9K3FP73XWSa9u4X7a1GBTP3NCwo%3D&conversionId=81a2be46-bf33-4de4-98b0-cbf07c14a0ce&filename=81a2be46-bf33-4de4-98b0-cbf07c14a0ce-fotos-lado+1.jpg;https://api-na1.hubspot.com/form-integrations/v1/uploaded-files/signed-url-redirect/194776304181?portalId=49095072&sign=Elh_OwBC1P2RYdBgkL-f4mY2LF8%3D&conversionId=81a2be46-bf33-4de4-98b0-cbf07c14a0ce&filename=81a2be46-bf33-4de4-98b0-cbf07c14a0ce-fotos-lado+2.jpg;https://api-na1.hubspot.com/form-integrations/v1/uploaded-files/signed-url-redirect/194773961023?portalId=49095072&sign=o_SMpHVtpeL0yQ8AWQCoYT2GKhs%3D&conversionId=81a2be46-bf33-4de4-98b0-cbf07c14a0ce&filename=81a2be46-bf33-4de4-98b0-cbf07c14a0ce-fotos-parte+delantera.jpg;https://api-na1.hubspot.com/form-integrations/v1/uploaded-files/signed-url-redirect/194773877822?portalId=49095072&sign=p84sTJeWdqcDLFQ0hdTgNdmHFSs%3D&conversionId=81a2be46-bf33-4de4-98b0-cbf07c14a0ce&filename=81a2be46-bf33-4de4-98b0-cbf07c14a0ce-fotos-parte+trasera.png","","Tráfico directo","Formularios","Tráfico directo","","","","","CINTHIA-TIJ","","2025-08-19 13:42","","","","","","","","0.0","","","","","","","","1950.0","Chevrolet","","","","","0.0","Colorado","","","","","88579ec3-c1a4-4de4-b82d-e460d38cc3cb","","Registro - HoyMismo","","0.0","1.0","","0.0","1.0","","","",""," +523221089148"," +523221089148","","8.0","0.0","","","","united states","","","Trámite en tiempo real: Agencia Aduanal HoyMismo (REGISTRO)","https://49095072.hs-sites.com/es-us/estatus-usho-2626","1.0","Cynthia HoyMismo Tijuana","","","","","","","","","","","","","","","Envío de formulario","","A3 - Regularización","","","","2025-09-15 20:22","https://agenciaaduanalhoymismo.com/tracking","","2025-09-08 07:58","2025-09-08 07:58","","https://agenciaaduanalhoymismo.com/?utm_medium=email&_hsenc=p2ANqtz-965JfrUCPpwecSfUsIz816Ai6zIofXU5JULSQaM76J2hw0K16PmPGjIm-8JDnc_RFnfzcBKq8kzP1_Ie8BoF2Ro4tvpw&_hsmi=367635873&utm_content=367635873&utm_source=hs_automation","","","","1GCJTBFE9B8106428","UTC -06:00 América Denver","america_slash_denver","","","","","","","454292611859","","","","","","","","28599536774","","","","","","","","","","","35684745398","","","","","","","","","","","","","","","","","","","","","","","",""
"147709843040","Roberto","Gomez Orta","","","hs_automation","49095072.hs-sites.com/es-us/estatus-usho-2626","367642293","","350.0","","","Consentimiento libremente otorgado por contacto","","","","","","","14.0","","","AGUASCALIENTES","phoenix","az","","us","","20126","","DORADO"," --","true","Trámite en tiempo real: Agencia Aduanal HoyMismo (REGISTRO)","robertzemog4@gmail.com","","","","2.0","1.0","2.0","","","","","2025-08-16 11:42","","","Agencia Aduanal HoyMismo (REGISTRO)","","","","C SIERRA DE ALCUBIRRE 120, FRACC VILLA MONTANA","","","","","gmail.com","0.0","0.0","","","","","Contacto de marketing","","","arizona","En Revisión","Flujo de contactos - Agencia HoyMismo","","","","","","2025-08-16 11:42","","","","","2025-08-18","","","2025-08-16 11:42","2025-08-24 22:34","2025-08-16 19:39","2025-08-16 11:42","","","","","2025-08-24 22:35","","","","","","","","","2025-08-24 22:34","2025-08-16 11:42","","2025-08-16 11:42","","2025-08-24 22:35","2025-08-16 11:42","","2025","","","Marketing por email","Formularios","Tráfico directo","","","","","CECY-MTY","","2025-08-16 11:42","","","","","","","","0.0","","","","","","","","1950.0","GMC SONOMA","","","","","0.0","2002","","","","","88579ec3-c1a4-4de4-b82d-e460d38cc3cb","","Registro - HoyMismo","","2.0","1.0","","0.0","1.0","","","",""," +14698910671"," +14698910671","2.0","45.0","0.0","","","","united states","","","Trámite en tiempo real: Agencia Aduanal HoyMismo (REGISTRO)","https://49095072.hs-sites.com/es-us/estatus-usho-2626","3.0","","","","","","","","","","","","","","","","Envío de formulario","","A3 - Regularización","","2025-09-23 13:57","","2025-11-15 22:32","https://agenciaaduanalhoymismo.com/tracking","","2025-08-24 22:34","2025-08-24 22:35","2025-09-23 13:57","https://agenciaaduanalhoymismo.com/?utm_medium=email&_hsenc=p2ANqtz-9qoeEm4DHJHJGN_-4CLqAfwI6Gz29p0AktPDVExoZsrw1z3u63eNhLmDm4JtBePNBOLghhcoUUt1Kp7bcICyEP-_Cvcg&_hsmi=367642293&utm_content=367642293&utm_source=hs_automation","","","","1GTCS145828166967","UTC -07:00 América Phoenix","america_slash_phoenix","","","","","","","453578560872","","","","","","87903769263;89428660324","","28376767112","","","","","","","","","","","35526810240","","","","","","","","","","","","","","","","","","","","","","","",""
"147416885843","Jose Luis","Mendez","Cecy HoyMismo Agencia","","49095072.hs-sites.com/es-us/estatus-usho-2626","49095072.hs-sites.com/es-us/estatus-usho-2626","","","1600.0","","","Consentimiento libremente otorgado por contacto","","","","","","","1.0","","","CHAPA DE MOTA","","nle","","mx","","54385","","ROJO"," --","true","Trámite en tiempo real: Agencia Aduanal HoyMismo (REGISTRO)","joseluis_mendez_m@hotmail.com","","","","","","2.0","","","","","2025-08-15 10:43","","","Agencia Aduanal HoyMismo (REGISTRO)","","","","C LILI SN","","","","","hotmail.com","0.0","2.0","","","","","Contacto de marketing","","","nuevo leon","Etapa final","Flujo de contactos - Agencia HoyMismo","","","","","","2025-08-15 10:43","","","","","2025-08-04","","","2025-08-15 10:43","2025-08-15 10:43","","2025-08-15 10:43","","","","","","","","","","","","","","","2025-08-15 10:43","","2025-08-15 10:43","","","2025-08-15 10:43","","838","https://api-na1.hubspot.com/form-integrations/v1/uploaded-files/signed-url-redirect/194564214869?portalId=49095072&sign=anOgZCD75WSonj4ycDM3p_rD2Hk%3D&conversionId=0f0c7f6e-4443-449e-9ae1-c15aedac7468&filename=0f0c7f6e-4443-449e-9ae1-c15aedac7468-fotos-WhatsApp+Image+2025-08-02+at+3.25.50+PM+(1).jpeg","","Tráfico directo","Formularios","Tráfico directo","","","","","ARACELY-MTY","","2025-08-15 10:43","","","","","","","","0.0","","","","","","","","1600.0","BMW","","","","","0.0","2014","","","","","88579ec3-c1a4-4de4-b82d-e460d38cc3cb","","Registro - HoyMismo","","0.0","1.0","","0.0","1.0","","","",""," +17144603038"," +17144603038","","0.0","0.0","","","","mexico","","","Trámite en tiempo real: Agencia Aduanal HoyMismo (REGISTRO)","https://49095072.hs-sites.com/es-us/estatus-usho-2626","0.0","","","","","","","","","","","","","","","","Envío de formulario","","DP - Decreto Presidencial","","","","2025-08-21 12:05","https://49095072.hs-sites.com/es-us/estatus-usho-2626","","2025-08-15 10:43","2025-08-15 10:43","","","","","","WBAVM1C54EVW47970","UTC -05:00 América Monterrey","america_slash_monterrey","","","","","","","453326743596","","","","","","","","28366502707","","","","","","","","","","","35452936201","","","","","","","","","","","","","","","","","","","","","","","",""
"147418760802","Mario","Sanchez","","","49095072.hs-sites.com/es-us/estatus-usho-2626","49095072.hs-sites.com/es-us/estatus-usho-2626","","","2250.0","","","Consentimiento libremente otorgado por contacto","","","","","","","1.0","","","TULANCINGO DE BRAVO","","nle","","mx","","43670","","AZUL BLANCO"," --","true","Trámite en tiempo real: Agencia Aduanal HoyMismo (REGISTRO)","sanchezmar896@gmail.com","","","","2.0","","2.0","","","","","2025-08-15 10:35","","","Agencia Aduanal HoyMismo (REGISTRO)","","","","C FRANCISCO MEDOZA SN","","","","","gmail.com","0.0","0.0","","","","","Contacto de marketing","","","nuevo leon","Liberado para entrega","Flujo de contactos - Agencia HoyMismo","","","","","","2025-08-15 10:35","","","","","2025-08-04","","","2025-08-15 10:35","2025-08-15 10:35","2025-08-20 21:54","2025-08-15 10:35","","","","","2025-08-20 21:54","","","","","","","","","","2025-08-15 10:35","","2025-08-15 10:35","","","2025-08-15 10:35","","837","https://api-na1.hubspot.com/form-integrations/v1/uploaded-files/signed-url-redirect/194561445669?portalId=49095072&sign=fMQBeH1CSbFGCFdvsBmANMB_o2U%3D&conversionId=4e3c59d7-66ad-4485-ba6a-825004f7b8c6&filename=4e3c59d7-66ad-4485-ba6a-825004f7b8c6-fotos-WhatsApp+Image+2025-08-02+at+9.16.40+AM.jpeg","","Tráfico directo","Formularios","Tráfico directo","","","","","ARACELY-MTY","","2025-08-15 10:35","","","","","","","","0.0","","","","","","","","2250.0","DODGE RAM","","","","","0.0","2000","","","","","88579ec3-c1a4-4de4-b82d-e460d38cc3cb","","Registro - HoyMismo","","0.0","1.0","","0.0","1.0","","","",""," +17149847540"," +17149847540","","0.0","0.0","","","","mexico","","","Trámite en tiempo real: Agencia Aduanal HoyMismo (REGISTRO)","https://49095072.hs-sites.com/es-us/estatus-usho-2626","0.0","","","","","","","","","","","","","","","","Envío de formulario","","A1 - Importación definitiva","","","","2025-09-15 21:42","https://49095072.hs-sites.com/es-us/estatus-usho-2626","","2025-08-15 10:35","2025-08-15 10:35","","","","","","2B6HB11Y1YK163004","UTC -05:00 América Monterrey","america_slash_monterrey","","","","","","","453319368011","","","","","","","","28396696951","","","","","","","","","","","35451696806","","","","","","","","","","","","","","","","","","","","","","","",""
"147128041370","Jose Luis","Castro Almaraz","Cecy HoyMismo Agencia","","agenciaaduanalhoymismo.com/","49095072.hs-sites.com/es-us/estatus-usho-2626","","","1000.0","","","Consentimiento libremente otorgado por contacto","","","","","","","21.0","","","Tijuana, Baja California","tijuana","bcn","","mx","","22207","","NEGRO"," --","true","Trámite en tiempo real: Agencia Aduanal HoyMismo (REGISTRO)","irubi3547@gmail.com","","","","2.0","2.0","2.0","","","","","2025-08-14 17:20","","","Agencia Aduanal HoyMismo (REGISTRO)","","","","Netzahuala Junipero Serra #1900 4 fracc. Mision de las Californias","","","","","gmail.com","0.0","0.0","","","","","Contacto de marketing","","","baja california","Etapa final","Flujo de contactos - Agencia HoyMismo","","2025-09-06 09:22","","","","2025-08-14 17:20","","","","","2025-08-04","","","2025-08-14 17:20","2025-09-17 23:42","2025-08-14 17:30","2025-08-14 17:20","","","","","2025-09-11 18:36","","","","","","","","","2025-08-14 17:32","2025-08-14 17:20","","2025-08-14 17:20","","2025-09-11 18:34","2025-08-14 17:20","","2022","","","Tráfico directo","Formularios","Tráfico directo","","","","","CECY-MTY","","2025-08-14 17:20","","","","","","","","0.0","","","","","","","","1950.0","CHEVROLET SILVERADO","","","","","0.0","2014","","","","","88579ec3-c1a4-4de4-b82d-e460d38cc3cb","","Registro - HoyMismo","","0.0","1.0","","0.0","1.0","","","",""," +526531468732"," +526531468732","","48.0","0.0","","","","mexico","","","Trámite en tiempo real: Agencia Aduanal HoyMismo (REGISTRO)","https://49095072.hs-sites.com/es-us/estatus-usho-2626","2.0","Cecy HoyMismo Agencia","","","","","","","","","","","","","","","Envío de formulario","","A3 - Regularización","","","","2025-11-15 21:49","https://agenciaaduanalhoymismo.com/","","2025-09-17 23:42","2025-09-17 23:43","","https://agenciaaduanalhoymismo.com/?utm_medium=email&_hsenc=p2ANqtz-9XSEDt7MP8EAexwhFVY7XVgLRPX-ZmQFN8qvFnK0D-oCz2mlupd_2N68mcyVJF0vAVAJN6Wdkqg9xDGchokYJF1dGJQg&_hsmi=367635873&utm_content=367635873&utm_source=hs_automation","","","","1GCRCSEC8EZ281061","UTC -07:00 América Tijuana","america_slash_tijuana","","","","","","","452998397555","","","","","","","","28225777052","","","","","","","","","","","35301757840","","","","","","","","","","","","","","","","","","","","","","","",""
"147095837981","Aaron","Alcala","Cecy HoyMismo Agencia","","49095072.hs-sites.com/es-us/estatus-usho-2626","49095072.hs-sites.com/es-us/estatus-usho-2626","","","5000.0","","","Consentimiento libremente otorgado por contacto","","","","","","","1.0","","","Tijuana","tijuana","bcn","","mx","","22637","","rojo"," --","true","Trámite en tiempo real: Agencia Aduanal HoyMismo (REGISTRO)","donaaronalcala@gmail.com","","","","","","","1.0","","","","2025-08-14 14:07","","","Agencia Aduanal HoyMismo (REGISTRO)","","","","Abelardo L rodriguez 7437 jardines del rubi","","","","","gmail.com","0.0","1.0","","","","","Contacto de marketing","","","baja california","Etapa final","Flujo de contactos - Agencia HoyMismo","","2025-08-21 12:12","","","","2025-08-14 14:07","","","","","2025-08-14","","","2025-08-14 14:07","2025-08-14 14:07","","2025-08-14 14:07","","","","","","","","","","","","","","","2025-08-14 14:07","","","","","","","1112","https://api-na1.hubspot.com/form-integrations/v1/uploaded-files/signed-url-redirect/194503485510?portalId=49095072&sign=Jxibzv9ne8Fx_svGtfJ0lm5nkg0%3D&conversionId=9543d5db-3dba-4f33-8e66-c24069cf255b&filename=9543d5db-3dba-4f33-8e66-c24069cf255b-fotos-lado+1.jpg;https://api-na1.hubspot.com/form-integrations/v1/uploaded-files/signed-url-redirect/194503143084?portalId=49095072&sign=3tKjzBQ8mV1Dg064VsBZ_zBLdSA%3D&conversionId=9543d5db-3dba-4f33-8e66-c24069cf255b&filename=9543d5db-3dba-4f33-8e66-c24069cf255b-fotos-lado2.jpg;https://api-na1.hubspot.com/form-integrations/v1/uploaded-files/signed-url-redirect/194503416599?portalId=49095072&sign=bIM2WS3vBJ7n9RwMinYcgWqWrCU%3D&conversionId=9543d5db-3dba-4f33-8e66-c24069cf255b&filename=9543d5db-3dba-4f33-8e66-c24069cf255b-fotos-parte+delantera+(1).png;https://api-na1.hubspot.com/form-integrations/v1/uploaded-files/signed-url-redirect/194511277099?portalId=49095072&sign=09PvY9UX9jn5qTVCkmY9nNuENFY%3D&conversionId=9543d5db-3dba-4f33-8e66-c24069cf255b&filename=9543d5db-3dba-4f33-8e66-c24069cf255b-fotos-parte+trasera.png","","Tráfico directo","Formularios","Tráfico directo","","","","","CINTHIA-TIJ","","2025-08-14 14:07","","","","","","","","0.0","","","","","","","","18000.0","Toyota","","","","","0.0","Tacoma","","","Usuario desconocido","","88579ec3-c1a4-4de4-b82d-e460d38cc3cb","","Registro - HoyMismo","","0.0","1.0","","0.0","1.0","","","",""," +16193707306"," +16193707306","","0.0","0.0","","","","mexico","","","Trámite en tiempo real: Agencia Aduanal HoyMismo (REGISTRO)","https://49095072.hs-sites.com/es-us/estatus-usho-2626","0.0","Cynthia HoyMismo Tijuana","","","","","","","","","","","","","","","Envío de formulario","","DP - Decreto Presidencial","","","","2025-09-08 14:59","https://49095072.hs-sites.com/es-us/estatus-usho-2626","","2025-08-14 14:07","2025-08-14 14:07","","","","","","4TASM92NXWZ157075","UTC -07:00 América Tijuana","america_slash_tijuana","","","","","","","452954323880","","","","","","","","28230662955","","","","","","","","","","","35302678633","","","","","","","","","","","","","","","","","","","","","","","",""
"145903520652","Mirna Leticia","Martinez Aguilar","Cecy HoyMismo Agencia","","hs_automation","49095072.hs-sites.com/es-us/estatus-usho-2626","367635873","","1200.0","","","Consentimiento libremente otorgado por contacto","","","","","","","7.0","","","ZACOALCO DE TORRES, JAL.","guadalajara","jal","","mx","","45750","","GRIS"," --","true","Trámite en tiempo real: Agencia Aduanal HoyMismo (REGISTRO)","letty.930407@gmail.com","","","","2.0","1.0","2.0","","","","","2025-08-11 18:09","","","Agencia Aduanal HoyMismo (REGISTRO)","","","","C P SANCHEZ #60  LOC ZACOALCO DE TORRES","","","https://api-na1.hubspot.com/form-integrations/v1/uploaded-files/signed-url-redirect/194293797983?portalId=49095072&sign=hhOpucYhWu9GZ56UiuEmOAUGGzQ%3D&conversionId=e032f630-f22d-41dd-8e88-540288db546a&filename=e032f630-f22d-41dd-8e88-540288db546a-documentos_del_cliente-aed3cbc8-869d-4c9d-bf7d-17b602bff363.jpeg","","gmail.com","0.0","0.0","","","","","Contacto de marketing","","","jalisco","Etapa final","Flujo de contactos - Agencia HoyMismo","","2025-08-14 16:32","","","","2025-08-11 18:09","","","","","2025-08-11","","","2025-08-11 18:09","2025-08-15 16:30","2025-08-12 11:25","2025-08-11 18:09","","","","","2025-08-15 16:27","","","","","","","","","2025-08-12 11:26","2025-08-11 18:09","","2025-08-11 18:12","","2025-08-15 16:28","2025-08-11 18:13","","2024","https://api-na1.hubspot.com/form-integrations/v1/uploaded-files/signed-url-redirect/194298362026?portalId=49095072&sign=sBu51OaQ42NbOC4i9o00i9AhbRQ%3D&conversionId=e032f630-f22d-41dd-8e88-540288db546a&filename=e032f630-f22d-41dd-8e88-540288db546a-fotos-WhatsApp+Image+2025-08-11+at+5.34.59+PM.jpeg","","Marketing por email","Formularios","Tráfico directo","","","","","CECY-MTY","","2025-08-11 18:09","","","","","","","","0.0","","","","","","","","1200.0","Nissan Murano","","","","","0.0","2017","","","","","88579ec3-c1a4-4de4-b82d-e460d38cc3cb","","Registro - HoyMismo","","0.0","1.0","","0.0","1.0","","","",""," +523332703620"," +523332703620","","8.0","0.0","","","","mexico","","","Trámite en tiempo real: Agencia Aduanal HoyMismo (REGISTRO)","https://49095072.hs-sites.com/es-us/estatus-usho-2626","1.0","Cecy HoyMismo Agencia","","","","","","","","","","","","","","","Envío de formulario","","DP - Decreto Presidencial","","","","2025-09-15 21:10","https://agenciaaduanalhoymismo.com/","","2025-08-15 16:30","2025-08-15 16:34","","https://agenciaaduanalhoymismo.com/?utm_medium=email&_hsenc=p2ANqtz-_Em4uXVD6beukrxAa5aUk2OroO3Zaz3P4ycYVWRNBWP4aCmciITRtjpfRIZ1k8r1c80Zw_y87T6t0rrAZInhnkArWZ9Q&_hsmi=367635873&utm_content=367635873&utm_source=hs_automation","","","","JN8AZ08T876501108","UTC -05:00 América Ciudad de México","america_slash_mexico_city","","","","","","","451450302575","","","","","","","","27903536935","","","","","","","","","","","34948164763","","","","","","","","","","","","","","","","","","","","","","","",""
"144265466784","Antonio","Castro","Cecy HoyMismo Agencia","","49095072.hs-sites.com/es-us/estatus-usho-2626","49095072.hs-sites.com/es-us/estatus-usho-2626","","","10000.0","","","Consentimiento libremente otorgado por contacto","","","","","","","1.0","","","valle de santiago","tijuana","bcn","","mx","","28490","","negro"," --","true","Trámite en tiempo real: Agencia Aduanal HoyMismo (REGISTRO)","a.cfranco9498@gmail.com","","","","","","","2.0","","","","2025-08-05 11:23","","","Agencia Aduanal HoyMismo (REGISTRO)","","","","c uruapan 68 A zona centro 38490 valle de santiago gto","","","","","gmail.com","0.0","2.0","","","","","Contacto de marketing","","","baja california","Liberado para entrega","Flujo de contactos - Agencia HoyMismo","","2025-08-14 13:20","","","","2025-08-05 11:24","","","","","2025-08-04","","","2025-08-05 11:23","2025-08-05 11:23","","2025-08-05 11:23","","","","","","","","","","","","","","","2025-08-05 11:23","","","","","","","1109","https://api-na1.hubspot.com/form-integrations/v1/uploaded-files/signed-url-redirect/194004774963?portalId=49095072&sign=DeG8Ox-qIVwjaAEbrZ-BDIf6-fQ%3D&conversionId=5064b973-33b5-4049-a225-62d5dae80efa&filename=5064b973-33b5-4049-a225-62d5dae80efa-fotos-foto+lateral.jpg;https://api-na1.hubspot.com/form-integrations/v1/uploaded-files/signed-url-redirect/194004940347?portalId=49095072&sign=0J1_JMU5-1HtMQf0OIkKaQ2xZDs%3D&conversionId=5064b973-33b5-4049-a225-62d5dae80efa&filename=5064b973-33b5-4049-a225-62d5dae80efa-fotos-foto+lateral2.jpg;https://api-na1.hubspot.com/form-integrations/v1/uploaded-files/signed-url-redirect/194004940350?portalId=49095072&sign=pY8ANbOSuNV9saCrsQYy66wWkPE%3D&conversionId=5064b973-33b5-4049-a225-62d5dae80efa&filename=5064b973-33b5-4049-a225-62d5dae80efa-fotos-parte+delantera.jpg;https://api-na1.hubspot.com/form-integrations/v1/uploaded-files/signed-url-redirect/194004940354?portalId=49095072&sign=ERMLhat6Vg_U5hawMNku445vEz0%3D&conversionId=5064b973-33b5-4049-a225-62d5dae80efa&filename=5064b973-33b5-4049-a225-62d5dae80efa-fotos-parte+trasera.jpg","","Tráfico directo","Formularios","Tráfico directo","","","","","VICTORIA-NOG","","2025-08-05 11:23","","","","","","","","0.0","","","","","","","","18000.0","Nissan","","","","","0.0","Armada","","","Usuario desconocido","","88579ec3-c1a4-4de4-b82d-e460d38cc3cb","","Registro - HoyMismo","","0.0","1.0","","0.0","1.0","","","",""," +12053739155"," +12053739155","","0.0","0.0","","","","mexico","","","Trámite en tiempo real: Agencia Aduanal HoyMismo (REGISTRO)","https://49095072.hs-sites.com/es-us/estatus-usho-2626","0.0","Cecy HoyMismo Agencia","","","","","","","","","","","","","","","Envío de formulario","","DP - Decreto Presidencial","","","","2025-09-10 15:12","https://49095072.hs-sites.com/es-us/estatus-usho-2626","","2025-08-05 11:23","2025-08-05 11:23","","","","","","5N1AA08A16N726326","UTC -07:00 América Tijuana","america_slash_tijuana","","","","","","","449947884892","","","","","","","","27557903637","","","","","","","","","","","34587796381","","","","","","","","","","","","","","","","","","","","","","","",""
"143829920666","Mauricio","Soto Moreno","Cecy HoyMismo Agencia","","49095072.hs-sites.com/es-us/estatus-usho-2626","49095072.hs-sites.com/es-us/estatus-usho-2626","","","350.0","","","Consentimiento libremente otorgado por contacto","","","","","","","2.0","","","HIDALGO, HGO.","","nle","","mx","","43762","","GRIS"," --","true","Trámite en tiempo real: Agencia Aduanal HoyMismo (REGISTRO)","mauricio.soto09@icloud.com","","","","","","2.0","","","","","2025-08-04 08:26","","","Agencia Aduanal HoyMismo (REGISTRO)","","","","CJON NIÑOS HEROES #14-2 COL VICENTE GUERRERO","","","https://api-na1.hubspot.com/form-integrations/v1/uploaded-files/signed-url-redirect/198022229577?portalId=49095072&sign=Ci_IyN_8ECH7qBxol_Ui5M6VvEQ%3D&conversionId=abc82b58-fc59-410e-b291-0bd284930794&filename=abc82b58-fc59-410e-b291-0bd284930794-documentos_del_cliente-WhatsApp+Image+2025-10-22+at+3.21.30+PM.jpeg","","icloud.com","0.0","4.0","","","","","Contacto de marketing","","","nuevo leon","En Revisión","Flujo de contactos - Agencia HoyMismo","","","","","","2025-08-04 08:26","","","","","2025-10-22","","","2025-10-22 17:54","2025-10-22 17:54","","2025-08-04 08:26","","","","","","","","","","","","","","","2025-08-04 08:26","","2025-08-04 08:26","","","2025-10-22 17:54","","4295","https://api-na1.hubspot.com/form-integrations/v1/uploaded-files/signed-url-redirect/198021971537?portalId=49095072&sign=JnPzY2GF63r31p2oEAVdUw9lAXU%3D&conversionId=abc82b58-fc59-410e-b291-0bd284930794&filename=abc82b58-fc59-410e-b291-0bd284930794-fotos-WhatsApp+Image+2025-10-22+at+3.21.29+PM.jpeg","","Tráfico directo","Formularios","Tráfico directo","","","","","VICTORIA-NOG","","2025-08-04 08:26","","","","","","","","0.0","","","","","","","","1600.0","KIA SORENTO EX","","","","","0.0","2011","","","","","88579ec3-c1a4-4de4-b82d-e460d38cc3cb","","Registro - HoyMismo","","0.0","2.0","","0.0","1.0","","","",""," +16192481134"," +16192481134","","0.0","0.0","","","","mexico","","","Trámite en tiempo real: Agencia Aduanal HoyMismo (REGISTRO)","https://49095072.hs-sites.com/es-us/estatus-usho-2626","0.0","","","","","","","","","","","","","","","","Envío de formulario","","A3 - Regularización","","","","2025-10-23 01:46","https://49095072.hs-sites.com/es-us/estatus-usho-2626","","2025-10-22 17:54","2025-10-22 17:54","","","","","","5XYKU4A22BG017352","UTC -05:00 América Monterrey","america_slash_monterrey","","","","","","","449450666354;482246088242","","","","","","","","27430072330;32560298013","","","","","","","","","","","34370200156;39549825306","","","","","","","","","","","","","","","","","","","","","","","",""
"143580218141","Jose Luis","Dominguez Medina","Cecy HoyMismo Agencia","","49095072.hs-sites.com/es-us/estatus-usho-2626","49095072.hs-sites.com/es-us/estatus-usho-2626","","","350.0","","","Consentimiento libremente otorgado por contacto","","","","","","","2.0","","","TLAXCALA","garcia","nle","","mx","","90800","","NEGRO"," --","true","Trámite en tiempo real: Agencia Aduanal HoyMismo (REGISTRO)","luiguidom34@gmail.com","","","","","","2.0","","","","","2025-08-03 06:56","","","Agencia Aduanal HoyMismo (REGISTRO)","","","","PRIV. ROMAN SALDANA 5, ROMAN SALDANA Y PV DE LA VIRGEN CHIAUTEMPAN,021 CP. 90800, STA ANA CHIAUTEMPAN,m","","","","","gmail.com","0.0","1.0","","","","","Contacto de marketing","","","nuevo leon","Entregado","Flujo de contactos - Agencia HoyMismo","","2025-08-14 13:19","","","","2025-08-03 06:56","","","","","2025-08-04","","","2025-08-03 06:56","2025-08-03 10:39","","2025-08-03 06:56","","","","","","","","","","","","","","","2025-08-03 06:46","","2025-08-03 06:56","","","2025-08-03 06:56","","7999","","","Tráfico directo","Formularios","Tráfico directo","","","","","CECY-MTY","","2025-08-03 06:46","","","","","","","","0.0","","","","","","","","1850.0","VOLKSWAGEN JETTA","","","","","0.0","2007","","","","","88579ec3-c1a4-4de4-b82d-e460d38cc3cb","","Registro - HoyMismo","","0.0","1.0","","0.0","1.0","","","",""," +14802352406"," +14802352406","","2.0","0.0","","","","mexico","","","Trámite en tiempo real: Agencia Aduanal HoyMismo (REGISTRO)","http://49095072.hs-sites.com/es-us/estatus-usho-2626","1.0","Cecy HoyMismo Agencia","","","","","","","","","","","","","","","Envío de formulario","","A3 - Regularización","","","","2025-08-14 13:19","http://49095072.hs-sites.com/es-us/estatus-usho-2626","","2025-08-03 10:39","2025-08-03 10:39","","","","","","3VWEG71K97M065556","UTC -05:00 América Monterrey","america_slash_monterrey","","","","","","","449277175969","","","","","","","","27335429758","","","","","","","","","","","34469546786","","","","","","","","","","","","","","","","","","","","","","","",""
"143419563409","Marelim Estefania","Manzo Cerda","Cecy HoyMismo Agencia","","49095072.hs-sites.com/es-us/estatus-usho-2626","49095072.hs-sites.com/es-us/estatus-usho-2626","","","400.0","","","Consentimiento libremente otorgado por contacto","","","","","","","1.0","","","CHAVINDA, MICHOACAN","general escobedo","nle","","mx","","59590","","NEGRA"," --","true","Trámite en tiempo real: Agencia Aduanal HoyMismo (REGISTRO)","marelim.estefany@gmail.com","","","","1.0","","2.0","","","","","2025-08-02 13:57","","","Agencia Aduanal HoyMismo (REGISTRO)","","","","MIGUEL HIDALGO #2, LOC. LA ESPERANZA","","","","","gmail.com","0.0","0.0","","","","","Contacto de marketing","","","nuevo leon","Entregado","Flujo de contactos - Agencia HoyMismo","","2025-08-14 13:19","","","","2025-08-02 13:57","","","","","2025-08-04","","","2025-08-02 13:57","2025-08-02 13:57","2025-08-02 13:57","2025-08-02 13:57","","","","","2025-08-03 07:31","","","","","","","","","","2025-08-02 13:57","","2025-08-02 13:57","","","2025-08-02 13:57","","7684","https://api-na1.hubspot.com/form-integrations/v1/uploaded-files/signed-url-redirect/193857911951?portalId=49095072&sign=W4MOmwYMZjqNsN8gmTsCx9xqRJM%3D&conversionId=54825152-fbee-49b9-ae56-afa1cb92173b&filename=54825152-fbee-49b9-ae56-afa1cb92173b-fotos-376f19d2-2e98-49e0-a870-0ce3671b4671.jpg","","Tráfico directo","Formularios","Tráfico directo","","","","","CECY-MTY","","2025-08-02 13:57","","","","","","","","0.0","","","","","","","","2400.0","NISSAN ROUGUE","","","","","0.0","2018","","","","","88579ec3-c1a4-4de4-b82d-e460d38cc3cb","","Registro - HoyMismo","","0.0","1.0","","0.0","1.0","","","",""," +13858679186"," +13858679186","","0.0","0.0","","","","mexico","","","Trámite en tiempo real: Agencia Aduanal HoyMismo (REGISTRO)","https://49095072.hs-sites.com/es-us/estatus-usho-2626","0.0","Cecy HoyMismo Agencia","","","","","","","","","","","","","","","Envío de formulario","","A3 - Regularización","","","","2025-11-02 01:05","https://49095072.hs-sites.com/es-us/estatus-usho-2626","","2025-08-02 13:57","2025-08-02 13:57","","","","","","5N1AT2MVXJC724013","UTC -05:00 América Monterrey","america_slash_monterrey","","","","","","","449152431736","","","","","","","","27401401109","","","","","","","","","","","34358445120","","","","","","","","","","","","","","","","","","","","","","","",""
"142866983700","Ismael","Rojas","Admin Agencia Aduanal HoyMismo","","49095072.hs-sites.com/es-us/estatus-usho-2626","49095072.hs-sites.com/es-us/estatus-usho-2626","","","350.0","","","Consentimiento libremente otorgado por contacto","","","","","","","2.0","","","TUTUTEPEC DE MELCHOR OCAMPO","general escobedo","nle","","mx","","71830","","BLANCO"," --","true","Trámite en tiempo real: Agencia Aduanal HoyMismo (REGISTRO)","danielglass2116@yahoo.com","","","","2.0","","2.0","","","","","2025-07-31 16:36","","","Agencia Aduanal HoyMismo (REGISTRO)","","","","VICENTE GUERRERO SN ROMA RIO GRANDE","","","","","yahoo.com","0.0","0.0","","","","","Contacto de marketing","","","nuevo leon","En Revisión","Flujo de contactos - Agencia HoyMismo","","2025-08-14 16:31","","","","2025-07-31 16:36","","","","","2025-08-20","","","2025-08-21 11:49","2025-08-21 11:45","2025-08-01 08:50","2025-07-31 16:36","","","","","2025-08-21 12:28","2025-08-21 11:49","","","","","","","","","2025-07-31 16:36","","2025-07-31 16:36","","","2025-08-21 11:49","","841","https://api-na1.hubspot.com/form-integrations/v1/uploaded-files/signed-url-redirect/194880136981?portalId=49095072&sign=NOmuf0yw0BYngPneMSP4_HQLc3c%3D&conversionId=396492c4-8969-4cc5-a0f0-f25d1f132ca4&filename=396492c4-8969-4cc5-a0f0-f25d1f132ca4-fotos-WhatsApp+Image+2025-08-18+at+5.13.27+PM+(1).jpeg","","Tráfico directo","Formularios","Tráfico directo","","","","","ARACELY-MTY","","2025-07-31 16:36","","","","","","","","0.0","","","","","","","","6230.0","SEA PRO 180 CC","","","","","0.0","2002","","","","","88579ec3-c1a4-4de4-b82d-e460d38cc3cb","","Registro - HoyMismo","","0.0","3.0","","0.0","1.0","","","",""," +18033485887"," +18033485887","","0.0","0.0","","","","mexico","","","Trámite en tiempo real: Agencia Aduanal HoyMismo (REGISTRO)","https://49095072.hs-sites.com/es-us/estatus-usho-2626","0.0","Victoria HoyMismo Nogales","","","","","","","","","","","","","","","Envío de formulario","","A1 - Importación definitiva","","","","2025-09-16 00:18","https://49095072.hs-sites.com/es-us/estatus-usho-2626","","2025-08-21 11:45","2025-08-21 11:45","","","","","","00000PIOCC616F102","UTC -05:00 América Monterrey","america_slash_monterrey","","","","","","","448552110775;454919440931;454930291518","","","","","","","","27340933135;28757557356;28764743750","","","","","","","","","","","34314547806;35842167863;35851542582","","","","","","","","","","","","","","","","","","","","","","","",""
"142863405222","Romero","Rojas Cristobal","Cecy HoyMismo Agencia","","49095072.hs-sites.com/es-us/estatus-usho-2626","49095072.hs-sites.com/es-us/estatus-usho-2626","","","350.0","","","Consentimiento libremente otorgado por contacto","","","","","","","5.0","","","TLACOACHISTLAHUACA","general escobedo","nle","","mx","","41740","","BLANCA"," --","true","Trámite en tiempo real: Agencia Aduanal HoyMismo (REGISTRO)","romero1984rojas@gmail.com","","","","","","2.0","","","","","2025-07-31 16:16","","","Agencia Aduanal HoyMismo (REGISTRO)","","","","C SIN NOMBRE SN RANCHO VIEJO","","","https://api-na1.hubspot.com/form-integrations/v1/uploaded-files/signed-url-redirect/193748291248?portalId=49095072&sign=aMVvbItM_fORfBnqDJB_Fr9lZbQ%3D&conversionId=612c3405-3c65-40f9-9b5e-6298cd85eb9e&filename=612c3405-3c65-40f9-9b5e-6298cd85eb9e-documentos_del_cliente-WhatsApp+Image+2025-07-16+at+9.41.32+PM+(1).jpeg","","gmail.com","0.0","2.0","","","","","Contacto de marketing","","","nuevo leon","Liberado para entrega","Flujo de contactos - Agencia HoyMismo","","2025-08-14 16:31","","","","2025-07-31 16:16","","","","","2025-07-21","","","2025-07-31 16:16","2025-11-05 11:46","","2025-07-31 16:16","","","","","","","","","","","","","","","2025-07-31 16:09","","2025-07-31 16:16","","","2025-07-31 16:16","","834","https://api-na1.hubspot.com/form-integrations/v1/uploaded-files/signed-url-redirect/193749294504?portalId=49095072&sign=zdfX7031E0BcUQ3UWdeSAvTwZvc%3D&conversionId=612c3405-3c65-40f9-9b5e-6298cd85eb9e&filename=612c3405-3c65-40f9-9b5e-6298cd85eb9e-fotos-WhatsApp+Image+2025-07-16+at+9.40.32+PM+(2).jpeg","","Tráfico directo","Formularios","Tráfico directo","","","","","ARACELY-MTY","","2025-07-31 16:09","","","","","","","","0.0","","","","","","","","3020.0","FORD F150","","","","","0.0","2017","","","","","88579ec3-c1a4-4de4-b82d-e460d38cc3cb","","Registro - HoyMismo","","0.0","1.0","","0.0","1.0","","","",""," +18055542529"," +18055542529","","11.0","0.0","","","","mexico","","","Trámite en tiempo real: Agencia Aduanal HoyMismo (REGISTRO)","https://49095072.hs-sites.com/es-us/estatus-usho-2626","2.0","Aracely Monterrey","","","","","","","","","","","","","","","Envío de formulario","","VU - Vehículo Interior República","","","","2025-11-05 12:33","https://49095072.hs-sites.com/es-us/estatus-usho-2626","","2025-11-05 11:46","2025-11-05 12:18","","","","","","1FTFW1EG7HFA01319","UTC -05:00 América Monterrey","america_slash_monterrey","","","","","","","448553543262","","","","","","","","27293148068","","","","","","","","","","","34357892133","","","","","","","","","","","","","","","","","","","","","","","",""
"141901153062","Leonires","Bravo","Cecy HoyMismo Agencia","","49095072.hs-sites.com/es-us/estatus-usho-2626","49095072.hs-sites.com/es-us/estatus-usho-2626","","","1850.0","","","Consentimiento libremente otorgado por contacto","","","","","","","16.0","","","Morelia","tijuana","bcn","","mx","","58337","","naranja"," --","true","Trámite en tiempo real: Agencia Aduanal HoyMismo (REGISTRO)","bravoleonires@gmail.com","","","","2.0","","2.0","","","","","2025-07-28 16:34","","","Agencia Aduanal HoyMismo (REGISTRO)","","","","orol 20 de septiembre 96 2 col san isidro itzicuaro","","","","","gmail.com","0.0","0.0","","","","","Contacto de marketing","","","baja california","Entregado","Flujo de contactos - Agencia HoyMismo","","2025-07-31 15:56","","","","2025-07-28 16:34","","","","","2025-02-07","","","2025-07-28 16:34","2025-12-17 12:41","2025-07-28 16:35","2025-07-28 16:34","","","","","2025-07-29 13:50","","","","","","","","","","2025-07-28 16:20","","2025-07-28 16:34","","","2025-07-28 16:34","","1106","https://api-na1.hubspot.com/form-integrations/v1/uploaded-files/signed-url-redirect/193553661209?portalId=49095072&sign=m3XZewLd5wMAnrPJM02Y70UpJzw%3D&conversionId=403cd6d4-b675-467f-a5dd-ec8910b14b83&filename=403cd6d4-b675-467f-a5dd-ec8910b14b83-fotos-WhatsApp+Image+2025-07-28+at+3.30.21+PM.jpeg;https://api-na1.hubspot.com/form-integrations/v1/uploaded-files/signed-url-redirect/193555719449?portalId=49095072&sign=1SZAm3mMVt1m83Ey8IROEquDcNU%3D&conversionId=403cd6d4-b675-467f-a5dd-ec8910b14b83&filename=403cd6d4-b675-467f-a5dd-ec8910b14b83-fotos-WhatsApp+Image+2025-07-28+at+3.31.46+PM.jpeg","","Tráfico directo","Formularios","Tráfico directo","","","","","CINTHIA-TIJ","","2025-07-28 16:20","","","","","","","","0.0","","","","","","","","1080.0","ford","","","","","0.0","f-150","","","","","88579ec3-c1a4-4de4-b82d-e460d38cc3cb","","Registro - HoyMismo","","0.0","1.0","","0.0","1.0","","","",""," +15309664892"," +15309664892","","15.0","0.0","","","","mexico","","","Trámite en tiempo real: Agencia Aduanal HoyMismo (REGISTRO)","https://49095072.hs-sites.com/es-us/estatus-usho-2626","0.0","Cynthia HoyMismo Tijuana","","","","","","","","","","","","","","","Envío de formulario","","A1 - Importación definitiva","","","","2025-12-17 12:56","https://49095072.hs-sites.com/es-us/estatus-usho-2626","","2025-12-17 12:41","2025-12-17 12:41","","","","","","1ftdf15y1sna37648","UTC -07:00 América Tijuana","america_slash_tijuana","","","","","","","447611231056","","","","","","","","27175030541","","","","","","","","","","","34226144796","","","","","","","","","","","","","","","","","","","","","","","",""
"141862616432","Manuel","Madera","","","49095072.hs-sites.com/es-us/estatus-usho-2626","49095072.hs-sites.com/es-us/estatus-usho-2626","","","2150.0","","","Consentimiento libremente otorgado por contacto","","","","","","","1.0","","","Jalisco","tijuana","bcn","","mx","","46000","","Dorado"," --","true","Trámite en tiempo real: Agencia Aduanal HoyMismo (REGISTRO)","maderajosemanuel15@gmail.com","","","","2.0","","2.0","","","","","2025-07-28 14:00","","","Agencia Aduanal HoyMismo (REGISTRO)","","","","Gonzales Gallo #6 huejuquilla","","","","","gmail.com","0.0","0.0","","","","","Contacto de marketing","","","baja california","En Revisión","Flujo de contactos - Agencia HoyMismo","","","","","","2025-07-28 14:00","","","","","2025-07-28","","","2025-07-28 14:00","2025-07-28 14:00","2025-07-28 17:22","2025-07-28 14:00","","","","","2025-08-15 09:18","","","","","","","","","","2025-07-28 14:00","","2025-07-28 14:01","","","2025-07-28 14:01","","1106","https://api-na1.hubspot.com/form-integrations/v1/uploaded-files/signed-url-redirect/193550588673?portalId=49095072&sign=7HpsdFxGpx4_B3s_TYYcUugWxeU%3D&conversionId=6e729bbf-d146-462e-8881-fb3ca8df7528&filename=6e729bbf-d146-462e-8881-fb3ca8df7528-fotos-WhatsApp+Image+2025-07-28+at+6.31.44+AM.jpeg;https://api-na1.hubspot.com/form-integrations/v1/uploaded-files/signed-url-redirect/193550516249?portalId=49095072&sign=VEH0OPMNa1_nYdmbDtl5PS79zGw%3D&conversionId=6e729bbf-d146-462e-8881-fb3ca8df7528&filename=6e729bbf-d146-462e-8881-fb3ca8df7528-fotos-WhatsApp+Image+2025-07-28+at+6.32.04+AM.jpeg;https://api-na1.hubspot.com/form-integrations/v1/uploaded-files/signed-url-redirect/193549090377?portalId=49095072&sign=a0ziX20EqGhX9xSCkinsXYacc6Q%3D&conversionId=6e729bbf-d146-462e-8881-fb3ca8df7528&filename=6e729bbf-d146-462e-8881-fb3ca8df7528-fotos-WhatsApp+Image+2025-07-28+at+6.32.19+AM.jpeg","","Tráfico directo","Formularios","Tráfico directo","","","","","CINTHIA-TIJ","","2025-07-28 14:00","","","","","","","","0.0","","","","","","","","2150.0","Chevrolet","","","","","0.0","pick Up 1999","","","","","88579ec3-c1a4-4de4-b82d-e460d38cc3cb","","Registro - HoyMismo","","0.0","1.0","","0.0","1.0","","","",""," +13103506812"," +13103506812","","0.0","0.0","","","","mexico","","","Trámite en tiempo real: Agencia Aduanal HoyMismo (REGISTRO)","https://49095072.hs-sites.com/es-us/estatus-usho-2626","0.0","","","","","","","","","","","","","","","","Envío de formulario","","A3 - Regularización","","","","2025-11-02 00:49","https://49095072.hs-sites.com/es-us/estatus-usho-2626","","2025-07-28 14:00","2025-07-28 14:00","","","","","","1GCCS1946XK174110","UTC -07:00 América Tijuana","america_slash_tijuana","","","","","","","447570162438","","","","","","","","27058179630","","","","","","","","","","","34185440069","","","","","","","","","","","","","","","","","","","","","","","",""
"141853182484","Carlos","Gomez Quevedo","Admin Agencia Aduanal HoyMismo","","49095072.hs-sites.com/es-us/estatus-usho-2626","49095072.hs-sites.com/es-us/estatus-usho-2626","","","350.0","","","Consentimiento libremente otorgado por contacto","","","","","","","1.0","","","ESTADO DE MÉXICO","general escobedo","nle","","mx","","52004","","BLANCO"," --","true","Trámite en tiempo real: Agencia Aduanal HoyMismo (REGISTRO)","carlosgomez9831@gmail.com","","","","2.0","","2.0","","","","","2025-07-28 13:02","","","Agencia Aduanal HoyMismo (REGISTRO)","","","","C PASEO DEL JAZMIN MZA 31 LT 61 A FRACC CEDROS, LERMA, MEX.","","","https://api-na1.hubspot.com/form-integrations/v1/uploaded-files/signed-url-redirect/193547347582?portalId=49095072&sign=xgUTASmEl4dX-RfXoBv1ecgm9N0%3D&conversionId=7925d31a-7d71-4b0c-b73d-a35bee050035&filename=7925d31a-7d71-4b0c-b73d-a35bee050035-documentos_del_cliente-INE+VERSA+NOTE.jpeg","","gmail.com","0.0","0.0","","","","","Contacto de marketing","","","nuevo leon","Liberado para entrega","Flujo de contactos - Agencia HoyMismo","","2025-07-31 15:58","","","","2025-07-28 13:02","","","","","2025-07-28","","","2025-07-28 13:02","2025-07-28 13:02","2025-07-29 08:27","2025-07-28 13:02","","","","","2025-08-17 00:09","","","","","","","","","","2025-07-28 13:02","","2025-07-28 13:02","","","2025-07-28 13:02","","8753","https://api-na1.hubspot.com/form-integrations/v1/uploaded-files/signed-url-redirect/193547959973?portalId=49095072&sign=vENf52sxHGCYgGMDplJsQZfmuFQ%3D&conversionId=7925d31a-7d71-4b0c-b73d-a35bee050035&filename=7925d31a-7d71-4b0c-b73d-a35bee050035-fotos-NISSAN+VERSA+NOTE+FRENTE.jpeg","","Tráfico directo","Formularios","Tráfico directo","","","","","VICTORIA-NOG","","2025-07-28 13:02","","","","","","","","0.0","","","","","","","","4000.0","NISSAN VERSA NOTE","","","","","0.0","2016","","","","","88579ec3-c1a4-4de4-b82d-e460d38cc3cb","","Registro - HoyMismo","","0.0","1.0","","0.0","1.0","","","",""," +17148653058"," +17148653058","","0.0","0.0","","","","mexico","","","Trámite en tiempo real: Agencia Aduanal HoyMismo (REGISTRO)","https://49095072.hs-sites.com/es-us/estatus-usho-2626","0.0","Victoria HoyMismo Nogales","","","","","","","","","","","","","","","Envío de formulario","","VU - Vehículo Interior República","","","","2025-11-02 00:47","https://49095072.hs-sites.com/es-us/estatus-usho-2626","","2025-07-28 13:02","2025-07-28 13:02","","","","","","3N1CE2CP1GL376161","UTC -05:00 América Monterrey","america_slash_monterrey","","","","","","","447557189261","","","","","","","","27054987402","","","","","","","","","","","34220897094","","","","","","","","","","","","","","","","","","","","","","","",""
"140935189353","Victor","Rodriguez Silva","","","49095072.hs-sites.com/es-us/estatus-usho-2626","49095072.hs-sites.com/es-us/estatus-usho-2626","","","350.0","","","Consentimiento libremente otorgado por contacto","","","","","","","1.0","","","LOS REYES DE SALGADO, MICHOACAN.","general escobedo","nle","","mx","","60385","","GRIS"," --","true","Trámite en tiempo real: Agencia Aduanal HoyMismo (REGISTRO)","gp848569@gmail.com","","","","1.0","","2.0","","","","","2025-07-24 16:26","","","Agencia Aduanal HoyMismo (REGISTRO)","","","","J JESUS MORENO 33, HEROES DE NAZOCARI","","","https://api-na1.hubspot.com/form-integrations/v1/uploaded-files/signed-url-redirect/193357317396?portalId=49095072&sign=j3rvcyYBAd8M-sAU70TZBllNCy0%3D&conversionId=94415f4c-4ba8-4479-b3d2-38c380155e76&filename=94415f4c-4ba8-4479-b3d2-38c380155e76-documentos_del_cliente-PASAPORTE+VICTOR+VU.jpeg","","gmail.com","0.0","0.0","","","","","Contacto de marketing","","","nuevo leon","En Revisión","Flujo de contactos - Agencia HoyMismo","","","","","","2025-07-24 16:27","","","","","2025-07-24","","","2025-07-24 16:26","2025-07-24 16:26","2025-07-24 16:27","2025-07-24 16:26","","","","","2025-07-24 16:27","","","","","","","","","","2025-07-24 16:26","","2025-07-24 16:27","","","2025-07-24 16:27","","9164","https://api-na1.hubspot.com/form-integrations/v1/uploaded-files/signed-url-redirect/193354899861?portalId=49095072&sign=HZR03zRvbzobFuo0oyeVUiIJADo%3D&conversionId=94415f4c-4ba8-4479-b3d2-38c380155e76&filename=94415f4c-4ba8-4479-b3d2-38c380155e76-fotos-FRENTE-DODGE-DG2016.jpeg","","Tráfico directo","Formularios","Tráfico directo","","","","","VICTORIA-NOG","","2025-07-24 16:26","","","","","","","","0.0","","","","","","","","2200.0","DODGE DURANGO SXT","","","","","0.0","2016","","","","","88579ec3-c1a4-4de4-b82d-e460d38cc3cb","","Registro - HoyMismo","","0.0","1.0","","0.0","1.0","","","",""," +13233922047"," +13233922047","","0.0","","","","","mexico","","","Trámite en tiempo real: Agencia Aduanal HoyMismo (REGISTRO)","https://49095072.hs-sites.com/es-us/estatus-usho-2626","0.0","","","","","","","","","","","","","","","","Envío de formulario","","VU - Vehículo Interior República","","","","2025-10-15 22:44","https://49095072.hs-sites.com/es-us/estatus-usho-2626","","2025-07-24 16:26","2025-07-24 16:26","","","","","","1C4RDHAG9GC322599","UTC -05:00 América Monterrey","america_slash_monterrey","","","","","","","446883981126","","","","","","","","27012074515","","","","","","","","","","","34058837589","","","","","","","","","","","","","","","","","","","","","","","",""
"140516098350","Humberto","Gomez Zavala","Cecy HoyMismo Agencia","","49095072.hs-sites.com/es-us/estatus-usho-2626","49095072.hs-sites.com/es-us/estatus-usho-2626","","","350.0","","","Consentimiento libremente otorgado por contacto","","","","","","","1.0","","","ZAPOPAN, JALISCO","zapopan","jal","","mx","","45053","","ROJO / NEGRO"," --","true","Trámite en tiempo real: Agencia Aduanal HoyMismo (REGISTRO)","autowerkstatt_gdl@yahoo.com.mx","","","","1.0","1.0","2.0","","","","","2025-07-23 08:38","","","Agencia Aduanal HoyMismo (REGISTRO)","","","","CALLE NOVILLERO #42-3, HACIENDA DEL TEPEYAC","","","https://api-na1.hubspot.com/form-integrations/v1/uploaded-files/signed-url-redirect/193253398274?portalId=49095072&sign=StURfxrh0WpojYE-q5J8DchqSWQ%3D&conversionId=8ed75a7b-d519-49b1-908b-a3285ef29678&filename=8ed75a7b-d519-49b1-908b-a3285ef29678-documentos_del_cliente-INE+BMW+76+FRENTE.png","","yahoo.com.mx","0.0","0.0","","","","","Contacto de marketing","","","jalisco","Liberado para entrega","Flujo de contactos - Agencia HoyMismo","","2025-07-29 15:13","","","","2025-07-23 08:38","","","","","2025-07-23","","","2025-07-23 08:38","2025-07-23 08:38","2025-07-24 14:51","2025-07-23 08:38","","","","","2025-07-24 14:51","","","","","","","","","2025-07-24 14:52","2025-07-23 08:38","","2025-07-23 08:39","","2025-07-24 14:52","2025-07-23 08:39","","8349","https://api-na1.hubspot.com/form-integrations/v1/uploaded-files/signed-url-redirect/193253769086?portalId=49095072&sign=zzrFg3N-8wW8W5LtmoAYk01RP_A%3D&conversionId=8ed75a7b-d519-49b1-908b-a3285ef29678&filename=8ed75a7b-d519-49b1-908b-a3285ef29678-fotos-COSTADO+1.jfif","","Tráfico directo","Formularios","Tráfico directo","","","","","VICTORIA-NOG","","2025-07-23 08:38","","","","","","","","0.0","","","","","","","","3200.0","BMW","","","","","0.0","1976","","","","","88579ec3-c1a4-4de4-b82d-e460d38cc3cb","","Registro - HoyMismo","","0.0","1.0","","0.0","1.0","","","",""," +523310655020"," +523310655020","","0.0","","","","","mexico","","","Trámite en tiempo real: Agencia Aduanal HoyMismo (REGISTRO)","https://49095072.hs-sites.com/es-us/estatus-usho-2626","0.0","Victoria HoyMismo Nogales","","","","","","","","","","","","","","","Envío de formulario","","A1 - Importación definitiva","","","","2025-08-01 21:16","https://49095072.hs-sites.com/es-us/estatus-usho-2626","","2025-07-23 08:38","2025-07-23 08:38","","","","","","00000000002743872","UTC -05:00 América Ciudad de México","america_slash_mexico_city","","","","","","","446376784925","","","","","","","","26954355522","","","","","","","","","","","33957910529","","","","","","","","","","","","","","","","","","","","","","","",""
"139296742659","Bonifacio","Martinez Antonio","Admin Agencia Aduanal HoyMismo","","agenciaaduanalhoymismo.com/tracking","49095072.hs-sites.com/es-us/estatus-usho-2626","","","350.0","","","Consentimiento libremente otorgado por contacto","","","","","","","4.0","","","OAXACA","","nle","","mx","","68940","","GRIS"," --","true","Trámite en tiempo real: Agencia Aduanal HoyMismo (REGISTRO)","bonifaciomartinez686@gmail.com","","","","1.0","1.0","2.0","","","","","2025-07-18 12:04","","","Agencia Aduanal HoyMismo (REGISTRO)","","","","C ZARAGOZA 74, LOC SAN ISIDRO ARENAL,SAN JUAN LALANA.","","","https://api-na1.hubspot.com/form-integrations/v1/uploaded-files/signed-url-redirect/192979041805?portalId=49095072&sign=W5iGhB_vUXb-4XVmjuma6SqkwIg%3D&conversionId=1b854b6d-7b21-490c-adeb-c01d47cb2c56&filename=1b854b6d-7b21-490c-adeb-c01d47cb2c56-documentos_del_cliente-PASAPORTE+CLIENTE.jfif","","gmail.com","0.0","0.0","","","","","Contacto de marketing","","","nuevo leon","Entregado","Flujo de contactos - Agencia HoyMismo","","2025-07-29 15:34","","","","2025-07-18 12:04","","","","","2025-07-18","","","2025-07-18 12:04","2025-07-20 19:56","2025-07-18 15:21","2025-07-18 12:04","","","","","2025-07-18 15:21","","","","","","","","","2025-07-18 15:22","2025-07-18 12:04","","2025-07-18 12:04","","2025-07-18 15:22","2025-07-18 12:05","","3598","https://api-na1.hubspot.com/form-integrations/v1/uploaded-files/signed-url-redirect/192990466693?portalId=49095072&sign=gFjBLcGikxEngJ-jUyHP8Gbxw70%3D&conversionId=1b854b6d-7b21-490c-adeb-c01d47cb2c56&filename=1b854b6d-7b21-490c-adeb-c01d47cb2c56-fotos-COSTADO+PASSENGER.jpeg","","Tráfico directo","Formularios","Tráfico directo","","","","","VICTORIA-NOG","","2025-07-18 12:04","","","","","","","","0.0","","","","","","","","2550.0","TOYOTA TACOMA","","","","","0.0","2018","","","","","88579ec3-c1a4-4de4-b82d-e460d38cc3cb","","Registro - HoyMismo","","0.0","1.0","","0.0","1.0","","","",""," +19496883476"," +19496883476","","4.0","","","","","mexico","","","Trámite en tiempo real: Agencia Aduanal HoyMismo (REGISTRO)","https://49095072.hs-sites.com/es-us/estatus-usho-2626","1.0","Victoria HoyMismo Nogales","","","","","","","","","","","","","","","Envío de formulario","","A3 - Regularización","","","","2025-11-26 16:34","https://agenciaaduanalhoymismo.com/tracking","","2025-07-20 19:56","2025-07-20 19:56","","https://agenciaaduanalhoymismo.com/?utm_medium=email&_hsenc=p2ANqtz--VFuYrdyGflUNg2Ie-yRMA-xBEjT7WX8L1ZNxaygN4MVyFccoUVHL48QN2Inr3G_S6BY3D-KxstmRRVVeKo3wfYh3bEUGxrN2R_QYWVQ9HDsnBUtA&_hsmi=367642293&utm_content=367642293&utm_source=hs_automation","","","","3TMCZ5AN5JM156303","UTC -05:00 América Monterrey","america_slash_monterrey","","","","","","","445244719735","","","","","","","","26689454873","","","","","","","","","","","33729253178","","","","","","","","","","","","","","","","","","","","","","","",""
"138872965911","Tereso","Ramirez Murillo","Cecy HoyMismo Agencia","","49095072.hs-sites.com/es-us/estatus-usho-2626","49095072.hs-sites.com/es-us/estatus-usho-2626","","","4600.0","","","Consentimiento libremente otorgado por contacto","","","","","","","1.0","","","TIJUANA, BAJA CALIFORNIA","tijuana","bcn","","mx","","22066","",""," --","true","Trámite en tiempo real: Agencia Aduanal HoyMismo (REGISTRO)","scobarruvias2013@yahoo.com","","","","","","2.0","","","","","2025-07-17 13:53","","","Agencia Aduanal HoyMismo (REGISTRO)","","","","2 DE ABRIL 2 INT Y HIDALGO","","","","","yahoo.com","0.0","2.0","","","","","Contacto de marketing","","","baja california","Etapa final","Flujo de contactos - Agencia HoyMismo","","2025-07-17 16:18","","","","2025-07-17 13:53","","","","","2025-05-10","","","2025-07-17 13:53","2025-07-17 13:53","","2025-07-17 13:53","","","","","","","","","","","","","","","2025-07-17 13:53","","2025-07-17 13:53","","","2025-07-17 13:53","","1505","https://api-na1.hubspot.com/form-integrations/v1/uploaded-files/signed-url-redirect/192907878998?portalId=49095072&sign=mpLyEIycoeMxc0cQh7i5OvMWD6A%3D&conversionId=c469af24-c8ca-4de2-bc79-0d0e8b026634&filename=c469af24-c8ca-4de2-bc79-0d0e8b026634-fotos-WhatsApp+Image+2025-07-17+at+12.47.24+PM+(1).jpeg","","Tráfico directo","Formularios","Tráfico directo","","","","","CINTHIA-TIJ","","2025-07-17 13:53","","","","","","","","0.0","","","","","","","","4640.0","FORD","","","","","0.0","E-350 1994","","","","","88579ec3-c1a4-4de4-b82d-e460d38cc3cb","","Registro - HoyMismo","","0.0","1.0","","0.0","1.0","","","",""," +16192104948"," +16192104948","","0.0","","","","","mexico","","","Trámite en tiempo real: Agencia Aduanal HoyMismo (REGISTRO)","https://49095072.hs-sites.com/es-us/estatus-usho-2626","0.0","Cynthia HoyMismo Tijuana","","","","","","","","","","","","","","","Envío de formulario","","A1 - Importación definitiva","","","","2025-07-17 16:41","https://49095072.hs-sites.com/es-us/estatus-usho-2626","","2025-07-17 13:53","2025-07-17 13:53","","","","","","1FDKE30G7RHA94977","UTC -07:00 América Tijuana","america_slash_tijuana","","","","","","","444876760903","","","","","","","","26660194330","","","","","","","","","","","33711084430","","","","","","","","","","","","","","","","","","","","","","","",""
"136827778582","Santiago","Garduza Arias","Cecy HoyMismo Agencia","","49095072.hs-sites.com/es-us/estatus-usho-2626","49095072.hs-sites.com/es-us/estatus-usho-2626","","","350.0","","","Consentimiento libremente otorgado por contacto","","","","","","","1.0","","","TABASCO","","nle","","mx","","86400","","GRIS"," --","true","Trámite en tiempo real: Agencia Aduanal HoyMismo (REGISTRO)","santiagogarduza79@gmail.com","","","","","","2.0","","","","","2025-07-11 10:38","","","Agencia Aduanal HoyMismo (REGISTRO)","","","","C SIN NOMBRE S/N, LOC POB OCUAPAN, HUIMANGUILLO, TAB.","","","https://api-na1.hubspot.com/form-integrations/v1/uploaded-files/signed-url-redirect/192530275643?portalId=49095072&sign=s6E2gErS1z6MfHsoU0avrPx8cDc%3D&conversionId=9dc4869d-ee3d-4af6-8ee3-fff7de1344bf&filename=9dc4869d-ee3d-4af6-8ee3-fff7de1344bf-documentos_del_cliente-f2d06ff9-281b-493f-b79a-742e364feb54.jpeg","","gmail.com","0.0","2.0","","","","","Contacto de marketing","","","nuevo leon","En proceso","Flujo de contactos - Agencia HoyMismo","","2025-07-17 16:18","","","","2025-07-11 10:38","","","","","2025-07-11","","","2025-07-11 10:38","2025-07-11 10:38","","2025-07-11 10:38","","","","","","","","","","","","","","","2025-07-11 10:38","","2025-07-11 10:38","","","2025-07-11 10:38","","2765","https://api-na1.hubspot.com/form-integrations/v1/uploaded-files/signed-url-redirect/192532728338?portalId=49095072&sign=T_WnbFQ4HzYLIcLJF6uKG45HwcU%3D&conversionId=9dc4869d-ee3d-4af6-8ee3-fff7de1344bf&filename=9dc4869d-ee3d-4af6-8ee3-fff7de1344bf-fotos-COSTADO.jpeg","","Tráfico directo","Formularios","Tráfico directo","","","","","VICTORIA-NOG","","2025-07-11 10:38","","","","","","","","0.0","","","","","","","","2050.0","FORD F150","","","","","0.0","2013","","","","","88579ec3-c1a4-4de4-b82d-e460d38cc3cb","","Registro - HoyMismo","","0.0","1.0","","0.0","1.0","","","",""," +19282918564"," +19282918564","","0.0","","","","","mexico","","","Trámite en tiempo real: Agencia Aduanal HoyMismo (REGISTRO)","https://49095072.hs-sites.com/es-us/estatus-usho-2626","0.0","Victoria HoyMismo Nogales","","","","","","","","","","","","","","","Envío de formulario","","A3 - Regularización","","","","2025-07-23 16:12","https://49095072.hs-sites.com/es-us/estatus-usho-2626","","2025-07-11 10:38","2025-07-11 10:38","","","","","","1FTFW1ET0DKF86114","UTC -05:00 América Monterrey","america_slash_monterrey","","","","","","","443224568085","","","","","","","","26327934388","","","","","","","","","","","33354937351","","","","","","","","","","","","","","","","","","","","","","","",""
"135176115350","JOSE GUADALUPE","LUNA MARTINEZ","Cecy HoyMismo Agencia","","49095072.hs-sites.com/es-us/estatus-usho-2626","49095072.hs-sites.com/es-us/estatus-usho-2626","","","555.0","","","Consentimiento libremente otorgado por contacto","","","","","","","2.0","","","APODACA N.L","","nle","","mx","","66635","","AZUL"," --","true","Trámite en tiempo real: Agencia Aduanal HoyMismo (REGISTRO)","jose209599@gmail.com","","","","2.0","","2.0","","","","","2025-07-05 10:41","","","Agencia Aduanal HoyMismo (REGISTRO)","","","","C PETRA ZAMBRANO #227, MUJERES ILUSTRES","","","https://api-na1.hubspot.com/form-integrations/v1/uploaded-files/signed-url-redirect/192323860742?portalId=49095072&sign=M4gtK4xXRqlaRrza7NcTKLqGJ9g%3D&conversionId=05c9844d-b640-4f38-a88e-207931a562f1&filename=05c9844d-b640-4f38-a88e-207931a562f1-documentos_del_cliente-a0861e65-e72a-432b-a69f-bd0a1481d1ad.jpg","","gmail.com","0.0","0.0","","","","","Contacto de marketing","","","nuevo leon","En proceso","Flujo de contactos - Agencia HoyMismo","","2025-07-07 17:32","","","","2025-07-05 10:41","","","","","2025-07-07","","","2025-07-07 17:31","2025-07-07 17:31","2025-07-05 10:59","2025-07-05 10:41","","","","","2025-11-02 15:00","","","","","","","","","","2025-07-05 10:41","","2025-07-05 10:41","","","2025-07-07 17:31","","1130","https://api-na1.hubspot.com/form-integrations/v1/uploaded-files/signed-url-redirect/192324104520?portalId=49095072&sign=rtM5IBcU8i1mA-ahEBWn2RExSTQ%3D&conversionId=05c9844d-b640-4f38-a88e-207931a562f1&filename=05c9844d-b640-4f38-a88e-207931a562f1-fotos-e62a1d74-319d-4b2b-8b09-4133507bb838.jpg","","Tráfico directo","Formularios","Tráfico directo","","","","","CECY-MTY","","2025-07-05 10:41","","","","","","","","0.0","","","","","","","","1.11","DODGE CARAVAN","","","","","0.0","2013","","","","","88579ec3-c1a4-4de4-b82d-e460d38cc3cb","","Registro - HoyMismo","","0.0","2.0","","0.0","1.0","","","",""," +528123466170"," +528123466170","","0.0","","","","","mexico","","","Trámite en tiempo real: Agencia Aduanal HoyMismo (REGISTRO)","https://49095072.hs-sites.com/es-us/estatus-usho-2626","0.0","Cecy HoyMismo Agencia","","","","","","","","","","","","","","","Envío de formulario","","DP - Decreto Presidencial","","","","2025-11-15 23:02","https://49095072.hs-sites.com/es-us/estatus-usho-2626","","2025-07-07 17:31","2025-07-07 17:31","","","","","","2C4RDGCG0DR634384","UTC -05:00 América Monterrey","america_slash_monterrey","","","","","","","441807504232;442150471274","","","","","","","","26031168154;26153421871","","","","","","","","","","","33109542989;33190690883","","","","","","","","","","","","","","","","","","","","","","","",""
"134678462494","Tony","TONY","","","49095072.hs-sites.com/es-us/estatus-usho-2626","49095072.hs-sites.com/es-us/estatus-usho-2626","","","300.0","","","Consentimiento libremente otorgado por contacto","","","","","","","4.0","","","CIUDAD APODACA","","nle","","mx","","66636","","ROSA"," --","true","Trámite en tiempo real: Agencia Aduanal HoyMismo (REGISTRO)","llegorepido@gmail.com","","","","","","","2.0","","","","2025-07-03 19:33","","","Agencia Aduanal HoyMismo (REGISTRO)","","","","Av Concordia 324, Prados de la Cieneguita","","","https://api-na1.hubspot.com/form-integrations/v1/uploaded-files/signed-url-redirect/192165286052?portalId=49095072&sign=0w3KJKDqZqXWfrvKJfF27sJaNmY%3D&conversionId=84c822eb-d442-4b00-bad2-bf187e58985e&filename=84c822eb-d442-4b00-bad2-bf187e58985e-documentos_del_cliente-17.jpeg","","gmail.com","0.0","2.0","","","","","Contacto de marketing","","","nuevo leon","En Revisión","Flujo de contactos - Agencia HoyMismo","","","","","","2025-07-03 19:33","","","","","2025-07-03","","","2025-07-03 19:33","2025-11-19 18:03","","2025-07-03 19:33","","","","","","","","","","","","","","","2025-07-03 19:33","","","","","","","0000000","https://api-na1.hubspot.com/form-integrations/v1/uploaded-files/signed-url-redirect/192169157285?portalId=49095072&sign=As4mMhPEnCGF_TSNXVnKkfBvQ80%3D&conversionId=84c822eb-d442-4b00-bad2-bf187e58985e&filename=84c822eb-d442-4b00-bad2-bf187e58985e-fotos-5.jpg","","Tráfico directo","Formularios","Tráfico directo","","","","","CINTHIA-TIJ","","2025-07-03 19:33","","","","","","","","0.0","","","","","","","","500.0","BMW","","","","","0.0","2013","","","Usuario desconocido","","88579ec3-c1a4-4de4-b82d-e460d38cc3cb","","Registro - HoyMismo","","0.0","1.0","","0.0","1.0","","","",""," +528115676691"," +528115676691","","6.0","","","","","mexico","","","Trámite en tiempo real: Agencia Aduanal HoyMismo (REGISTRO)","https://49095072.hs-sites.com/es-us/estatus-usho-2626","1.0","","","","","","","","","","","","","","","","Envío de formulario","","MC - Menaje de Casa","","","","2025-11-19 18:18","https://49095072.hs-sites.com/es-us/estatus-usho-2626","","2025-11-19 18:03","2025-11-19 18:03","","","","","","23541785231245897","UTC -05:00 América Monterrey","america_slash_monterrey","","","","","","","441509960816","","","","","","","","25996588804","","","","","","","","","","","33048611491","","","","","","","","","","","","","","","","","","","","","","","",""
"134347488026","Maria","Johnson (Sample Contact)","","","CONVERSATIONS","CONVERSATIONS","ConversationsEmail","ConversationsEmail","","","","","","","","","","","0.0","","","","","","","","","","",""," --","true","","emailmaria@hubspot.com","","","","","","","","","","","","","","","","","","","","","","","hubspot.com","0.0","","","","","","Contacto que no es de marketing","","","","","","","","","","","2025-07-02 22:37","","","","","","","","","2025-07-02 22:37","","","","","2025-07-02 22:37","","","","","","","","","","","","2025-07-02 22:37","","","","","","","","","","Fuentes sin conexión","Conversaciones","Fuentes sin conexión","","","","","","","","","","","","","","","0.0","","","","","","","","","","","","","","0.0","","","","","","","","","","1.0","0.0","","0.0","0.0","","","","","","","0.0","0.0","","","","","","","","","","0.0","","","","","","","","","","","","","","","","","","","","2025-07-02 22:37","","2025-07-02 23:07","","","","","","","","","","","","","","","","","","","441227275776","","","","","","","","","","","","","","","","","","","","","","","","35666215461","","","82533602870","","","","","","","","35666215461","","","","","","","",""
"134015573621","Karina","Polanco Gonzalez","Admin Agencia Aduanal HoyMismo","","hs_automation","49095072.hs-sites.com/es-us/estatus-usho-2626","367642293","","350.0","","","Consentimiento libremente otorgado por contacto","","","","","","","2.0","","","ZACATECAS","phoenix","az","","us","","99780","","BLANCO"," --","true","Trámite en tiempo real: Agencia Aduanal HoyMismo (REGISTRO)","polancokarina741@gmail.com","","","","1.0","1.0","2.0","","","","","2025-07-01 13:29","","","Agencia Aduanal HoyMismo (REGISTRO)","","","","CALLE MORELOS #14A, LOS CAMPOS","","","https://api-na1.hubspot.com/form-integrations/v1/uploaded-files/signed-url-redirect/192038904734?portalId=49095072&sign=YouiPSJNS_zu-D3q2cYehzgcoWU%3D&conversionId=0d97b698-bc0b-43c6-9ba0-1dcdaf84d431&filename=0d97b698-bc0b-43c6-9ba0-1dcdaf84d431-documentos_del_cliente-WhatsApp+Image+2025-07-01+at+1.25.56+PM.jpeg","","gmail.com","0.0","0.0","","","","","Contacto de marketing","","","arizona","En Revisión","Flujo de contactos - Agencia HoyMismo","","2025-07-02 16:43","","","","2025-07-01 13:29","","","","","2025-07-01","","","2025-07-01 13:29","2025-07-05 15:14","2025-07-01 13:29","2025-07-01 13:29","","","","","2025-07-06 09:39","","","","","","","","","2025-07-05 15:14","2025-07-01 13:29","","2025-07-01 13:29","","2025-07-06 09:39","2025-07-01 13:29","","1221","https://api-na1.hubspot.com/form-integrations/v1/uploaded-files/signed-url-redirect/192037219866?portalId=49095072&sign=y71AYzp6KofUqAsmPADdLKX6dZY%3D&conversionId=0d97b698-bc0b-43c6-9ba0-1dcdaf84d431&filename=0d97b698-bc0b-43c6-9ba0-1dcdaf84d431-fotos-WhatsApp+Image+2025-07-01+at+1.16.04+PM.jpeg","","Marketing por email","Formularios","Tráfico directo","","","","","CECY-MTY","","2025-07-01 13:29","","","","","","","","0.0","","","","","","","","1600.0","TOYOTA CAMRY","","","","","0.0","2011","","","","","88579ec3-c1a4-4de4-b82d-e460d38cc3cb","","Registro - HoyMismo","","0.0","1.0","","0.0","1.0","","","",""," +12088134629"," +12088134629","","1.0","","","","","united states","","","Trámite en tiempo real: Agencia Aduanal HoyMismo (REGISTRO)","https://49095072.hs-sites.com/es-us/estatus-usho-2626","0.0","Cecy HoyMismo Agencia","","","","","","","","","","","","","","","Envío de formulario","","A3 - Regularización","","","","2025-10-01 21:29","https://agenciaaduanalhoymismo.com/?utm_medium=email&_hsenc=p2ANqtz-_DGm9jCY_2ceZoxfJ3E2U2i265orKneUDu8wquR1hzwBHazDegGcHYZTkZcEosu7BqnH8DknkGZaxNdTdvtpcq081TpSvf7hCnVLTfzxlydWCE7CM&_hsmi=367642293&utm_content=367642293&utm_source=hs_automation","","2025-07-05 15:14","2025-07-05 15:14","","","","","","4T1BF3EK6BU771928","UTC -07:00 América Phoenix","america_slash_phoenix","","","","","","","440883262980","","","","","","","","25930054036","","","","","","","","","","","32970921610","","","","","","","","","","","","","","","","","","","","","","","",""
"133954961463","Layla De Jesus","Ramirez Bustos","Admin Agencia Aduanal HoyMismo","","49095072.hs-sites.com/es-us/estatus-usho-2626","49095072.hs-sites.com/es-us/estatus-usho-2626","","","270.0","","","Consentimiento libremente otorgado por contacto","","","","","","","1.0","","","POZA RICA DE HIDALGO, VERACRUZ","","nle","","mx","","93260","","BLANCO"," --","true","Trámite en tiempo real: Agencia Aduanal HoyMismo (REGISTRO)","reynabustos99@gmail.com","","","","2.0","","2.0","","","","","2025-07-01 12:09","","","Agencia Aduanal HoyMismo (REGISTRO)","","","","16 NORTE 110B COL. OBRERA 4 Y 6 OTE CP. 93260","","","https://api-na1.hubspot.com/form-integrations/v1/uploaded-files/signed-url-redirect/192032111948?portalId=49095072&sign=uEAzZbTuJwEqMvN6uZRaIUhvFyw%3D&conversionId=3db12d5a-c73f-42a2-8301-1f433d45d80d&filename=3db12d5a-c73f-42a2-8301-1f433d45d80d-documentos_del_cliente-dc146807-8ff6-4086-803a-47e95039e457.jpg","","gmail.com","0.0","0.0","","","","","Contacto de marketing","","","nuevo leon","En Revisión","Flujo de contactos - Agencia HoyMismo","","2025-07-01 12:16","","","","2025-07-01 12:09","","","","","2025-07-01","","","2025-07-01 12:09","2025-07-01 12:09","2025-07-01 12:12","2025-07-01 12:09","","","","","2025-07-03 14:18","","","","","","","","","","2025-07-01 12:09","","2025-07-01 12:09","","","2025-07-01 12:09","","1200","https://api-na1.hubspot.com/form-integrations/v1/uploaded-files/signed-url-redirect/192034068504?portalId=49095072&sign=yTPwQvgsevZZOBH3qT6AsjP6MOY%3D&conversionId=3db12d5a-c73f-42a2-8301-1f433d45d80d&filename=3db12d5a-c73f-42a2-8301-1f433d45d80d-fotos-4aa7d266-339c-41f8-9978-480bd396903e.jpg;https://api-na1.hubspot.com/form-integrations/v1/uploaded-files/signed-url-redirect/192034542350?portalId=49095072&sign=fKKNDMSKR9ZlbUZA-u74-MCcP4A%3D&conversionId=3db12d5a-c73f-42a2-8301-1f433d45d80d&filename=3db12d5a-c73f-42a2-8301-1f433d45d80d-fotos-f08fb97b-ef4b-4455-bcf4-1d2fa209369a.jpg","","Tráfico directo","Formularios","Tráfico directo","","","","","CECY-MTY","","2025-07-01 12:09","","","","","","","","0.0","","","","","","","","757.0","DODGE RAM","","","","","0.0","2012","","","","","88579ec3-c1a4-4de4-b82d-e460d38cc3cb","","Registro - HoyMismo","","0.0","1.0","","0.0","1.0","","","",""," +18329545451"," +18329545451","","0.0","","","","","mexico","","","Trámite en tiempo real: Agencia Aduanal HoyMismo (REGISTRO)","https://49095072.hs-sites.com/es-us/estatus-usho-2626","0.0","Cecy HoyMismo Agencia","","","","","","","","","","","","","","","Envío de formulario","","DP - Decreto Presidencial","","","","2025-10-01 20:48","https://49095072.hs-sites.com/es-us/estatus-usho-2626","","2025-07-01 12:09","2025-07-01 12:09","","","","","","1C6RD6MT1CS332628","UTC -05:00 América Monterrey","america_slash_monterrey","","","","","","","440861749535","","","","","","","","25924432666","","","","","","","","","","","32960269721","","","","","","","","","","","","","","","","","","","","","","","",""
"133201373085","Sergio","Valdez Guerrero","Admin Agencia Aduanal HoyMismo","","agenciaaduanalhoymismo.com/","49095072.hs-sites.com/es-us/estatus-usho-2626","","","1850.0","","","Consentimiento libremente otorgado por contacto","","","","","","","4.0","","","CULIACAN, SINALOA","east los angeles","ca","","us","","80280","","GRIS"," --","true","Trámite en tiempo real: Agencia Aduanal HoyMismo (REGISTRO)","svaldez1985@yahoo.com","","","","1.0","1.0","2.0","","","","","2025-06-28 18:26","","","Agencia Aduanal HoyMismo (REGISTRO)","","","","C CMTE GREGORIO SAAVEDRA 3472 COL 21 DE MARZO","","","","","yahoo.com","0.0","0.0","","","","","Contacto de marketing","","","california","Liberado para entrega","Flujo de contactos - Agencia HoyMismo","","2025-06-30 10:28","","","","2025-06-28 18:26","","","","","2025-06-28","","","2025-06-28 18:26","2025-08-22 11:05","2025-08-19 13:25","2025-06-28 18:26","","","","","2025-08-19 13:25","","","","","","","","","2025-08-19 13:25","2025-06-28 18:26","","2025-06-28 18:26","","2025-08-19 13:25","2025-06-28 18:26","","1509","https://api-na1.hubspot.com/form-integrations/v1/uploaded-files/signed-url-redirect/191933156704?portalId=49095072&sign=-JUz90diamcCHjjGYl8qjtozMlM%3D&conversionId=c594e729-0452-414e-8032-555a3481afca&filename=c594e729-0452-414e-8032-555a3481afca-fotos-RANGER+SERGIO3.jpg","","Tráfico directo","Formularios","Tráfico directo","","","","","CINTHIA-TIJ","","2025-06-28 18:26","","","","","","","","0.0","","","","","","","","1850.0","FORD","","","","","0.0","RANGER 2011","","","","","88579ec3-c1a4-4de4-b82d-e460d38cc3cb","","Registro - HoyMismo","","0.0","1.0","","0.0","1.0","","","",""," +13235040018"," +13235144141","","5.0","","","","","united states","","","Trámite en tiempo real: Agencia Aduanal HoyMismo (REGISTRO)","https://49095072.hs-sites.com/es-us/estatus-usho-2626","1.0","Cynthia HoyMismo Tijuana","","","","","","","","","","","","","","","Envío de formulario","","A3 - Regularización","","","","2025-09-16 02:13","https://agenciaaduanalhoymismo.com/","","2025-08-22 11:05","2025-08-22 11:05","","","","","","1FTKR1AD4BPA99972","UTC -07:00 América Los Ángeles","america_slash_los_angeles","","","","","","","440258545588","","","","","","","","25813303591","","","","","","","","","","","32839278104","","","","","","","","","","","","","","","","","","","","","","","",""
"132719860393","Ricardo","Aguilar Rodriguez","Cecy HoyMismo Agencia","","49095072.hs-sites.com/es-us/estatus-usho-2626","49095072.hs-sites.com/es-us/estatus-usho-2626","","","2550.0","","","Consentimiento libremente otorgado por contacto","","","","","","","1.0","","","JALISCO","","nle","","mx","","49705","","NEGRO"," --","true","Trámite en tiempo real: Agencia Aduanal HoyMismo (REGISTRO)","robertoaguila1869@yahoo.com","","","","","","","2.0","","","","2025-06-26 16:33","","","Agencia Aduanal HoyMismo (REGISTRO)","","","","C GUERRERO 7 LOC JIQUILPAN SAN GABRIEL, JAL.","","","","","yahoo.com","0.0","2.0","","","","","Contacto de marketing","","","nuevo leon","Etapa final","Flujo de contactos - Agencia HoyMismo","","2025-06-30 10:25","","","","2025-06-26 16:33","","","","","2025-06-26","","","2025-06-26 16:33","2025-06-26 16:33","","2025-06-26 16:33","","","","","","","","","","","","","","","2025-06-26 16:33","","","","","","","4017","https://api-na1.hubspot.com/form-integrations/v1/uploaded-files/signed-url-redirect/191866615830?portalId=49095072&sign=QqDZEcTRp0fFwCqCPCC5FoAw7Uk%3D&conversionId=4fcfb339-9ae6-4206-a9d2-c3705c3201dd&filename=4fcfb339-9ae6-4206-a9d2-c3705c3201dd-fotos-POLARIS+2012+RZR+RICARDO.jpeg","","Tráfico directo","Formularios","Tráfico directo","","","","","VICTORIA-NOG","","2025-06-26 16:33","","","","","","","","0.0","","","","","","","","0.0","POLARIS RANGER RZR XP","","","","","0.0","2012","","","Usuario desconocido","","88579ec3-c1a4-4de4-b82d-e460d38cc3cb","","Registro - HoyMismo","","0.0","1.0","","0.0","1.0","","","",""," +17023390545"," +17023390545","","0.0","","","","","mexico","","","Trámite en tiempo real: Agencia Aduanal HoyMismo (REGISTRO)","https://49095072.hs-sites.com/es-us/estatus-usho-2626","0.0","Victoria HoyMismo Nogales","","","","","","","","","","","","","","","Envío de formulario","","A1 - Importación definitiva","","","","2025-07-18 12:00","https://49095072.hs-sites.com/es-us/estatus-usho-2626","","2025-06-26 16:33","2025-06-26 16:33","","","","","","4XAJT87A7CB440144","UTC -05:00 América Monterrey","america_slash_monterrey","","","","","","","439852691738","","","","","","","","25766690870","","","","","","","","","","","32814505227","","","","","","","","","","","","","","","","","","","","","","","",""
"132658515258","Edgar","Moreno Lopez","Cecy HoyMismo Agencia","","49095072.hs-sites.com/es-us/estatus-usho-2626","49095072.hs-sites.com/es-us/estatus-usho-2626","","","200.0","","","Consentimiento libremente otorgado por contacto","","","","","","","47.0","","","ZACATECAS","","nle","","mx","","98087","","NEGRO"," --","false","Trámite en tiempo real: Agencia Aduanal HoyMismo (REGISTRO)","enzo7070@hotmail.com","","","","","","2.0","","","","","2025-06-26 12:59","","","Agencia Aduanal HoyMismo (REGISTRO)","","","","COL GONZALEZ ORTEGA","","","https://api-na1.hubspot.com/form-integrations/v1/uploaded-files/signed-url-redirect/191859587461?portalId=49095072&sign=WCr3YJ7b7UHdc2CtmSj2h8WQ8pk%3D&conversionId=3aecdc1e-0992-49f1-9968-ba65de16d9d5&filename=3aecdc1e-0992-49f1-9968-ba65de16d9d5-documentos_del_cliente-fb3e9fe5-44a8-4a78-b023-e3f947bf4d74.jpeg","","hotmail.com","0.0","2.0","","","","","Contacto de marketing","","","nuevo leon","Entregado","Flujo de contactos - Agencia HoyMismo","","2025-06-26 13:02","","","","2025-06-26 13:01","","","","","2025-06-26","","","2025-06-26 12:59","2025-10-30 14:34","","2025-06-26 12:59","","","","","","","","","","","","","","","2025-06-26 12:41","","2025-06-26 13:01","","","2025-06-26 13:01","","2053","https://api-na1.hubspot.com/form-integrations/v1/uploaded-files/signed-url-redirect/191860404921?portalId=49095072&sign=7_U3HcTIaJ-LL278sHzpYKys6A8%3D&conversionId=3aecdc1e-0992-49f1-9968-ba65de16d9d5&filename=3aecdc1e-0992-49f1-9968-ba65de16d9d5-fotos-bc061cb7-020d-492a-bd2b-42da87f732f0.jpeg","","Tráfico directo","Formularios","Tráfico directo","","","","","VICTORIA-NOG","","2025-06-26 12:41","","","","","","","","0.0","","","","","","","","3500.0","CHEVROLET SILVERADO","","","","","0.0","2015","","","","","88579ec3-c1a4-4de4-b82d-e460d38cc3cb","","Registro - HoyMismo","","1.0","1.0","","0.0","1.0","","","",""," +524921137303"," +524921137303","","60.0","","","","","mexico","","","Trámite en tiempo real: Agencia Aduanal HoyMismo (REGISTRO)","https://49095072.hs-sites.com/es-us/estatus-usho-2626","1.0","Victoria HoyMismo Nogales","","","","","","","","","","","","","","","Envío de formulario","","A1 - Importación definitiva","","2025-07-01 09:00","","2025-10-30 14:50","https://49095072.hs-sites.com/es-us/estatus-usho-2626","","2025-10-30 14:34","2025-10-30 14:34","","","","","","1GCRCREC6FZ303813","UTC -05:00 América Monterrey","america_slash_monterrey","","","","","","","439789846457","","","","","","","","25770224019","","82164362771","","","","","","","","","32807844873","","","","","","","","","","","","","","","","","","","","","","","",""
"132639988312","Jose Arnoldo","Gaviño Plazola","Cecy HoyMismo Agencia","","49095072.hs-sites.com/es-us/estatus-usho-2626","49095072.hs-sites.com/es-us/estatus-usho-2626","","","600.0","","","Consentimiento libremente otorgado por contacto","","","","","","","17.0","","","TIJUANA, BAJA CALIFORNIA","tijuana","bcn","","mx","","22190","","GRIS"," --","true","Trámite en tiempo real: Agencia Aduanal HoyMismo (REGISTRO)","josearnoldo1340@gmail.com","","","","2.0","2.0","2.0","","","","","2025-06-26 10:31","","","Agencia Aduanal HoyMismo (REGISTRO)","","","","RIO ALAMAR 8412 A DEL CARMEN FELIPA VELAZQUEZ AMPLIA.","","","","","gmail.com","0.0","0.0","","","","","Contacto de marketing","","","baja california","Entregado","Flujo de contactos - Agencia HoyMismo","","2025-06-26 10:36","","","","2025-06-26 10:32","","","","","2025-06-23","","","2025-06-26 10:31","2025-11-15 19:23","2025-06-27 05:43","2025-06-26 10:31","","","","","2025-06-27 05:44","","","","","","","","","2025-06-27 05:43","2025-06-26 10:13","","2025-06-26 10:32","","2025-06-27 05:44","2025-06-26 10:32","","1508","https://api-na1.hubspot.com/form-integrations/v1/uploaded-files/signed-url-redirect/191854793492?portalId=49095072&sign=WweJs9A_Cg85kk-apV-7MZjS3Vs%3D&conversionId=4c4ffbc0-d927-4c5a-a089-3f958b1d1aa2&filename=4c4ffbc0-d927-4c5a-a089-3f958b1d1aa2-fotos-WhatsApp+Image+2025-06-26+at+9.22.54+AM+(1).jpeg","","Tráfico directo","Formularios","Tráfico directo","","","","","CINTHIA-TIJ","","2025-06-26 10:13","","","","","","","","0.0","","","","","","","","1250.0","JEEP","","","","","0.0","GRAND CHEROKEE","","","","","88579ec3-c1a4-4de4-b82d-e460d38cc3cb","","Registro - HoyMismo","","0.0","1.0","","0.0","1.0","","","",""," +15417459007"," +15417459007","","15.0","","","","","mexico","","","Trámite en tiempo real: Agencia Aduanal HoyMismo (REGISTRO)","https://49095072.hs-sites.com/es-us/estatus-usho-2626","0.0","Cynthia HoyMismo Tijuana","","","","","","","","","","","","","","","Envío de formulario","","A3 - Regularización","","","","2025-11-15 19:37","https://49095072.hs-sites.com/es-us/estatus-usho-2626","","2025-11-15 19:23","2025-11-15 11:29","","","","","","1C4RJFCG2DC594031","UTC -07:00 América Tijuana","america_slash_tijuana","","","","","","","439760623408","","","","","","","","25764048227","","","","","","","","","","","32794077980","","","","","","","","","","","","","","","","","","","","","","","",""
"132186571628","David Alejandro","Camacho Lopez","Admin Agencia Aduanal HoyMismo","","49095072.hs-sites.com/es-us/estatus-usho-2626","49095072.hs-sites.com/es-us/estatus-usho-2626","","","350.0","","","Consentimiento libremente otorgado por contacto","","","","","","","21.0","","","ANGOSTURA, SIN.","general zuazua","nle","","mx","","81666","","NEGRO"," --","true","Trámite en tiempo real: Agencia Aduanal HoyMismo (REGISTRO)","smanuelyoshimar@gmail.com","","","","2.0","","2.0","","","","","2025-06-24 16:32","","","Agencia Aduanal HoyMismo (REGISTRO)","","","","C SIN NOMBRE P 05, LOC COSTA AZUL","","","https://api-na1.hubspot.com/form-integrations/v1/uploaded-files/signed-url-redirect/195901140803?portalId=49095072&sign=tskU4YkC1_n1udBe-kN5NhVEvtQ%3D&conversionId=7cad52cb-4244-45ac-9adf-e2522d259204&filename=7cad52cb-4244-45ac-9adf-e2522d259204-documentos_del_cliente-WhatsApp+Image+2025-09-10+at+7.22.34+PM.jpeg","","gmail.com","0.0","0.0","","","","","Contacto de marketing","","","nuevo leon","En Revisión","Flujo de contactos - Agencia HoyMismo","","2025-06-26 09:43","","","","2025-06-24 16:33","","","","","2025-09-11","","","2025-09-11 17:35","2026-01-17 10:13","2025-06-24 20:38","2025-06-24 16:32","","","","","2025-10-12 17:47","2025-09-11 17:35","","","","","","","","","2025-06-24 15:55","","2025-06-24 16:33","","","2025-09-11 17:35","","4795","https://api-na1.hubspot.com/form-integrations/v1/uploaded-files/signed-url-redirect/195895855877?portalId=49095072&sign=WQFSZensM-mn0heH4r_BOJ19xT8%3D&conversionId=7cad52cb-4244-45ac-9adf-e2522d259204&filename=7cad52cb-4244-45ac-9adf-e2522d259204-fotos-WhatsApp+Image+2025-09-10+at+7.20.18+PM.jpeg","","Tráfico directo","Formularios","Tráfico directo","","","","","VICTORIA-NOG","","2025-06-24 15:55","","","","","","","","0.0","","","","","","","","1550.0","CHEVROLET SILVERADO","","","","","0.0","2003","","","","","88579ec3-c1a4-4de4-b82d-e460d38cc3cb","","Registro - HoyMismo","","0.0","2.0","","0.0","1.0","","","",""," +13858957431"," +13858957431","","22.0","","","","","mexico","","","Trámite en tiempo real: Agencia Aduanal HoyMismo (REGISTRO)","https://49095072.hs-sites.com/es-us/estatus-usho-2626","1.0","Victoria HoyMismo Nogales","","","","","","","","","","","","","","","Envío de formulario","","A3 - Regularización","","","","2026-01-17 10:29","https://49095072.hs-sites.com/es-us/estatus-usho-2626","","2026-01-17 10:13","2026-01-17 10:13","","","","","","2GCEC19T331401082","UTC -05:00 América Monterrey","america_slash_monterrey","","","","","","","439346388635;460335377297","","","","","","","","25687531148;29613295988","","","","","","","","","","","32759902889;36646672640","","","","","","","","","","","","","","","","","","","","","","","",""
"132159354278","Mario Alberto","Rodriguez Sandoval","Admin Agencia Aduanal HoyMismo","","CRM_UI","CRM_UI","Cecy HoyMismo Agencia","Cecy HoyMismo Agencia","350.0","","","","","","","","","","0.0","","","ZACATECAS","","","","","","99980","","NEGRO"," --","true","","marbertosa@gmail.com","","","","","","","","","","Cecy HoyMismo Agencia","","","","","","","","C ZARAGOZA 350 COL CENTRO,MOYAHUA DE ESTRADA","","","","","gmail.com","0.0","","","","","","Contacto de marketing","","","","Entregado","","","2025-06-24 14:33","","","","2025-06-24 14:33","","","","","2025-06-13","","","","2025-06-24 14:33","","","","","","","","","","","","","","","","","2025-06-24 14:33","","","","","","","2098","191779439456","","Fuentes sin conexión","Interfaz de usuario del CRM","Fuentes sin conexión","","","","","VICTORIA-NOG","","","","","","","","","","0.0","","","","","","","","1950.0","HONDA PILOT","","","","","0.0","2012","","","","","78498543","","","","0.0","0.0","","0.0","0.0","","","",""," +115104729256","","","0.0","","Victoria HoyMismo Nogales","","","","","","","","0.0","Victoria HoyMismo Nogales","","","","","","","","","","","","","","","Establecido por usuario","","A3 - Regularización","","","","2025-07-03 04:31","","","","","","","","","","5FNYF4H99CB061901","","","","","","","","","","","","","","","","","","","","","","","","","","","","","","","","","","","","","","","","","","","","","","","","","","","",""
"130986479363","Roberto","Martinez Suarez","Admin Agencia Aduanal HoyMismo","","CRM_UI","CRM_UI","Cecy HoyMismo Agencia","Cecy HoyMismo Agencia","350.0","","","","","","","","","","0.0","","","CULIACAN, SINALOA","","","","","","80194","","BLANCO"," --","true","","rm501394@gmail.com","","","","","","","","","","Cecy HoyMismo Agencia","","","","","","","","MISION DE LA PURISIMA #2512, FRACC CAPISTRANO","","","","","gmail.com","0.0","","","","","","Contacto que no es de marketing","","","","Entregado","","","2025-06-24 14:03","","","","2025-06-20 16:59","","","","","2025-06-19","","","","2025-06-20 16:59","","","","","","","","","","","","","","","","","2025-06-20 16:59","","","","","","","2153","191614309651","","Fuentes sin conexión","Interfaz de usuario del CRM","Fuentes sin conexión","","","","","VICTORIA-NOG","","","","","","","","","","0.0","","","","","","","","1950.0","FORD EXPLORER","","","","","0.0","2012","","","","","","","","","0.0","0.0","","0.0","0.0","","","",""," +14357247328","","","0.0","","Cecy HoyMismo Agencia","","","","","","","","0.0","Victoria HoyMismo Nogales","","","","","","","","","","","","","","","","","A3 - Regularización","","","","2025-07-03 04:31","","","","","","","","","","1FMHK8D89CGA66310","","","","","","","","","","","","","","","","","","","","","","","","","","","","","","","","","","","","","","","","","","","","","","","","","","","",""
"130729953057","Tony","Rodriguez","Admin Agencia Aduanal HoyMismo","","agenciaaduanalhoymismo.com/","49095072.hs-sites.com/es-us/estatus-usho-2626","","","1500.0","","","Consentimiento libremente otorgado por contacto","","","","","","","44.0","","","San Nicolás de los Garza","","nle","","mx","","66440","","NEGRO"," --","true","Trámite en tiempo real: Agencia Aduanal HoyMismo (REGISTRO)","admin@agenciaaduanalhoymismo.com","","","","2.0","2.0","2.0","","","","","2025-06-19 14:56","","","Agencia Aduanal HoyMismo (REGISTRO)","","","","Av. Anillo eléctrico 207","","","https://api-na1.hubspot.com/form-integrations/v1/uploaded-files/signed-url-redirect/191575191628?portalId=49095072&sign=1avKoKVNMz-uUu8UeEMa_UoAqhM%3D&conversionId=87cf6dff-927b-4dc1-883f-d13a5c6670c4&filename=87cf6dff-927b-4dc1-883f-d13a5c6670c4-documentos_del_cliente-d4.jpg;https://api-na1.hubspot.com/form-integrations/v1/uploaded-files/signed-url-redirect/191575264094?portalId=49095072&sign=jGMVT8lSpm5GXOFPkZ06QpF-OnQ%3D&conversionId=87cf6dff-927b-4dc1-883f-d13a5c6670c4&filename=87cf6dff-927b-4dc1-883f-d13a5c6670c4-documentos_del_cliente-d5.jpg;https://api-na1.hubspot.com/form-integrations/v1/uploaded-files/signed-url-redirect/191572373089?portalId=49095072&sign=a2MZM3A4UR0Ifuu5sxjDM2ivTjg%3D&conversionId=87cf6dff-927b-4dc1-883f-d13a5c6670c4&filename=87cf6dff-927b-4dc1-883f-d13a5c6670c4-documentos_del_cliente-d6.jpg;https://api-na1.hubspot.com/form-integrations/v1/uploaded-files/signed-url-redirect/191572616564?portalId=49095072&sign=YCWmQ712fb78vzeVWAAaNexa6iY%3D&conversionId=87cf6dff-927b-4dc1-883f-d13a5c6670c4&filename=87cf6dff-927b-4dc1-883f-d13a5c6670c4-documentos_del_cliente-d8.jpg;https://api-na1.hubspot.com/form-integrations/v1/uploaded-files/signed-url-redirect/191574926917?portalId=49095072&sign=_MBs1iHqjkg6abZlbx4aSCJRw3o%3D&conversionId=87cf6dff-927b-4dc1-883f-d13a5c6670c4&filename=87cf6dff-927b-4dc1-883f-d13a5c6670c4-documentos_del_cliente-d9.jpg","","agenciaaduanalhoymismo.com","0.0","0.0","","","","","Contacto de marketing","","","nuevo leon","Liberado para entrega","Flujo de contactos - Agencia HoyMismo","","2025-06-19 18:46","","","","2025-06-19 14:56","","","","","2025-05-15","","","2025-06-19 15:36","2025-12-16 18:51","2025-06-19 14:58","2025-06-19 14:56","","","","","2025-06-19 15:37","","","","","","","","","2025-06-19 14:58","2025-06-19 13:37","","2025-06-19 14:56","","2025-06-19 15:37","2025-06-19 15:36","","XXXXXX","https://api-na1.hubspot.com/form-integrations/v1/uploaded-files/signed-url-redirect/191572470050?portalId=49095072&sign=mJt3hIzJM_N1NS-3hFzgODM8CTw%3D&conversionId=87cf6dff-927b-4dc1-883f-d13a5c6670c4&filename=87cf6dff-927b-4dc1-883f-d13a5c6670c4-fotos-2634+1+.jpg;https://api-na1.hubspot.com/form-integrations/v1/uploaded-files/signed-url-redirect/191575152981?portalId=49095072&sign=t_-oJj1JdyQC9R8yD5oXmvCy9lg%3D&conversionId=87cf6dff-927b-4dc1-883f-d13a5c6670c4&filename=87cf6dff-927b-4dc1-883f-d13a5c6670c4-fotos-2634+2.jpg","","Tráfico directo","Formularios","Tráfico directo","","","","","CECY-MTY","","2025-06-19 13:37","","","","","","","","0.0","","","","","","","","2000.0","TOYOTA","","","","","0.0","2016","","","","","88579ec3-c1a4-4de4-b82d-e460d38cc3cb","","Registro - HoyMismo","","0.0","3.0","","0.0","1.0","","","",""," +528124152567"," +528114202112","","107.0","","","","","mexico","","","Trámite en tiempo real: Agencia Aduanal HoyMismo (REGISTRO)","https://49095072.hs-sites.com/es-us/estatus-usho-2626","2.0","Cecy HoyMismo Agencia","","","","","","","","","","","","","","","Envío de formulario","","MC - Menaje de Casa","","","","2025-12-16 19:06","https://agenciaaduanalhoymismo.com/","","2025-12-16 18:51","2025-12-16 18:51","","https://agenciaaduanalhoymismo.com/","","","","12456879654123589","UTC -05:00 América Monterrey","america_slash_monterrey","","","","","","","438320085407;438326267470;438338283292","","","","","","","","25565864353;25567722106;25573629250","","","","","","","","","","","32590932277;32598863125;32598866608","","","","","35247845249","","","","","","","","","","","35247845249","","","","","","","",""
"130723299151","Maria Aurea","Guevara Cinco","Admin Agencia Aduanal HoyMismo","","t8a00.share.hsforms.com/2ifeew8gktes4lerg04zdyw","t8a00.share.hsforms.com/2ifeew8gktes4lerg04zdyw","","","1000.0","","","Consentimiento libremente otorgado por contacto","","","","","","","1.0","","","LAS VEGAS NV","general zuazua","nle","","mx","","89110","",""," --","true","Agencia Aduanal HoyMismo (REGISTRO)","maurea20@gmail.com","","","","","","","","","","","2025-06-19 14:24","","","Agencia Aduanal HoyMismo (REGISTRO)","","","","5772 CINNABAR AV","","","","","gmail.com","0.0","","","","","","Contacto de marketing","","","nuevo leon","En Revisión","Flujo de contactos - Agencia HoyMismo","","2025-06-19 18:46","","","","2025-06-19 14:24","","","","","2025-06-11","","","2025-06-19 14:24","2025-06-19 14:24","","2025-06-19 14:24","","","","","","","","","","","","","","","2025-06-19 14:24","","","","","","","1120","","","Tráfico directo","Formularios","Tráfico directo","","","","","CECY-MTY","","2025-06-19 14:24","","","","","","","","0.0","","","","","","","","8000.0","","","","","","0.0","","","","","","88579ec3-c1a4-4de4-b82d-e460d38cc3cb","","","","0.0","1.0","","0.0","1.0","","","",""," +17027423683"," +17027423683","","0.0","","","","","mexico","","","Agencia Aduanal HoyMismo (REGISTRO)","https://t8a00.share.hsforms.com/2iFeew8GkTeS4LeRg04zDyw","0.0","Cecy HoyMismo Agencia","","","","","","","","","","","","","","","Envío de formulario","","MC - Menaje de Casa","","","","2025-07-03 04:32","https://t8a00.share.hsforms.com/2iFeew8GkTeS4LeRg04zDyw","","2025-06-19 14:24","2025-06-19 14:24","","","","","","00000000000000000","UTC -05:00 América Monterrey","america_slash_monterrey","","","","","","","438326797949","","","","","","","","25565862726","","","","","","","","","","","32597544236","","","","","","","","","","","","","","","","","","","","","","","",""
"130515004675","Cecilia","Gonzalez","Admin Agencia Aduanal HoyMismo","","49095072.hs-sites.com/es-us/estatus-usho-2626","t8a00.share.hsforms.com/2ifeew8gktes4lerg04zdyw","","","350.0","","","Consentimiento libremente otorgado por contacto","","","","","","","7.0","","","APODACA","","nle","","mx","","66608","","AZUL"," --","true","Trámite en tiempo real: Agencia Aduanal HoyMismo (REGISTRO)","cecy.930302@gmail.com","","","","1.0","1.0","2.0","","","","","2025-06-18 16:10","","","Agencia Aduanal HoyMismo (REGISTRO)","","","","SANTA ROSA","","","https://api-na1.hubspot.com/form-integrations/v1/uploaded-files/signed-url-redirect/191538329965?portalId=49095072&sign=FvSOEpWgXJYnchGaiteCVZlVViE%3D&conversionId=ad697f93-36a2-41a9-87aa-c0e8cd789ace&filename=ad697f93-36a2-41a9-87aa-c0e8cd789ace-documentos_del_cliente-52f1bbd9-42cc-4188-a9b7-9993a2b3915c.jpg","","gmail.com","0.0","0.0","","","","","Contacto de marketing","","","nuevo leon","En proceso","Flujo de contactos - Agencia HoyMismo","","2025-06-19 18:46","","","","2025-06-18 16:10","","","","","2025-11-01","","","2025-11-04 13:36","2025-11-04 13:36","2025-10-21 17:56","2025-06-18 16:10","","","","","2025-11-04 13:36","2025-11-04 13:36","","","","","","","","2025-10-21 17:57","2025-06-18 16:06","","2025-10-21 17:56","","2025-10-21 17:57","2025-11-04 13:36","","5000","https://api-na1.hubspot.com/form-integrations/v1/uploaded-files/signed-url-redirect/197961377289?portalId=49095072&sign=rN85iyhBVgHPZ5V7A-c6CtILWY0%3D&conversionId=1defd8f1-5cfe-4479-95be-141fdc55597e&filename=1defd8f1-5cfe-4479-95be-141fdc55597e-fotos-WhatsApp+Image+2025-10-02+at+7.07.44+PM+(1).jpeg","","Tráfico directo","Formularios","Tráfico directo","","","","","CECY-MTY","","2025-06-18 16:06","","","","","","","","0.0","","","","","","","","6500.0","DODGE CARAVAN","","","","","0.0","2013","","","","","88579ec3-c1a4-4de4-b82d-e460d38cc3cb","","Registro - HoyMismo","","0.0","3.0","","0.0","1.0","","","",""," +528131287530"," +528131287530","","7.0","","","","","mexico","","","Agencia Aduanal HoyMismo (REGISTRO)","https://t8a00.share.hsforms.com/2iFeew8GkTeS4LeRg04zDyw","1.0","Cecy HoyMismo Agencia","","","","","","","","","","","","","","","Envío de formulario","","A1 - Importación definitiva","","","","2025-11-15 20:50","https://49095072.hs-sites.com/es-us/estatus-usho-2626","","2025-11-04 13:36","2025-11-04 13:36","","","","","","2523255MKJFRTYJIL","UTC -05:00 América Monterrey","america_slash_monterrey","","","","","","","481321921713;495081062232","","","","","","","","32583908166;34046109855","","","","","","","","","","","32567304622;39484363046;40850160228","","","","","","","","","","","","","","","","","","","","","","","",""
"130449959857","Santiago","Quezada","Admin Agencia Aduanal HoyMismo","","CRM_UI","CRM_UI","Cecy HoyMismo Agencia","Cecy HoyMismo Agencia","1850.0","","","","","","","","","","0.0","","","ZACATECAS","","","","","","99670","","PLATA"," --","true","","diana.quezada503@gmail.com","","","","","","","","","","Cecy HoyMismo Agencia","","","","","","","","GALEANA, CUXPALA 42","","","","","gmail.com","0.0","","","","","","Contacto que no es de marketing","","","","En proceso","","","2025-06-18 15:04","","","","2025-06-18 15:04","","","","","2025-06-18","","","","2025-06-18 15:04","","","","","","","","","","","","","","","","","2025-06-18 15:04","","","","","","","825","191533871172","","Fuentes sin conexión","Interfaz de usuario del CRM","Fuentes sin conexión","","","","","CECY-MTY","","","","","","","","","","0.0","","","","","","","","1850.0","TOYOTA TACOMA","","","","","0.0","2004","","","","","","","","","0.0","0.0","","0.0","0.0","","","",""," +18052685292","","","0.0","","","","","","","","","","0.0","Cecy HoyMismo Agencia","","","","","","","","","","","","","","","","","A3 - Regularización","","","","2025-07-03 04:32","","","","","","","","","","5TEGN92N94Z462298","","","","","","","","","","","","","","","","","","","","","","","","","","","","","","","","","","","","","","","","","","","","","","","","","","","",""
"130449959044","HoyMismo","Paquetería","Admin Agencia Aduanal HoyMismo","","CRM_UI","CRM_UI","Admin Agencia Aduanal HoyMismo","Admin Agencia Aduanal HoyMismo","500.0","","","","","","","","","","0.0","","","Apodaca","","","","","","66636","","NEGRO"," --","false","","admin@hoymismopaqueteria.com","","","","","","","","","","Admin Agencia Aduanal HoyMismo","","","","","","","","Av Concordia 324","","","191537115194;191537130606;191537130601;191535464732;191533871030;191537123959","","hoymismopaqueteria.com","0.0","","","","","","Contacto de marketing","","","","En proceso","","","2025-06-18 15:01","","","","2025-06-18 15:01","","","","","2025-06-06","","","","2025-06-18 15:01","","","","","","","","","","","","","","","","","2025-06-18 15:01","","","","","","","123456","191535807548;191535464556","","Fuentes sin conexión","Interfaz de usuario del CRM","Fuentes sin conexión","","","","","CINTHIA-TIJ","","","","","","","","","","0.0","","","","","","","","1500.0","DOGE","","","","","0.0","2013","","","","","75376555","","","","2.0","0.0","","0.0","0.0","","","",""," +528114202112"," +528114202112","","0.0","","Cynthia HoyMismo Tijuana","","","","","","","","0.0","Cynthia HoyMismo Tijuana","","","","","","","","","","","","","","","Establecido por usuario","","A3 - Regularización","","2025-07-02 08:00","","2025-07-03 04:31","","","","","","","","","","12354698745612354","","","","","","","","","","","","","","","","","","","82103879071","","","","","","","","","","","","","","35214079135","","","","","","","","","","","35214079135","","","","","82104038960","","",""
"130131741876","Esteban","Rodriguez Vazquez","Admin Agencia Aduanal HoyMismo","","CRM_UI","CRM_UI","Cecy HoyMismo Agencia","Cecy HoyMismo Agencia","350.0","","","","","","","","","","0.0","","","","","","","","","","","NEGRO"," --","true","","ceciliahernandez8438@gmail.com","","","","","","","","","","Cecy HoyMismo Agencia","","","","","","","","","","","","","gmail.com","0.0","","","","","","Contacto que no es de marketing","","","","Liberado para entrega","","","2025-06-17 13:20","","","","2025-06-17 13:20","","","","","","","","","2025-06-17 13:20","","","","","","","","","","","","","","","","","2025-06-17 13:20","","","","","","","1120","","","Fuentes sin conexión","Interfaz de usuario del CRM","Fuentes sin conexión","","","","","CECY-MTY","","","","","","","","","","0.0","","","","","","","","","FORD EXPLORER","","","","","0.0","2015","","","","","","","","","0.0","0.0","","0.0","0.0","","","",""," +523481243040","","","0.0","","","","","","","","","","0.0","Cecy HoyMismo Agencia","","","","","","","","","","","","","","","","","A3 - Regularización","","","","2025-07-03 04:32","","","","","","","","","","1FM5K8D85FGC38940","","","","","","","","","","","","","","","","","","","","","","","","","","","","","","","","","","","","","","","","","","","","","","","","","","","",""
"129288294726","Abel","Alejandro Lucas","Admin Agencia Aduanal HoyMismo","","CRM_UI","CRM_UI","Cecy HoyMismo Agencia","Cecy HoyMismo Agencia","6700.0","","","","","","","","","","0.0","","","","","","","","","","","ROJO"," --","true","","alejandrolucas2789@gmail.com","","","","","","","","","","Cecy HoyMismo Agencia","","","","","","","","","","","","","gmail.com","0.0","","","","","","Contacto que no es de marketing","","","","Etapa final","","","2025-06-14 12:56","","","","2025-06-14 12:56","","","","","","","","","2025-06-14 12:56","","","","","","","","","","","","","","","","","2025-06-14 12:56","","","","","","","1117","","","Fuentes sin conexión","Interfaz de usuario del CRM","Fuentes sin conexión","","","","","CECY-MTY","","","","","","","","","","0.0","","","","","","","","","CHEVROLET COLORADO","","","","","0.0","2007","","","","","","","","","0.0","0.0","","0.0","0.0","","","",""," +17252243346","","","0.0","","","","","","","","","","0.0","Cecy HoyMismo Agencia","","","","","","","","","","","","","","","","","A3 - Regularización","","","","2025-07-03 04:32","","","","","","","","","","1GCCS139478146890","","","","","","","","","","","","","","","","","","","","","","","","","","","","","","","","","","","","","","","","","","","","","","","","","","","",""
"128978420899","Yeshua","Estrada Guijairo","Admin Agencia Aduanal HoyMismo","","CRM_UI","CRM_UI","Cecy HoyMismo Agencia","Cecy HoyMismo Agencia","350.0","","","","","","","","","","0.0","","","","","","","","","","","BLANCO"," --","true","","yeshua.estrada.g@gmail.com","","","","","","","","","","Cecy HoyMismo Agencia","","","","","","","","","","","","","gmail.com","0.0","","","","","","Contacto que no es de marketing","","","","Etapa final","","","2025-06-12 09:36","","","","2025-06-12 09:36","","","","","","","","","2025-06-12 09:36","","","","","","","","","","","","","","","","","2025-06-12 09:36","","","","","","","1113","","","Fuentes sin conexión","Interfaz de usuario del CRM","Fuentes sin conexión","","","","","CECY-MTY","","","","","","","","","","0.0","","","","","","","","","FORD F150","","","","","0.0","2015","","","","","","","","","0.0","0.0","","0.0","0.0","","","",""," +12136269345","","","0.0","","","","","","","","","","0.0","Cecy HoyMismo Agencia","","","","","","","","","","","","","","","","","A3 - Regularización","","","","2025-07-03 04:32","","","","","","","","","","1FTFW1EG3FKE61923","","","","","","","","","","","","","","","","","","","","","","","","","","","","","","","","","","","","","","","","","","","","","","","","","","","",""
"128983448200","Daniel","Villa","Cecy HoyMismo Agencia","","CRM_UI","CRM_UI","Cecy HoyMismo Agencia","Cecy HoyMismo Agencia","2.4","","","","","","","","","","0.0","","","","","","","","","","","ROJO"," --","true","","danyvs1991@gmail.com","","","","","","","","","","Cecy HoyMismo Agencia","","","","","","","","","","","","","gmail.com","0.0","","","","","","Contacto que no es de marketing","","","","Liberado para entrega","","","2025-06-12 09:13","","","","2025-06-12 09:13","","","","11/06/25","","","","","2025-06-12 09:13","","","","","","","","","","","","","","","","","2025-06-12 09:13","","","","","","","814","","","Fuentes sin conexión","Interfaz de usuario del CRM","Fuentes sin conexión","","","","","CECY-MTY","","","","","","","","","","0.0","","","","","","","","","CHEVROLET COLORADO","","","","","0.0","2018","","","","","","","","","0.0","0.0","","0.0","0.0","","","",""," +525542603136","","","0.0","","","","","","","","","","0.0","Cecy HoyMismo Agencia","","","","","","","","","","","","","","","","","A3 - Regularización","","","","2025-08-14 13:14","","","","","","","","","","1GCGSBEN4J1256825","","","","","","","","","","","","","","","","","","","","","","","","","","","","","","","","","","","","","","","","","","","","","","","","","","","",""
"119902089852","Saulo","Garcia Cabañas","Admin Agencia Aduanal HoyMismo","","CRM_UI","CRM_UI","Cecy HoyMismo Agencia","Cecy HoyMismo Agencia","","","","","","","","","","","0.0","","","","","","","","","","","plata"," --","true","","saulogarcia4@gmail.com","","","","","","","","","","Cecy HoyMismo Agencia","","","","","","","","","","","","","gmail.com","0.0","","","","","","Contacto de marketing","","","","Etapa final","","","2025-05-31 14:34","","","","2025-05-07 09:33","","","","","","","","","2025-05-07 09:33","","","","","","","","","","","","","","","","","2025-05-07 09:33","","","","","","","638","","","Fuentes sin conexión","Interfaz de usuario del CRM","Fuentes sin conexión","","","","","CECY-MTY","","","","","","","","","","0.0","","","","","","","","","GMC ACADIA","","","","","0.0","2012","","","","","78498543","","","","0.0","0.0","","0.0","0.0","","","",""," +15633802089","","","0.0","","","","","","","","","","0.0","Cecy HoyMismo Agencia","","","","","","","","","","","","","","","Establecido por usuario","","A3 - Regularización","","","","2025-07-03 04:32","","","","","","","","","","1GKKRRED8CJ397278","","","","","","","","","","","","","","","","","","","","","","","","","","","","","","","","","","","","","","","","","","","","","","","","","","","",""
"117822012970","Adan","Montoya Ruiz","Cecy HoyMismo Agencia","","CRM_UI","CRM_UI","Cecy HoyMismo Agencia","Cecy HoyMismo Agencia","","","","","","","","","","","0.0","","","","","","","","","","","BLANCO"," --","true","","montoyaruizadan@gmail.com","","","","","","","","","","Cecy HoyMismo Agencia","","","","","","","","","","","","","gmail.com","0.0","","","","","","Contacto que no es de marketing","","","","Etapa final","","","2025-04-28 18:01","","","","2025-04-28 18:01","","","","","","","","","2025-04-28 18:01","","","","","","","","","","","","","","","","","2025-04-28 18:01","","","","","","","635","","","Fuentes sin conexión","Interfaz de usuario del CRM","Fuentes sin conexión","","","","","","","","","","","","","","","0.0","","","","","","","","","CHEVROLET SILVERADO 1500","","","","","0.0","2014","","","","","","","","","0.0","0.0","","0.0","0.0","","","",""," +526417514893","","","0.0","","","","","","","","","","0.0","Cecy HoyMismo Agencia","","","","","","","","","","","","","","","","","A3 - Regularización","","","","2025-06-12 10:24","","","","","","","","","","3GCPCREH2EG240159","","","","","","","","","","","","","","","","","","","","","","","","","","","","","","","","","","","","","","","","","","","","","","","","","","","",""
"117822012425","Esli","Vazquez Ruiz","Admin Agencia Aduanal HoyMismo","","CRM_UI","CRM_UI","Cecy HoyMismo Agencia","Cecy HoyMismo Agencia","","","","","","","","","","","0.0","","","","","","","","","","","PLATA"," --","true","","gen2012vop@gmail.com","","","","","","","","","","Cecy HoyMismo Agencia","","","","","","","","","","","","","gmail.com","0.0","","","","","","Contacto que no es de marketing","","","","Etapa final","","","2025-05-31 14:34","","","","2025-04-28 17:57","","","","","","","","","2025-04-28 17:57","","","","","","","","","","","","","","","","","2025-04-28 17:57","","","","","","","777","","","Fuentes sin conexión","Interfaz de usuario del CRM","Fuentes sin conexión","","","","","","","","","","","","","","","0.0","","","","","","","","","TOYOTA TACOMA","","","","","0.0","2005","","","","","","","","","0.0","0.0","","0.0","0.0","","","",""," +529513573842","","","0.0","","","","","","","","","","0.0","Cecy HoyMismo Agencia","","","","","","","","","","","","","","","","","A3 - Regularización","","","","2025-06-15 19:15","","","","","","","","","","5TEUU42N95Z058735","","","","","","","","","","","","","","","","","","","","","","","","","","","","","","","","","","","","","","","","","","","","","","","","","","","",""
"117740307209","Yonny","Zermeño Ibarra","Admin Agencia Aduanal HoyMismo","","CRM_UI","CRM_UI","Cecy HoyMismo Agencia","Cecy HoyMismo Agencia","","","","","","","","","","","0.0","","","","","","","","","","","dorado"," --","true","","yonny9030@gmail.com","","","","","","","","","","Cecy HoyMismo Agencia","","","","","","","","","","","","","gmail.com","0.0","","","","","","Contacto de marketing","","","","Etapa final","","","2025-04-28 17:53","","","","2025-04-28 17:53","","","","","","","","","2025-04-28 17:53","","","","","","","","","","","","","","","","","2025-04-28 17:53","","","","","","","778","","","Fuentes sin conexión","Interfaz de usuario del CRM","Fuentes sin conexión","","","","","","","","","","","","","","","0.0","","","","","","","","","VOLKSWAGEN JETTA","","","","","0.0","2015","","","","","78498543","","","","0.0","0.0","","0.0","0.0","","","",""," +523162302322","","","0.0","","","","","","","","","","0.0","Cecy HoyMismo Agencia","","","","","","","","","","","","","","","Establecido por usuario","","A3 - Regularización","","","","2025-06-15 19:15","","","","","","","","","","3VW2K7AJ1FM221340","","","","","","","","","","","","","","","","","","","","","","","","","","","","","","","","","","","","","","","","","","","","","","","","","","","",""
"117822011177","Jose Luis","Arellano","Cecy HoyMismo Agencia","","CRM_UI","CRM_UI","Cecy HoyMismo Agencia","Cecy HoyMismo Agencia","","","","","","","","","","","0.0","","","","","","","","","","","GRIS"," --","true","","joseluisniave@gmail.com","","","","","","","","","","Cecy HoyMismo Agencia","","","","","","","","","","","","","gmail.com","0.0","","","","","","Contacto de marketing","","","","Etapa final","","","2025-04-28 17:48","","","","2025-04-28 17:48","","","","","","","","","2025-04-28 17:48","","","","","","","","","","","","","","","","","2025-04-28 17:48","","","","","","","637","","","Fuentes sin conexión","Interfaz de usuario del CRM","Fuentes sin conexión","","","","","","","","","","","","","","","0.0","","","","","","","","","FORD F150","","","","","0.0","2016","","","","","78498543","","","","0.0","0.0","","0.0","0.0","","","",""," +528111553459","","","0.0","","","","","","","","","","0.0","Cecy HoyMismo Agencia","","","","","","","","","","","","","","","Establecido por usuario","","A3 - Regularización","","","","2025-06-12 10:24","","","","","","","","","","1FTEW1EF3GFD46798","","","","","","","","","","","","","","","","","","","","","","","","","","","","","","","","","","","","","","","","","","","","","","","","","","","",""
"114548820326","Juan Carlos","Morales Hernandez","Admin Agencia Aduanal HoyMismo","","CRM_UI","CRM_UI","Cecy HoyMismo Agencia","Cecy HoyMismo Agencia","","","","","","","","","","","0.0","","","","","","","","","","","AMARILLO"," --","true","","stoneworkz@gmail.com","","","","","","","","","","Cecy HoyMismo Agencia","","","","","","","","","","","","","gmail.com","0.0","","","","","","Contacto de marketing","","","","Etapa final","","","2025-06-13 18:58","","","","2025-04-16 13:00","","","","","","","","","2025-04-16 13:00","","","","","","","","","","","","","","","","","2025-04-16 13:00","","","","","","","818","","","Fuentes sin conexión","Interfaz de usuario del CRM","Fuentes sin conexión","","","","","","","","","","","","","","","0.0","","","","","","","","","FREIGHTLINER  CASCADIA 125","","","","","0.0","2016","","","","","78498543","","","","0.0","0.0","","0.0","0.0","","","",""," +117144704898","","","0.0","","","","","","","","","","0.0","Cecy HoyMismo Agencia","","","","","","","","","","","","","","","Establecido por usuario","","VU - Vehículo Interior República","","","","2025-06-15 19:16","","","","","","","","","","3AKJGEDV0GSGV9529","","","","","","","","","","","","","","","","","","","","","","","","","","","","","","","","","","","","","","","","","","","","","","","","","","","",""
"113294289783","Jonas","Kurt Ackermann","Admin Agencia Aduanal HoyMismo","","CRM_UI","CRM_UI","Cecy HoyMismo Agencia","Cecy HoyMismo Agencia","","","","","","","","","","","0.0","","","","","","","","","","","ARENA"," --","true","","jonasackermann@hotmail.com","","","","","","","","","","Cecy HoyMismo Agencia","","","","","","","","","","","","","hotmail.com","0.0","","","","","","Contacto de marketing","","","","Etapa final","","","2025-04-11 15:11","","","","2025-04-11 15:11","","","","","","","","","2025-04-11 15:11","","","","","","","","","","","","","","","","","2025-04-11 15:11","","","","","","","1500","","","Fuentes sin conexión","Interfaz de usuario del CRM","Fuentes sin conexión","","","","","","","","","","","","","","","0.0","","","","","","","","","FORD TAURUS","","","","","0.0","1999","","","","","78498543","","","","0.0","0.0","","0.0","0.0","","","",""," +526647159639","","","0.0","","","","","","","","","","0.0","Cecy HoyMismo Agencia","","","","","","","","","","","","","","","Establecido por usuario","","DP - Decreto Presidencial","","","","2025-06-15 19:16","","","","","","","","","","1FAFP58UXXA204616","","","","","","","","","","","","","","","","","","","","","","","","","","","","","","","","","","","","","","","","","","","","","","","","","","","",""
"113267504901","Cesar","Cortes Davila","Cecy HoyMismo Agencia","","CRM_UI","CRM_UI","Cecy HoyMismo Agencia","Cecy HoyMismo Agencia","","","","","","","","","","","0.0","","","","","","","","","","","ROJO"," --","true","","cesar.davila.tauro.1975@gmail.com","","","","","","","","","","Cecy HoyMismo Agencia","","","","","","","","","","","","","gmail.com","0.0","","","","","","Contacto de marketing","","","","Etapa final","","","2025-04-11 11:22","","","","2025-04-11 11:22","","","","","","","","","2025-04-11 11:22","","","","","","","","","","","","","","","","","2025-04-11 11:22","","","","","","","709","","","Fuentes sin conexión","Interfaz de usuario del CRM","Fuentes sin conexión","","","","","","","","","","","","","","","0.0","","","","","","","","","CHRYSLER TOWN COUNTRY","","","","","0.0","2006","","","","","78498543","","","","0.0","0.0","","0.0","0.0","","","",""," +525574001090","","","0.0","","","","","","","","","","0.0","Cecy HoyMismo Agencia","","","","","","","","","","","","","","","Establecido por usuario","","DP - Decreto Presidencial","","","","2025-06-12 10:24","","","","","","","","","","2A8GP64L06R714719","","","","","","","","","","","","","","","","","","","","","","","","","","","","","","","","","","","","","","","","","","","","","","","","","","","",""
"113221049729","Leticia (JAIME)","Alvarado Rosalez","Admin Agencia Aduanal HoyMismo","","CRM_UI","CRM_UI","Cecy HoyMismo Agencia","Cecy HoyMismo Agencia","","","","","","","","","","","0.0","","","","","","","","","","","GRIS"," --","false","","jaime1977mon@gmail.com","","","","","","","","","","Cecy HoyMismo Agencia","","","","","","","","","","","","","gmail.com","0.0","","","","","","Contacto de marketing","","","","Etapa final","","","2025-04-11 09:43","","","","2025-04-11 09:43","","","","","","","","","2025-04-11 09:43","","","","","","","","","","","","","","","","","2025-04-11 09:43","","","","","","","1145","","","Fuentes sin conexión","Interfaz de usuario del CRM","Fuentes sin conexión","","","","","","","","","","","","","","","0.0","","","","","","","","","HONDA PILOT","","","","","0.0","215","","","","","78498543","","","","4.0","0.0","","0.0","0.0","","","",""," +15599305479","","4.0","0.0","","","","","","","","","","0.0","Cecy HoyMismo Agencia","","","","","","","","","","","","","","","Establecido por usuario","","A3 - Regularización","","2025-06-10 11:07","","2025-06-15 19:16","","","","","2025-06-10 11:07","","","","","5FNYF3H27FB025478","","","","","","","","","","","","","","","80898414601;80899535260;81140439383;81156196178","","","","","","","","","","","","","","","","","","","","","","","","","","","","","","","","","","","","",""
"113221045052","Andres","Garcia Arana","Admin Agencia Aduanal HoyMismo","","CRM_UI","CRM_UI","Cecy HoyMismo Agencia","Cecy HoyMismo Agencia","","","","","","","","","","","0.0","","","","","","","","","","","PLATA"," --","true","","andresarana201@gmail.com","","","","","","","","","","Cecy HoyMismo Agencia","","","","","","","","","","","","","gmail.com","0.0","","","","","","Contacto de marketing","","","","Etapa final","","","2025-04-11 09:31","","","","2025-04-11 09:31","","","","","","","","","2025-04-11 09:31","","","","","","","","","","","","","","","","","2025-04-11 09:31","","","","","","","730","","","Fuentes sin conexión","Interfaz de usuario del CRM","Fuentes sin conexión","","","","","","","","","","","","","","","0.0","","","","","","","","","JEEP PATRIOT","","","","","0.0","2014","","","","","78498543","","","","0.0","0.0","","0.0","0.0","","","",""," +16093417432","","","0.0","","","","","","","","","","0.0","Cecy HoyMismo Agencia","","","","","","","","","","","","","","","Establecido por usuario","","A3 - Regularización","","","","2025-06-15 19:17","","","","","","","","","","1C4NJRCB2ED598161","","","","","","","","","","","","","","","","","","","","","","","","","","","","","","","","","","","","","","","","","","","","","","","","","","","",""
"112525837195","Francisco Javier","Ramirez Garcia","Admin Agencia Aduanal HoyMismo","","CRM_UI","CRM_UI","Cecy HoyMismo Agencia","Cecy HoyMismo Agencia","","","","","","","","","","","0.0","","","","","","","","","","",""," --","true","","pakoogalaxy@hotmail.com","","","","","","","","","","Cecy HoyMismo Agencia","","","","","","","","","","","","","hotmail.com","0.0","","","","","","Contacto que no es de marketing","","","","Etapa final","","","2025-04-08 17:21","","","","2025-04-08 17:21","","","","","","","","","2025-04-08 17:21","","","","","","","","","","","","","","","","","2025-04-08 17:21","","","","","","","630","","","Fuentes sin conexión","Interfaz de usuario del CRM","Fuentes sin conexión","","","","","","","","","","","","","","","0.0","","","","","","","","","","","","","","0.0","","","","","","","","","","0.0","0.0","","0.0","0.0","","","",""," +16093417432","","","0.0","","","","","","","","","","0.0","Cecy HoyMismo Agencia","","","","","","","","","","","","","","","","","A3 - Regularización","","","","2025-06-15 19:17","","","","","","","","","","","","","","","","","","","","","","","","","","","","","","","","","","","","","","","","","","","","","","","","","","","","","","","","","","","","","",""
"112084467226","Lorenzo","Chimal Benitez","Cecy HoyMismo Agencia","","CRM_UI","CRM_UI","Cecy HoyMismo Agencia","Cecy HoyMismo Agencia","","","","","","","","","","","0.0","","","","","","","","","","","PLATA"," --","true","","chimallo68@gmail.com","","","","","","","","","","Cecy HoyMismo Agencia","","","","","","","","","","","","","gmail.com","0.0","","","","","","Contacto de marketing","","","","Etapa final","","","2025-04-07 09:12","","","","2025-04-07 09:12","","","","","","","","","2025-04-07 09:12","","","","","","","","","","","","","","","","","2025-04-07 09:12","","","","","","","633","","","Fuentes sin conexión","Interfaz de usuario del CRM","Fuentes sin conexión","","","","","","","","","","","","","","","0.0","","","","","","","","","SUBARU LEGACY","","","","","0.0","2011","","","","","78498543","","","","0.0","0.0","","0.0","0.0","","","",""," +16412297684","","","0.0","","","","","","","","","","0.0","Cecy HoyMismo Agencia","","","","","","","","","","","","","","","Establecido por usuario","","A3 - Regularización","","","","2025-06-12 10:24","","","","","","","","","","4S3BMCK62B3237252","","","","","","","","","","","","","","","","","","","","","","","","","","","","","","","","","","","","","","","","","","","","","","","","","","","",""
"111663458099","Julian","Arellano Teran","Admin Agencia Aduanal HoyMismo","","CRM_UI","CRM_UI","Cecy HoyMismo Agencia","Cecy HoyMismo Agencia","","","","","","","","","","","0.0","","","","","","","","","","","GRIS"," --","true","","bandex75@hotmail.com","","","","","","","","","","Cecy HoyMismo Agencia","","","","","","","","","","","","","hotmail.com","0.0","","","","","","Contacto de marketing","","","","Etapa final","","","2025-04-05 13:26","","","","2025-04-05 13:26","","","","","","","","","2025-04-05 13:26","","","","","","","","","","","","","","","","","2025-04-05 13:26","","","","","","","1146","","","Fuentes sin conexión","Interfaz de usuario del CRM","Fuentes sin conexión","","","","","","","","","","","","","","","0.0","","","","","","","","","MINI COOPER","","","","","0.0","2013","","","","","78498543","","","","0.0","0.0","","0.0","0.0","","","",""," +527224437856","","","0.0","","","","","","","","","","0.0","Cecy HoyMismo Agencia","","","","","","","","","","","","","","","Establecido por usuario","","DP - Decreto Presidencial","","","","2025-06-15 19:17","","","","","","","","","","WMWZG3C57DTY39785","","","","","","","","","","","","","","","","","","","","","","","","","","","","","","","","","","","","","","","","","","","","","","","","","","","",""
"108570111292","Ramon Octavio","Marin Oliva","Admin Agencia Aduanal HoyMismo","","CRM_UI","CRM_UI","Cecy HoyMismo Agencia","Cecy HoyMismo Agencia","","","","","","","","","","","0.0","","","","","","","","","","","ORO"," --","true","","oromarin@hotmail.com","","","","","","","","","","Cecy HoyMismo Agencia","","","","","","","","","","","","","hotmail.com","0.0","","","","","","Contacto de marketing","","","","Etapa final","","","2025-06-13 18:58","","","","2025-03-24 16:19","","","","","","","","","2025-03-24 16:19","","","","","","","","","","","","","","","","","2025-03-24 16:19","","","","","","","816","","","Fuentes sin conexión","Interfaz de usuario del CRM","Fuentes sin conexión","","","","","","","","","","","","","","","0.0","","","","","","","","","VOLKSWAGEN JETTA SE","","","","","0.0","2015","","","","","78498543","","","","0.0","0.0","","0.0","0.0","","","",""," +15305991211","","","0.0","","","","","","","","","","0.0","Cecy HoyMismo Agencia","","","","","","","","","","","","","","","Establecido por usuario","","A3 - Regularización","","","","2025-06-15 19:17","","","","","","","","","","3VWD17AJ9FM233053","","","","","","","","","","","","","","","","","","","","","","","","","","","","","","","","","","","","","","","","","","","","","","","","","","","",""
"108588058953","Karina","Carrizales Medrano","Admin Agencia Aduanal HoyMismo","","CRM_UI","CRM_UI","Cecy HoyMismo Agencia","Cecy HoyMismo Agencia","","","","","","","","","","","0.0","","","","","","","","","","","GRIS"," --","true","","karinacarrizales94@gmail.com","","","","","","","","","","Cecy HoyMismo Agencia","","","","","","","","","","","","","gmail.com","0.0","","","","","","Contacto de marketing","","","","Etapa final","","","2025-03-24 16:11","","","","2025-03-24 16:11","","","","","","","","","2025-03-24 16:11","","","","","","","","","","","","","","","","","2025-03-24 16:11","","","","","","","631","","","Fuentes sin conexión","Interfaz de usuario del CRM","Fuentes sin conexión","","","","","","","","","","","","","","","0.0","","","","","","","","","JEEP COMPASS","","","","","0.0","2011","","","","","78498543","","","","0.0","0.0","","0.0","0.0","","","",""," +528124938456","","","0.0","","","","","","","","","","0.0","Cecy HoyMismo Agencia","","","","","","","","","","","","","","","Establecido por usuario","","DP - Decreto Presidencial","","","","2025-06-15 19:17","","","","","","","","","","1J4NT1FA8BD262857","","","","","","","","","","","","","","","","","","","","","","","","","","","","","","","","","","","","","","","","","","","","","","","","","","","",""
"107882280533","Julio Antonio","Salazar Ramirez","Admin Agencia Aduanal HoyMismo","","estatushoymismo.site/estatus-hoymismo","CRM_UI","","Cecy HoyMismo Agencia","","","","","","","","","","","4.0","","","","phoenix","az","","us","","","","ROJO"," --","true","HubSpot Conexión: WPForms - SEGUIMIENTO DE TRAMITE ADUANAL - HubSpot Conexión [194a575ea8b] ","julionsj@hotmail.com","","","","","","","","","","Cecy HoyMismo Agencia","2025-04-03 00:03","","","","","","","","","","","","hotmail.com","0.0","","","","","","Contacto de marketing","Abierto","","arizona","Etapa final","Flujo de contactos - Agencia HoyMismo","","2025-04-23 17:28","","","","2025-03-21 15:16","","","","","","","","2025-04-04 11:51","2025-04-04 21:57","","2025-04-03 00:03","","","","","","2025-04-04 21:57","","","","","","","","","2025-03-21 15:16","","","","","","","616","","","Tráfico directo","Interfaz de usuario del CRM","Fuentes sin conexión","","","","","","","2025-04-03 00:03","","","","","","","","0.0","","","","","","","","","VOLKSWAGEN GOLF GTI","","","","","0.0","2015","","","","","d315195d-6eb0-4b06-a953-1db167943e8b","","","","2.0","4.0","","0.0","2.0","","","",""," +528130870819","","0.0","5.0","","","","","united states","","","APP WEB inteligente de seguimiento de tramite aduanal – Estatus HoyMismo: #wpforms-form-28 .wpforms-validate, .wpforms-form, .wpforms-ajax-form","https://estatushoymismo.site/tracking/","1.0","Cecy HoyMismo Agencia","","","","","","","","","","","","","","","Envío de formulario","","A3 - Regularización","","2025-04-04 11:51","","2025-06-15 19:17","https://estatushoymismo.site/estatus-hoymismo/?email=julionsj%40hotmail.com","","2025-04-04 21:57","2025-04-04 21:57","","https://estatushoymismo.site/tracking/","","","","3VW447AUXFM067398","UTC -07:00 América Phoenix","america_slash_phoenix","","","","","","","","","","","","","","","","","","","","","","","","","","29153345627;29157323125;29184072731;29228806039","","","","","","","","","","","","","","","","","","","","","76360251523;76488216940","","",""
"107882278932","Luis Eliezer","Wetter Guevara","Admin Agencia Aduanal HoyMismo","","CRM_UI","CRM_UI","Cecy HoyMismo Agencia","Cecy HoyMismo Agencia","","","","","","","","","","","0.0","","","","","","","","","","","BLANCO"," --","true","","wetterg1@yahoo.es","","","","","","","","","","Cecy HoyMismo Agencia","","","","","","","","","","","","","yahoo.es","0.0","","","","","","Contacto de marketing","","","","Etapa final","","","2025-03-21 15:10","","","","2025-03-21 15:10","","","","","","","","","2025-03-21 15:10","","","","","","","","","","","","","","","","","2025-03-21 15:10","","","","","","","708","","","Fuentes sin conexión","Interfaz de usuario del CRM","Fuentes sin conexión","","","","","","","","","","","","","","","0.0","","","","","","","","","SUBARU TRIBECA","","","","","0.0","2013","","","","","78498543","","","","0.0","0.0","","0.0","0.0","","","",""," +528124930640","","","0.0","","","","","","","","","","0.0","Cecy HoyMismo Agencia","","","","","","","","","","","","","","","Establecido por usuario","","A3 - Regularización","","","","2025-06-15 19:17","","","","","","","","","","4S4WX9GD7D4400439","","","","","","","","","","","","","","","","","","","","","","","","","","","","","","","","","","","","","","","","","","","","","","","","","","","",""
"107853462602","Luis Rey","Cruz Lopez","Cecy HoyMismo Agencia","","CRM_UI","CRM_UI","Cecy HoyMismo Agencia","Cecy HoyMismo Agencia","","","","","","","","","","","0.0","","","","","","","","","","","BLANCO"," --","true","","cruzluisrey11@gmail.com","","","","","","","","","","Cecy HoyMismo Agencia","","","","","","","","","","","","","gmail.com","0.0","","","","","","Contacto de marketing","","","","Etapa final","","","2025-03-21 12:05","","","","2025-03-21 12:05","","","","","","","","","2025-03-21 12:05","","","","","","","","","","","","","","","","","2025-03-21 12:05","","","","","","","702","","","Fuentes sin conexión","Interfaz de usuario del CRM","Fuentes sin conexión","","","","","","","","","","","","","","","0.0","","","","","","","","","FORD EDGE","","","","","0.0","2013","","","","","78498543","","","","0.0","0.0","","0.0","0.0","","","",""," +14084308522","","","0.0","","","","","","","","","","0.0","Cecy HoyMismo Agencia","","","","","","","","","","","","","","","Establecido por usuario","","A1 - Importación definitiva","","","","2025-07-31 16:04","","","","","","","","","","2FMDK3JC3DBC37930","","","","","","","","","","","","","","","","","","","","","","","","","","","","","","","","","","","","","","","","","","","","","","","","","","","",""
"107853460390","Alejandro","Velazquez Calleros","Cecy HoyMismo Agencia","","CRM_UI","CRM_UI","Cecy HoyMismo Agencia","Cecy HoyMismo Agencia","","","","","","","","","","","0.0","","","","","","","","","","","BLANCO"," --","true","","alexvelazquez605@gmail.com","","","","","","","","","","Cecy HoyMismo Agencia","","","","","","","","","","","","","gmail.com","0.0","","","","","","Contacto de marketing","","","","Entregado","","","2025-03-21 12:00","","","","2025-03-21 12:00","","","","","","","","","2025-03-21 12:00","","","","","","","","","","","","","","","","","2025-03-21 12:00","","","","","","","607","","","Fuentes sin conexión","Interfaz de usuario del CRM","Fuentes sin conexión","","","","","","","","","","","","","","","0.0","","","","","","","","","TOYOTA COROLLA","","","","","0.0","2013","","","","","78498543","","","","0.0","0.0","","0.0","0.0","","","",""," +15599944318","","","0.0","","","","","","","","","","0.0","Cecy HoyMismo Agencia","","","","","","","","","","","","","","","Establecido por usuario","","VU - Vehículo Interior República","","","","2025-03-21 12:00","","","","","","","","","","2T1BU4EEXDC064874","","","","","","","","","","","","","","","","","","","","","","","","","","","","","","","","","","","","","","","","","","","","","","","","","","","",""
"107847609097","Francisco","Peralta Vazquez","Cecy HoyMismo Agencia","","CRM_UI","CRM_UI","Cecy HoyMismo Agencia","Cecy HoyMismo Agencia","","","","","","","","","","","0.0","","","","","","","","","","","AZUL"," --","true","","koturnix@yahoo.com.mx","","","","","","","","","","Cecy HoyMismo Agencia","","","","","","","","","","","","","yahoo.com.mx","0.0","","","","","","Contacto de marketing","","","","Entregado","","","2025-03-21 11:41","","","","2025-03-21 11:41","","","","","","","","","2025-03-21 11:41","","","","","","","","","","","","","","","","","2025-03-21 11:41","","","","","","","621","","","Fuentes sin conexión","Interfaz de usuario del CRM","Fuentes sin conexión","","","","","","","","","","","","","","","0.0","","","","","","","","","SUZUKI SAMURAI","","","","","0.0","1988","","","","","78498543","","","","0.0","0.0","","0.0","0.0","","","",""," +528111826339","","","0.0","","","","","","","","","","0.0","Cecy HoyMismo Agencia","","","","","","","","","","","","","","","Establecido por usuario","","DP - Decreto Presidencial","","","","2025-03-21 11:46","","","","","","","","","","JS4JC51V9J4150697","","","","","","","","","","","","","","","","","","","","","","","","","","","","","","","","","","","","","","","","","","","","","","","","","","","",""
"107845658970","Josue","Morales Espinoza","Cecy HoyMismo Agencia","","CRM_UI","CRM_UI","Cecy HoyMismo Agencia","Cecy HoyMismo Agencia","","","","","","","","","","","0.0","","","","","","","","","","","AZUL"," --","true","","servicios@predsonprecisiones.mx","","","","","","","","","","Cecy HoyMismo Agencia","","","","","","","","","","","","","predsonprecisiones.mx","0.0","","","","","","Contacto de marketing","","","","Entregado","","","2025-03-21 11:27","","","","2025-03-21 11:27","","","","","","","","","2025-03-21 11:27","","","","","","","","","","","","","","","","","2025-03-21 11:27","","","","","","","629","","","Fuentes sin conexión","Interfaz de usuario del CRM","Fuentes sin conexión","","","","","","","","","","","","","","","0.0","","","","","","","","","FORD ESCAPE","","","","","0.0","2003","","","","","78498543","","","","0.0","0.0","","0.0","0.0","","","",""," +528110410407","","","0.0","","","","","","","","","","0.0","Cecy HoyMismo Agencia","","","","","","","","","","","","","","","Establecido por usuario","","DP - Decreto Presidencial","","","","2025-03-31 10:27","","","","","","","","","","1FMYU03183KA12218","","","","","","","","","","","","","","","","","","","","","","","","","","","","","","","","","31293494836","","","","","","","","","","","31293494836","","","","","","","",""
"107845657494","David Gerardo","Vidal Piña","Cecy HoyMismo Agencia","","CRM_UI","CRM_UI","Cecy HoyMismo Agencia","Cecy HoyMismo Agencia","","","","","","","","","","","0.0","","","","","","","","","","","BLANCO"," --","true","","vpcycles@hotmail.com","","","","","","","","","","Cecy HoyMismo Agencia","","","","","","","","","","","","","hotmail.com","0.0","","","","","","Contacto de marketing","","","","Entregado","","","2025-03-21 11:24","","","","2025-03-21 11:24","","","","","","","","","2025-03-21 11:24","","","","","","","","","","","","","","","","","2025-03-21 11:24","","","","","","","624","","","Fuentes sin conexión","Interfaz de usuario del CRM","Fuentes sin conexión","","","","","","","","","","","","","","","0.0","","","","","","","","","TOYOTA TACOMA","","","","","0.0","2015","","","","","78498543","","","","0.0","0.0","","0.0","0.0","","","",""," +523318640003","","","0.0","","","","","","","","","","0.0","Cecy HoyMismo Agencia","","","","","","","","","","","","","","","Establecido por usuario","","DP - Decreto Presidencial","","","","2025-06-12 10:56","","","","","","","","","","3TMLU4EN3FM201541","","","","","","","","","","","","","","","","","","","","","","","","","","","","","","","","","","","","","","","","","","","","","","","","","","","",""
"107845656484","Jesus","Ibarra Dorantes","Cecy HoyMismo Agencia","","CRM_UI","CRM_UI","Cecy HoyMismo Agencia","Cecy HoyMismo Agencia","","","","","","","","","","","0.0","","","","","","","","","","","PLATA"," --","true","","jesusibarradorantes5@gmail.com","","","","","","","","","","Cecy HoyMismo Agencia","","","","","","","","","","","","","gmail.com","0.0","","","","","","Contacto de marketing","","","","En proceso","","","2025-03-21 11:21","","","","2025-03-21 11:21","","","","","","","","","2025-03-21 11:22","","","","","","","","","","","","","","","","","2025-03-21 11:21","","","","","","","625","","","Fuentes sin conexión","Interfaz de usuario del CRM","Fuentes sin conexión","","","","","","","","","","","","","","","0.0","","","","","","","","","HONDA CIVIC","","","","","0.0","2006","","","","","78498543","","","","0.0","0.0","","0.0","0.0","","","",""," +528136387272","","","0.0","","","","","","","","","","0.0","Cecy HoyMismo Agencia","","","","","","","","","","","","","","","Establecido por usuario","","DP - Decreto Presidencial","","","","2025-03-21 15:26","","","","","","","","","","2HGFG12856H579412","","","","","","","","","","","","","","","","","","","","","","","","","","","","","","","","","","","","","","","","","","","","","","","","","","","",""
"107742912096","Prueba","Prueba","Admin Agencia Aduanal HoyMismo","","49095072.hs-sites.com/es-us/estatus-usho-2626","estatushoymismo.site/home/exclusivo-socios/nueva","","","350.0","","","Consentimiento libremente otorgado por contacto","","","","","","","7.0","","","San Nicolás de los Garza","monterrey","nle","","mx","","66440","","Negr"," --","true","Trámite en tiempo real: Agencia Aduanal HoyMismo (REGISTRO)","jesuseduardorodriguezsaucedo@outlook.com","","","","","","2.0","","","","","2025-03-21 01:34","","","#wpforms-form-98 .wpforms-validate, .wpforms-form, .wpforms-ajax-form","","","","Av. Anillo eléctrico 207","","","https://api-na1.hubspot.com/form-integrations/v1/uploaded-files/signed-url-redirect/192110901172?portalId=49095072&sign=Jpd5XD6BuZZlKxK3qTZzkc-3NKg%3D&conversionId=6dc33727-18f1-4244-a10c-8605e70b8c7e&filename=6dc33727-18f1-4244-a10c-8605e70b8c7e-documentos_del_cliente-fdg-roof-co.-m7VborQ0OkCX00xg.png","","outlook.com","0.0","2.0","","","","","Contacto de marketing","Negocio abierto","","nuevo leon","En Revisión","Flujo de contactos - Agencia HoyMismo","","2025-06-19 18:46","","","","2025-03-21 01:34","","","","8/2/2025","2025-07-01","","","2025-07-02 23:20","2025-07-02 23:17","","2025-03-21 01:34","","","","","","2025-07-02 23:20","","","","","","","","","2025-03-21 01:34","","2025-07-02 23:20","","","2025-07-02 23:20","","00002","https://api-na1.hubspot.com/form-integrations/v1/uploaded-files/signed-url-redirect/192111017543?portalId=49095072&sign=zfqdXddtfVuniq2l6CfLQHXuubg%3D&conversionId=6dc33727-18f1-4244-a10c-8605e70b8c7e&filename=6dc33727-18f1-4244-a10c-8605e70b8c7e-fotos-Screenshot_20250618_022042_Chrome.jpg","","Tráfico directo","Formularios","Tráfico directo","","","","","ARACELY-MTY","","2025-03-21 01:34","","","","","","","","0.0","","","","","","","","650.0","Doge","","","","","0.0","2014","","","","","88579ec3-c1a4-4de4-b82d-e460d38cc3cb","","Registro - HoyMismo","","1.0","3.0","","0.0","3.0","000","","",""," +528114202112"," +528114202112","0.0","10.0","","","","","mexico","","","nueva - Estatus HoyMismo: #wpforms-form-98 .wpforms-validate, .wpforms-form, .wpforms-ajax-form","https://estatushoymismo.site/home/exclusivo-socios/nueva/","1.0","Cecy HoyMismo Agencia","","","","","","","","","","","","","","","Envío de formulario","","A3 - Regularización","","2025-03-21 01:34","","2025-07-02 23:53","https://49095072.hs-sites.com/es-us/estatus-usho-2626","","2025-07-02 23:17","2025-07-02 23:22","","https://estatushoymismo.site/home/exclusivo-socios/nueva/","","","","34576543212346777","UTC -05:00 América Monterrey","america_slash_monterrey","","","","","","","441228352415","","","","","","","","25977912755","","","","","","","","","","","28736675951;28737644470;32970577460","","","","","","","","","","","","","","","","","","","","","75456607609","","",""
"107595546709","Carlos","Gomez Rojas","Cecy HoyMismo Agencia","","CRM_UI","CRM_UI","Cecy HoyMismo Agencia","Cecy HoyMismo Agencia","","","","","","","","","","","0.0","","","","","","","","","","","AZUL/GRIS"," --","true","","mgomez.construction@hotmail.com","","","","","","","","","","Cecy HoyMismo Agencia","","","","","","","","","","","","","hotmail.com","0.0","","","","","","Contacto de marketing","","","","Cancelado","","","2025-03-20 09:37","","","","2025-03-20 09:37","","","","","","","","","2025-03-20 09:37","","","","","","","","","","","","","","","","","2025-03-20 09:37","","","","","","","623","","","Fuentes sin conexión","Interfaz de usuario del CRM","Fuentes sin conexión","","","","","","","","","","","","","","","0.0","","","","","","","","","CHEVROLET SILVERADO 1500","","","","","0.0","2000","","","","","78498543","","","","0.0","0.0","","0.0","0.0","","","",""," +14072761467","","","0.0","","","","","","","","","","0.0","Cecy HoyMismo Agencia","","","","","","","","","","","","","","","Establecido por usuario","","A3 - Regularización","","","","2025-06-12 10:53","","","","","","","","","","1GCEK19V2YE367307","","","","","","","","","","","","","","","","","","","","","","","","","","","","","","","","","","","","","","","","","","","","","","","","","","","",""
"107393691819","Filiberto","Hernández","Cecy HoyMismo Agencia","","CRM_UI","CRM_UI","Cecy HoyMismo Agencia","Cecy HoyMismo Agencia","","","","","","","","","","","0.0","","","","","","","","","","","ROJO"," --","true","","filibertohdzhdz83@gmail.com","","","","","","","","","","Cecy HoyMismo Agencia","","","","","","","","","","","","","gmail.com","0.0","","","","","","Contacto de marketing","","","","Etapa final","","","2025-03-19 16:39","","","","2025-03-19 16:39","","","","","","","","","2025-03-19 16:39","","","","","","","","","","","","","","","","","2025-03-19 16:39","","","","","","","602","","","Fuentes sin conexión","Interfaz de usuario del CRM","Fuentes sin conexión","","","","","","","","","","","","","","","0.0","","","","","","","","","TOYOTA TUNDRA","","","","","0.0","2009","","","","","78498543","","","","0.0","0.0","","0.0","0.0","","","",""," +19016632405","","","0.0","","","","","","","","","","0.0","Cecy HoyMismo Agencia","","","","","","","","","","","","","","","Establecido por usuario","","A3 - Regularización","","","","2025-03-31 10:26","","","","","","","","","","5TFRU541X9X017503","","","","","","","","","","","","","","","","","","","","","","","","","","","","","","","","","","","","","","","","","","","","","","","","","","","",""
"107146592145","Jorge","Martinez","Cecy HoyMismo Agencia","","MOBILE_ANDROID","MOBILE_ANDROID","Admin Agencia Aduanal HoyMismo","Admin Agencia Aduanal HoyMismo","","","","","","","","","","","0.0","","","","","","","","","","","PLATA"," --","true","","jmarvill23@gmail.com","","","","","","","","","","Admin Agencia Aduanal HoyMismo","","","","","","","","","","","","","gmail.com","0.0","","","","","","Contacto que no es de marketing","","","","Etapa final","","","2025-03-19 04:03","","","","2025-03-19 04:03","","","","","","","","","2025-03-19 04:03","","","","","","","","","","","","","","","","","2025-03-19 04:03","","","","","","","605","","","Fuentes sin conexión","Dispositivo móvil Android","Fuentes sin conexión","","","","","","","","","","","","","","","0.0","","","","","","","","","GMC SIERRA","","","","","0.0","2011","","","","","","","","","0.0","0.0","","0.0","0.0","","","","","521811796 6518","","","0.0","","","","","","","","","","0.0","Cecy HoyMismo Agencia","","","","","","","","","","","","","","","","","A3 - Regularización","","","","2025-03-31 10:26","","","","","","","","","","3GTP1UEA7BG316580","","","","","","","","","","","","","","","","","","","","","","","","","","","","","","","","","","","","","","","","","","","","","","","","","","","",""
"106790700650","","","Admin Agencia Aduanal HoyMismo","","estatushoymismo.site/","estatushoymismo.site/home/exclusivo-socios/nueva","","","","","","","","","","","","","3.0","","","","monterrey","nle","","mx","","","","NA"," --","true","NUEVA GUÍA: WPForms - Nueva Guía - NUEVA GUÍA [194b9d84a58] ","obregiron.jj89@gmail.com","","","","","","","","","","","2025-03-17 17:42","","","#wpforms-form-98 .wpforms-validate, .wpforms-form, .wpforms-ajax-form","","","","","","","","","gmail.com","0.0","","","","","","Contacto de marketing","Negocio abierto","","nuevo leon","En proceso","Flujo de contactos - Agencia HoyMismo","","2025-03-18 10:27","","","","2025-03-17 17:42","","","","15/1/2025","","","","2025-03-17 17:42","2025-03-18 02:41","","2025-03-17 17:42","","","","","","2025-03-18 02:41","","","","","","","","","2025-03-17 17:42","","","","","","","2626","","","Tráfico directo","Formularios","Tráfico directo","","","","","","","2025-03-17 17:42","","","","","","","","0.0","","","","","","","","","FORD F-150","","","","","0.0","2020","","","","","3ad26981-c685-422b-908f-a2c0ed90b695","","","","1.0","2.0","","0.0","2.0","2626","","","","525252525252","","0.0","4.0","","","","","mexico","","","nueva - Estatus HoyMismo: #wpforms-form-98 .wpforms-validate, .wpforms-form, .wpforms-ajax-form","https://estatushoymismo.site/home/exclusivo-socios/nueva/","1.0","Cecy HoyMismo Agencia","","","","","","","","","","","","","","","Envío de formulario","","A3 - Regularización","","2025-03-17 17:42","","2025-03-18 10:27","https://estatushoymismo.site/","","2025-03-18 02:41","2025-03-18 02:41","","https://estatushoymismo.site/","","","","1FTEW1E53LFB84927","UTC -05:00 América Monterrey","america_slash_monterrey","","","","","","","","","","","","","","","","","","","","","","","","","","28607782971;28622110088","","","","","","","","","","","","","","","","","","","","","75145188748","","",""
"106510995530","Jorge Carlos","Martinez Gonzalez","Admin Agencia Aduanal HoyMismo","","estatushoymismo.site/home/exclusivo-socios/nueva","INTEGRATION","","WPForms","","","","","","","","","","","1.0","","","","phoenix","az","","us","","","","PLATA"," --","true","NUEVA GUÍA: WPForms - Nueva Guía - NUEVA GUÍA [194b9d84a58] ","regiomtz85@gmail.com","","","","","","","","","","","2025-03-16 20:30","","","WPForms","","","","","","","","","gmail.com","0.0","","","","","","Contacto de marketing","Negocio abierto","","arizona","Cancelado","Flujo de contactos - Agencia HoyMismo","","2025-06-13 18:58","","","","2025-03-16 20:30","","","","11/3/2025","","","","2025-03-16 20:30","2025-03-16 20:30","","2025-03-16 20:30","","","","","","2025-03-16 20:30","","","","","","","","","2025-03-16 20:30","","","","","","","808","","","Tráfico directo","Integración","Fuentes sin conexión","","","","","","","2025-03-16 20:30","","","","","","","","0.0","","","","","","","","","NISSAN VERSA","","","","","0.0","2011","","","","","3ad26981-c685-422b-908f-a2c0ed90b695","","","","1.0","1.0","","0.0","1.0","608","","","","4695694233","","0.0","0.0","","","","","united states","","","NUEVA GUÍA: WPForms - Nueva Guía - NUEVA GUÍA [194b9d84a58] ","https://estatushoymismo.site/home/exclusivo-socios/nueva/","0.0","Cecy HoyMismo Agencia","","","","","","","","","","","","","","","Envío de formulario","","A1 - Importación definitiva","","2025-03-16 20:30","","2025-06-13 18:58","https://estatushoymismo.site/home/exclusivo-socios/nueva/","","2025-03-16 20:30","2025-03-16 20:30","","","","","","3N1BC1CP3BL374156","UTC -07:00 América Phoenix","america_slash_phoenix","","","","","","","","","","","","","","","","","","","","","","","","","","28580197288","","","","","","","","","","","","","","","","","","","","","75067663214","","",""
"106303712824","Pascual","Grande Santamaria","Cecy HoyMismo Agencia","","estatushoymismo.site/home/exclusivo-socios/nueva","estatushoymismo.site/home/exclusivo-socios/nueva","","","","","","","","","","","","","1.0","","","","phoenix","az","","us","","","","BLANCO"," --","true","NUEVA GUÍA: WPForms - Nueva Guía - NUEVA GUÍA [194b9d84a58] ","maxmex9836@gmail.com","","","","","","","","","","","2025-03-15 13:30","","","WPForms","","","","","","","","","gmail.com","0.0","","","","","","Contacto de marketing","Negocio abierto","","arizona","Entregado","Flujo de contactos - Agencia HoyMismo","","2025-03-17 00:26","","","","2025-03-15 13:30","","","","22/2/2025","","","","2025-03-15 13:30","2025-03-15 13:30","","2025-03-15 13:30","","","","","","2025-03-15 13:30","","","","","","","","","2025-03-15 13:30","","","","","","","601","","","Tráfico directo","Integración","Tráfico directo","","","","","","","2025-03-15 13:30","","","","","","","","0.0","","","","","","","","","ACURA MDX","","","","","0.0","2008","","","","","a3f9475c-3ac2-4169-a86a-3cb018a7852b","","","","1.0","2.0","","0.0","2.0","601","","","","(908) 275-7748","","0.0","0.0","","","","","united states","","","nueva - Estatus HoyMismo: #wpforms-form-98 .wpforms-validate, .wpforms-form, .wpforms-ajax-form","https://estatushoymismo.site/home/exclusivo-socios/nueva/","0.0","Cecy HoyMismo Agencia","","","","","","","","","","","","","","","Envío de formulario","","DP - Decreto Presidencial","","2025-03-15 13:30","","2025-03-26 10:58","https://estatushoymismo.site/home/exclusivo-socios/nueva/","","2025-03-15 13:30","2025-03-15 13:30","","","","","","2HNYD28228H528021","UTC -07:00 América Phoenix","america_slash_phoenix","","","","","","","","","","","","","","","","","","","","","","","","","","28574595438;28577225328","","","","","","","","","","","","","","","","","","","","","75030420333","","",""
"106083328331","Denisse Michelle","Garza Castillo","Cecy HoyMismo Agencia","","estatushoymismo.site/home/exclusivo-socios/nueva","INTEGRATION","","WPForms","","","","","","","","","","","1.0","","","","","nle","","mx","","","","DORADO"," --","true","nueva - Estatus HoyMismo: #wpforms-form-98 .wpforms-validate, .wpforms-form, .wpforms-ajax-form","denisse991@gmail.com","","","","","","","","","","","2025-03-14 12:26","","","WPForms","","","","","","","","","gmail.com","0.0","","","","","","Contacto que no es de marketing","Negocio abierto","","nuevo leon","Entregado","Flujo de contactos - Agencia HoyMismo","","2025-03-17 00:26","","","","2025-03-14 12:26","","","","8/3/2025","","","","2025-03-14 12:26","2025-03-14 12:26","","2025-03-14 12:26","","","","","","2025-03-14 12:26","","","","","","","","","2025-03-14 12:26","","","","","","","622","","","Tráfico directo","Integración","Fuentes sin conexión","","","","","","","2025-03-14 12:26","","","","","","","","0.0","","","","","","","","","FORD ESCAPE","","","","","0.0","2018","","","","","","","","","1.0","2.0","","0.0","2.0","622","","","","8122877590","","0.0","0.0","","","","","mexico","","","NUEVA GUÍA: WPForms - Nueva Guía - NUEVA GUÍA [194b9d84a58] ","https://estatushoymismo.site/home/exclusivo-socios/nueva/","0.0","Cecy HoyMismo Agencia","","","","","","","","","","","","","","","","","DP - Decreto Presidencial","","2025-03-14 12:26","","2025-03-26 10:57","https://estatushoymismo.site/home/exclusivo-socios/nueva/","","2025-03-14 12:26","2025-03-14 12:26","","","","","","1FMCU9GD6JUC69110","UTC -05:00 América Monterrey","america_slash_monterrey","","","","","","","","","","","","","","","","","","","","","","","","","","28538221614;28550355025","","","","","","","","","","","","","","","","","","","","","74984247393","","",""
"105674872440","Cristina","Verdin Rivera","Cecy HoyMismo Agencia","","estatushoymismo.site/home/exclusivo-socios/nueva","estatushoymismo.site/home/exclusivo-socios/nueva","","","","","","","","","","","","","1.0","","","","phoenix","az","","us","","","","BLANCO"," --","true","NUEVA GUÍA: WPForms - Nueva Guía - NUEVA GUÍA [194b9d84a58] ","metpac12@hotmail.com","","","","","","","","","","","2025-03-12 15:41","","","WPForms","","","","","","","","","hotmail.com","0.0","","","","","","Contacto que no es de marketing","Negocio abierto","","arizona","Entregado","Flujo de contactos - Agencia HoyMismo","","2025-03-17 00:26","","","","2025-03-12 15:41","","","","12/3/2025","","","","2025-03-12 15:41","2025-03-12 15:41","","2025-03-12 15:41","","","","","","2025-03-12 15:41","","","","","","","","","2025-03-12 15:41","","","","","","","626","","","Tráfico directo","Integración","Tráfico directo","","","","","","","2025-03-12 15:41","","","","","","","","0.0","","","","","","","","","DODGE JOURNEY","","","","","0.0","2017","","","","","","","","","1.0","2.0","","0.0","2.0","623","","","","8116287882","","0.0","0.0","","","","","united states","","","nueva - Estatus HoyMismo: #wpforms-form-98 .wpforms-validate, .wpforms-form, .wpforms-ajax-form","https://estatushoymismo.site/home/exclusivo-socios/nueva/","0.0","Cecy HoyMismo Agencia","","","","","","","","","","","","","","","","","DP - Decreto Presidencial","","2025-03-12 15:41","","2025-03-25 09:32","https://estatushoymismo.site/home/exclusivo-socios/nueva/","","2025-03-12 15:41","2025-03-12 15:41","","","","","","3C4PDDBG0HT591837","UTC -07:00 América Phoenix","america_slash_phoenix","","","","","","","","","","","","","","","","","","","","","","","","","","28507396450;28521791811","","","","","","","","","","","","","","","","","","","","","74850858839","","",""
"105549239395","Andres","Alvarez Cerna","Cecy HoyMismo Agencia","","estatushoymismo.site/home/exclusivo-socios/nueva","INTEGRATION","","WPForms","","","","","","","","","","","1.0","","","","","nle","","mx","","","","BLANCO/AZUL"," --","true","nueva - Estatus HoyMismo: #wpforms-form-98 .wpforms-validate, .wpforms-form, .wpforms-ajax-form","yoandresdel65@gmail.com","","","","","","","","","","","2025-03-12 09:10","","","WPForms","","","","","","","","","gmail.com","0.0","","","","","","Contacto que no es de marketing","Negocio abierto","","nuevo leon","Entregado","Flujo de contactos - Agencia HoyMismo","","2025-03-17 00:26","","","","2025-03-12 09:10","","","","10/3/2025","","","","2025-03-12 09:10","2025-03-12 09:10","","2025-03-12 09:10","","","","","","2025-03-12 09:10","","","","","","","","","2025-03-12 09:10","","","","","","","610","","","Tráfico directo","Integración","Fuentes sin conexión","","","","","","","2025-03-12 09:10","","","","","","","","0.0","","","","","","","","","FREIGHTLINER M2 106 MEDIUM","","","","","0.0","2008","","","","","","","","","1.0","2.0","","0.0","2.0","610","","","","4082301702","","0.0","0.0","","","","","mexico","","","NUEVA GUÍA: WPForms - Nueva Guía - NUEVA GUÍA [194b9d84a58] ","https://estatushoymismo.site/home/exclusivo-socios/nueva/","0.0","Cecy HoyMismo Agencia","","","","","","","","","","","","","","","","","A1 - Importación definitiva","","2025-03-12 09:10","","2025-06-12 10:53","https://estatushoymismo.site/home/exclusivo-socios/nueva/","","2025-03-12 09:10","2025-03-12 09:10","","","","","","1FVACWDCX7DY75578","UTC -05:00 América Monterrey","america_slash_monterrey","","","","","","","","","","","","","","","","","","","","","","","","","","28436146433;28436922739","","","","","","","","","","","","","","","","","","","","","74800711174","","",""
"105378526738","Daniel","Miranda Romero","Cecy HoyMismo Agencia","","estatushoymismo.site/home/exclusivo-socios/nueva","estatushoymismo.site/home/exclusivo-socios/nueva","","","","","","","","","","","","","1.0","","","","","nle","","mx","","","","GRIS"," --","true","NUEVA GUÍA: WPForms - Nueva Guía - NUEVA GUÍA [194b9d84a58] ","damiro12122222@yahoo.com","","","","","","","","","","","2025-03-11 15:48","","","WPForms","","","","","","","","","yahoo.com","0.0","","","","","","Contacto que no es de marketing","Negocio abierto","","nuevo leon","Liberado para entrega","Flujo de contactos - Agencia HoyMismo","","2025-03-17 00:26","","","","2025-03-11 15:48","","","","24/2/2025","","","","2025-03-11 15:48","2025-03-11 15:48","","2025-03-11 15:48","","","","","","2025-03-11 15:48","","","","","","","","","2025-03-11 15:48","","","","","","","604","","","Tráfico directo","Integración","Tráfico directo","","","","","","","2025-03-11 15:48","","","","","","","","0.0","","","","","","","","","FORD EXPLORER","","","","","0.0","2017","","","","","","","","","1.0","2.0","","0.0","2.0","604","","","","509 393 6510","","0.0","0.0","","","","","mexico","","","nueva - Estatus HoyMismo: #wpforms-form-98 .wpforms-validate, .wpforms-form, .wpforms-ajax-form","https://estatushoymismo.site/home/exclusivo-socios/nueva/","0.0","Cecy HoyMismo Agencia","","","","","","","","","","","","","","","","","A3 - Regularización","","2025-03-11 15:48","","2025-08-14 13:14","https://estatushoymismo.site/home/exclusivo-socios/nueva/","","2025-03-11 15:48","2025-03-11 15:48","","","","","","1FM5K8AR8HGC14549","UTC -05:00 América Monterrey","america_slash_monterrey","","","","","","","","","","","","","","","","","","","","","","","","","","28431516983;28439529484","","","","","","","","","","","","","","","","","","","","","74743598175","","",""
"105364746084","Trinidad (Isaías)","Valiente Marquez","Cecy HoyMismo Agencia","","estatushoymismo.site/home/exclusivo-socios/nueva","estatushoymismo.site/home/exclusivo-socios/nueva","","","","","","","","","","","","","1.0","","","","","nle","","mx","","","","NEGRO"," --","true","NUEVA GUÍA: WPForms - Nueva Guía - NUEVA GUÍA [194b9d84a58] ","trinidadvm90@gmail.com","","","","","","","","","","","2025-03-11 15:01","","","WPForms","","","","","","","","","gmail.com","0.0","","","","","","Contacto que no es de marketing","Negocio abierto","","nuevo leon","Entregado","Flujo de contactos - Agencia HoyMismo","","2025-03-18 19:39","","","","2025-03-11 15:01","","","","5/3/2025","","","","2025-03-11 15:01","2025-03-11 15:01","","2025-03-11 15:01","","","","","","2025-03-11 15:01","","","","","","","","","2025-03-11 15:01","","","","","","","608","","","Tráfico directo","Integración","Tráfico directo","","","","","","","2025-03-11 15:01","","","","","","","","0.0","","","","","","","","","TOYOTA TACOMA","","","","","0.0","2005","","","","","","","","","1.0","2.0","","0.0","2.0","608","","","","503 734 6473","","0.0","0.0","","","","","mexico","","","nueva - Estatus HoyMismo: #wpforms-form-98 .wpforms-validate, .wpforms-form, .wpforms-ajax-form","https://estatushoymismo.site/home/exclusivo-socios/nueva/","0.0","Cecy HoyMismo Agencia","","","","","","","","","","","","","","","","","A3 - Regularización","","2025-03-11 15:01","","2025-06-12 10:52","https://estatushoymismo.site/home/exclusivo-socios/nueva/","","2025-03-11 15:01","2025-03-11 15:01","","","","","","5TETU22N05Z033416","UTC -05:00 América Monterrey","america_slash_monterrey","","","","","","","","","","","","","","","","","","","","","","","","","","28433564299;28440595260","","","","","","","","","","","","","","","","","","","","","74731342960","","",""
